scenario,spin,target_hit,cusum_score,cusum_threshold,null_probability,alternative_probability,seed,showcase_paths,monte_carlo_experiments,monte_carlo_experiment_count,true_change_spin,first_alarm,detection_delay,false_alarm_rate,median_detection_delay,false_alarm_definition,no_alarm_sentinel
fair_null,1,0,0,4,0.027027027027,0.06,20261232,1,3000,3000,0,0,-1,0.149666666667,-1,any_alarm_under_fair_null,first_alarm=0; detection_delay=-1
fair_null,2,0,0,4,0.027027027027,0.06,20261232,1,3000,3000,0,0,-1,0.149666666667,-1,any_alarm_under_fair_null,first_alarm=0; detection_delay=-1
fair_null,3,0,0,4,0.027027027027,0.06,20261232,1,3000,3000,0,0,-1,0.149666666667,-1,any_alarm_under_fair_null,first_alarm=0; detection_delay=-1
fair_null,4,0,0,4,0.027027027027,0.06,20261232,1,3000,3000,0,0,-1,0.149666666667,-1,any_alarm_under_fair_null,first_alarm=0; detection_delay=-1
fair_null,5,0,0,4,0.027027027027,0.06,20261232,1,3000,3000,0,0,-1,0.149666666667,-1,any_alarm_under_fair_null,first_alarm=0; detection_delay=-1
fair_null,6,0,0,4,0.027027027027,0.06,20261232,1,3000,3000,0,0,-1,0.149666666667,-1,any_alarm_under_fair_null,first_alarm=0; detection_delay=-1
fair_null,7,0,0,4,0.027027027027,0.06,20261232,1,3000,3000,0,0,-1,0.149666666667,-1,any_alarm_under_fair_null,first_alarm=0; detection_delay=-1
fair_null,8,0,0,4,0.027027027027,0.06,20261232,1,3000,3000,0,0,-1,0.149666666667,-1,any_alarm_under_fair_null,first_alarm=0; detection_delay=-1
fair_null,9,0,0,4,0.027027027027,0.06,20261232,1,3000,3000,0,0,-1,0.149666666667,-1,any_alarm_under_fair_null,first_alarm=0; detection_delay=-1
fair_null,10,0,0,4,0.027027027027,0.06,20261232,1,3000,3000,0,0,-1,0.149666666667,-1,any_alarm_under_fair_null,first_alarm=0; detection_delay=-1
fair_null,11,0,0,4,0.027027027027,0.06,20261232,1,3000,3000,0,0,-1,0.149666666667,-1,any_alarm_under_fair_null,first_alarm=0; detection_delay=-1
fair_null,12,0,0,4,0.027027027027,0.06,20261232,1,3000,3000,0,0,-1,0.149666666667,-1,any_alarm_under_fair_null,first_alarm=0; detection_delay=-1
fair_null,13,0,0,4,0.027027027027,0.06,20261232,1,3000,3000,0,0,-1,0.149666666667,-1,any_alarm_under_fair_null,first_alarm=0; detection_delay=-1
fair_null,14,0,0,4,0.027027027027,0.06,20261232,1,3000,3000,0,0,-1,0.149666666667,-1,any_alarm_under_fair_null,first_alarm=0; detection_delay=-1
fair_null,15,0,0,4,0.027027027027,0.06,20261232,1,3000,3000,0,0,-1,0.149666666667,-1,any_alarm_under_fair_null,first_alarm=0; detection_delay=-1
fair_null,16,0,0,4,0.027027027027,0.06,20261232,1,3000,3000,0,0,-1,0.149666666667,-1,any_alarm_under_fair_null,first_alarm=0; detection_delay=-1
fair_null,17,0,0,4,0.027027027027,0.06,20261232,1,3000,3000,0,0,-1,0.149666666667,-1,any_alarm_under_fair_null,first_alarm=0; detection_delay=-1
fair_null,18,0,0,4,0.027027027027,0.06,20261232,1,3000,3000,0,0,-1,0.149666666667,-1,any_alarm_under_fair_null,first_alarm=0; detection_delay=-1
fair_null,19,0,0,4,0.027027027027,0.06,20261232,1,3000,3000,0,0,-1,0.149666666667,-1,any_alarm_under_fair_null,first_alarm=0; detection_delay=-1
fair_null,20,0,0,4,0.027027027027,0.06,20261232,1,3000,3000,0,0,-1,0.149666666667,-1,any_alarm_under_fair_null,first_alarm=0; detection_delay=-1
fair_null,21,0,0,4,0.027027027027,0.06,20261232,1,3000,3000,0,0,-1,0.149666666667,-1,any_alarm_under_fair_null,first_alarm=0; detection_delay=-1
fair_null,22,0,0,4,0.027027027027,0.06,20261232,1,3000,3000,0,0,-1,0.149666666667,-1,any_alarm_under_fair_null,first_alarm=0; detection_delay=-1
fair_null,23,0,0,4,0.027027027027,0.06,20261232,1,3000,3000,0,0,-1,0.149666666667,-1,any_alarm_under_fair_null,first_alarm=0; detection_delay=-1
fair_null,24,0,0,4,0.027027027027,0.06,20261232,1,3000,3000,0,0,-1,0.149666666667,-1,any_alarm_under_fair_null,first_alarm=0; detection_delay=-1
fair_null,25,0,0,4,0.027027027027,0.06,20261232,1,3000,3000,0,0,-1,0.149666666667,-1,any_alarm_under_fair_null,first_alarm=0; detection_delay=-1
fair_null,26,0,0,4,0.027027027027,0.06,20261232,1,3000,3000,0,0,-1,0.149666666667,-1,any_alarm_under_fair_null,first_alarm=0; detection_delay=-1
fair_null,27,0,0,4,0.027027027027,0.06,20261232,1,3000,3000,0,0,-1,0.149666666667,-1,any_alarm_under_fair_null,first_alarm=0; detection_delay=-1
fair_null,28,0,0,4,0.027027027027,0.06,20261232,1,3000,3000,0,0,-1,0.149666666667,-1,any_alarm_under_fair_null,first_alarm=0; detection_delay=-1
fair_null,29,0,0,4,0.027027027027,0.06,20261232,1,3000,3000,0,0,-1,0.149666666667,-1,any_alarm_under_fair_null,first_alarm=0; detection_delay=-1
fair_null,30,0,0,4,0.027027027027,0.06,20261232,1,3000,3000,0,0,-1,0.149666666667,-1,any_alarm_under_fair_null,first_alarm=0; detection_delay=-1
fair_null,31,0,0,4,0.027027027027,0.06,20261232,1,3000,3000,0,0,-1,0.149666666667,-1,any_alarm_under_fair_null,first_alarm=0; detection_delay=-1
fair_null,32,0,0,4,0.027027027027,0.06,20261232,1,3000,3000,0,0,-1,0.149666666667,-1,any_alarm_under_fair_null,first_alarm=0; detection_delay=-1
fair_null,33,0,0,4,0.027027027027,0.06,20261232,1,3000,3000,0,0,-1,0.149666666667,-1,any_alarm_under_fair_null,first_alarm=0; detection_delay=-1
fair_null,34,0,0,4,0.027027027027,0.06,20261232,1,3000,3000,0,0,-1,0.149666666667,-1,any_alarm_under_fair_null,first_alarm=0; detection_delay=-1
fair_null,35,0,0,4,0.027027027027,0.06,20261232,1,3000,3000,0,0,-1,0.149666666667,-1,any_alarm_under_fair_null,first_alarm=0; detection_delay=-1
fair_null,36,1,0.797507195884,4,0.027027027027,0.06,20261232,1,3000,3000,0,0,-1,0.149666666667,-1,any_alarm_under_fair_null,first_alarm=0; detection_delay=-1
fair_null,37,0,0.763030766354,4,0.027027027027,0.06,20261232,1,3000,3000,0,0,-1,0.149666666667,-1,any_alarm_under_fair_null,first_alarm=0; detection_delay=-1
fair_null,38,0,0.728554336824,4,0.027027027027,0.06,20261232,1,3000,3000,0,0,-1,0.149666666667,-1,any_alarm_under_fair_null,first_alarm=0; detection_delay=-1
fair_null,39,0,0.694077907294,4,0.027027027027,0.06,20261232,1,3000,3000,0,0,-1,0.149666666667,-1,any_alarm_under_fair_null,first_alarm=0; detection_delay=-1
fair_null,40,0,0.659601477764,4,0.027027027027,0.06,20261232,1,3000,3000,0,0,-1,0.149666666667,-1,any_alarm_under_fair_null,first_alarm=0; detection_delay=-1
fair_null,41,0,0.625125048234,4,0.027027027027,0.06,20261232,1,3000,3000,0,0,-1,0.149666666667,-1,any_alarm_under_fair_null,first_alarm=0; detection_delay=-1
fair_null,42,0,0.590648618704,4,0.027027027027,0.06,20261232,1,3000,3000,0,0,-1,0.149666666667,-1,any_alarm_under_fair_null,first_alarm=0; detection_delay=-1
fair_null,43,0,0.556172189174,4,0.027027027027,0.06,20261232,1,3000,3000,0,0,-1,0.149666666667,-1,any_alarm_under_fair_null,first_alarm=0; detection_delay=-1
fair_null,44,0,0.521695759644,4,0.027027027027,0.06,20261232,1,3000,3000,0,0,-1,0.149666666667,-1,any_alarm_under_fair_null,first_alarm=0; detection_delay=-1
fair_null,45,0,0.487219330114,4,0.027027027027,0.06,20261232,1,3000,3000,0,0,-1,0.149666666667,-1,any_alarm_under_fair_null,first_alarm=0; detection_delay=-1
fair_null,46,0,0.452742900584,4,0.027027027027,0.06,20261232,1,3000,3000,0,0,-1,0.149666666667,-1,any_alarm_under_fair_null,first_alarm=0; detection_delay=-1
fair_null,47,0,0.418266471054,4,0.027027027027,0.06,20261232,1,3000,3000,0,0,-1,0.149666666667,-1,any_alarm_under_fair_null,first_alarm=0; detection_delay=-1
fair_null,48,0,0.383790041525,4,0.027027027027,0.06,20261232,1,3000,3000,0,0,-1,0.149666666667,-1,any_alarm_under_fair_null,first_alarm=0; detection_delay=-1
fair_null,49,0,0.349313611995,4,0.027027027027,0.06,20261232,1,3000,3000,0,0,-1,0.149666666667,-1,any_alarm_under_fair_null,first_alarm=0; detection_delay=-1
fair_null,50,0,0.314837182465,4,0.027027027027,0.06,20261232,1,3000,3000,0,0,-1,0.149666666667,-1,any_alarm_under_fair_null,first_alarm=0; detection_delay=-1
fair_null,51,0,0.280360752935,4,0.027027027027,0.06,20261232,1,3000,3000,0,0,-1,0.149666666667,-1,any_alarm_under_fair_null,first_alarm=0; detection_delay=-1
fair_null,52,0,0.245884323405,4,0.027027027027,0.06,20261232,1,3000,3000,0,0,-1,0.149666666667,-1,any_alarm_under_fair_null,first_alarm=0; detection_delay=-1
fair_null,53,0,0.211407893875,4,0.027027027027,0.06,20261232,1,3000,3000,0,0,-1,0.149666666667,-1,any_alarm_under_fair_null,first_alarm=0; detection_delay=-1
fair_null,54,0,0.176931464345,4,0.027027027027,0.06,20261232,1,3000,3000,0,0,-1,0.149666666667,-1,any_alarm_under_fair_null,first_alarm=0; detection_delay=-1
fair_null,55,1,0.974438660229,4,0.027027027027,0.06,20261232,1,3000,3000,0,0,-1,0.149666666667,-1,any_alarm_under_fair_null,first_alarm=0; detection_delay=-1
fair_null,56,0,0.939962230699,4,0.027027027027,0.06,20261232,1,3000,3000,0,0,-1,0.149666666667,-1,any_alarm_under_fair_null,first_alarm=0; detection_delay=-1
fair_null,57,0,0.905485801169,4,0.027027027027,0.06,20261232,1,3000,3000,0,0,-1,0.149666666667,-1,any_alarm_under_fair_null,first_alarm=0; detection_delay=-1
fair_null,58,0,0.871009371639,4,0.027027027027,0.06,20261232,1,3000,3000,0,0,-1,0.149666666667,-1,any_alarm_under_fair_null,first_alarm=0; detection_delay=-1
fair_null,59,0,0.836532942109,4,0.027027027027,0.06,20261232,1,3000,3000,0,0,-1,0.149666666667,-1,any_alarm_under_fair_null,first_alarm=0; detection_delay=-1
fair_null,60,0,0.802056512579,4,0.027027027027,0.06,20261232,1,3000,3000,0,0,-1,0.149666666667,-1,any_alarm_under_fair_null,first_alarm=0; detection_delay=-1
fair_null,61,1,1.59956370846,4,0.027027027027,0.06,20261232,1,3000,3000,0,0,-1,0.149666666667,-1,any_alarm_under_fair_null,first_alarm=0; detection_delay=-1
fair_null,62,0,1.56508727893,4,0.027027027027,0.06,20261232,1,3000,3000,0,0,-1,0.149666666667,-1,any_alarm_under_fair_null,first_alarm=0; detection_delay=-1
fair_null,63,0,1.5306108494,4,0.027027027027,0.06,20261232,1,3000,3000,0,0,-1,0.149666666667,-1,any_alarm_under_fair_null,first_alarm=0; detection_delay=-1
fair_null,64,0,1.49613441987,4,0.027027027027,0.06,20261232,1,3000,3000,0,0,-1,0.149666666667,-1,any_alarm_under_fair_null,first_alarm=0; detection_delay=-1
fair_null,65,0,1.46165799034,4,0.027027027027,0.06,20261232,1,3000,3000,0,0,-1,0.149666666667,-1,any_alarm_under_fair_null,first_alarm=0; detection_delay=-1
fair_null,66,0,1.42718156081,4,0.027027027027,0.06,20261232,1,3000,3000,0,0,-1,0.149666666667,-1,any_alarm_under_fair_null,first_alarm=0; detection_delay=-1
fair_null,67,0,1.39270513128,4,0.027027027027,0.06,20261232,1,3000,3000,0,0,-1,0.149666666667,-1,any_alarm_under_fair_null,first_alarm=0; detection_delay=-1
fair_null,68,0,1.35822870175,4,0.027027027027,0.06,20261232,1,3000,3000,0,0,-1,0.149666666667,-1,any_alarm_under_fair_null,first_alarm=0; detection_delay=-1
fair_null,69,0,1.32375227222,4,0.027027027027,0.06,20261232,1,3000,3000,0,0,-1,0.149666666667,-1,any_alarm_under_fair_null,first_alarm=0; detection_delay=-1
fair_null,70,0,1.28927584269,4,0.027027027027,0.06,20261232,1,3000,3000,0,0,-1,0.149666666667,-1,any_alarm_under_fair_null,first_alarm=0; detection_delay=-1
fair_null,71,0,1.25479941316,4,0.027027027027,0.06,20261232,1,3000,3000,0,0,-1,0.149666666667,-1,any_alarm_under_fair_null,first_alarm=0; detection_delay=-1
fair_null,72,0,1.22032298363,4,0.027027027027,0.06,20261232,1,3000,3000,0,0,-1,0.149666666667,-1,any_alarm_under_fair_null,first_alarm=0; detection_delay=-1
fair_null,73,0,1.1858465541,4,0.027027027027,0.06,20261232,1,3000,3000,0,0,-1,0.149666666667,-1,any_alarm_under_fair_null,first_alarm=0; detection_delay=-1
fair_null,74,1,1.98335374999,4,0.027027027027,0.06,20261232,1,3000,3000,0,0,-1,0.149666666667,-1,any_alarm_under_fair_null,first_alarm=0; detection_delay=-1
fair_null,75,0,1.94887732046,4,0.027027027027,0.06,20261232,1,3000,3000,0,0,-1,0.149666666667,-1,any_alarm_under_fair_null,first_alarm=0; detection_delay=-1
fair_null,76,0,1.91440089093,4,0.027027027027,0.06,20261232,1,3000,3000,0,0,-1,0.149666666667,-1,any_alarm_under_fair_null,first_alarm=0; detection_delay=-1
fair_null,77,0,1.8799244614,4,0.027027027027,0.06,20261232,1,3000,3000,0,0,-1,0.149666666667,-1,any_alarm_under_fair_null,first_alarm=0; detection_delay=-1
fair_null,78,0,1.84544803187,4,0.027027027027,0.06,20261232,1,3000,3000,0,0,-1,0.149666666667,-1,any_alarm_under_fair_null,first_alarm=0; detection_delay=-1
fair_null,79,0,1.81097160234,4,0.027027027027,0.06,20261232,1,3000,3000,0,0,-1,0.149666666667,-1,any_alarm_under_fair_null,first_alarm=0; detection_delay=-1
fair_null,80,0,1.77649517281,4,0.027027027027,0.06,20261232,1,3000,3000,0,0,-1,0.149666666667,-1,any_alarm_under_fair_null,first_alarm=0; detection_delay=-1
fair_null,81,0,1.74201874328,4,0.027027027027,0.06,20261232,1,3000,3000,0,0,-1,0.149666666667,-1,any_alarm_under_fair_null,first_alarm=0; detection_delay=-1
fair_null,82,0,1.70754231375,4,0.027027027027,0.06,20261232,1,3000,3000,0,0,-1,0.149666666667,-1,any_alarm_under_fair_null,first_alarm=0; detection_delay=-1
fair_null,83,0,1.67306588422,4,0.027027027027,0.06,20261232,1,3000,3000,0,0,-1,0.149666666667,-1,any_alarm_under_fair_null,first_alarm=0; detection_delay=-1
fair_null,84,0,1.63858945469,4,0.027027027027,0.06,20261232,1,3000,3000,0,0,-1,0.149666666667,-1,any_alarm_under_fair_null,first_alarm=0; detection_delay=-1
fair_null,85,0,1.60411302516,4,0.027027027027,0.06,20261232,1,3000,3000,0,0,-1,0.149666666667,-1,any_alarm_under_fair_null,first_alarm=0; detection_delay=-1
fair_null,86,0,1.56963659563,4,0.027027027027,0.06,20261232,1,3000,3000,0,0,-1,0.149666666667,-1,any_alarm_under_fair_null,first_alarm=0; detection_delay=-1
fair_null,87,0,1.5351601661,4,0.027027027027,0.06,20261232,1,3000,3000,0,0,-1,0.149666666667,-1,any_alarm_under_fair_null,first_alarm=0; detection_delay=-1
fair_null,88,0,1.50068373657,4,0.027027027027,0.06,20261232,1,3000,3000,0,0,-1,0.149666666667,-1,any_alarm_under_fair_null,first_alarm=0; detection_delay=-1
fair_null,89,0,1.46620730704,4,0.027027027027,0.06,20261232,1,3000,3000,0,0,-1,0.149666666667,-1,any_alarm_under_fair_null,first_alarm=0; detection_delay=-1
fair_null,90,0,1.43173087751,4,0.027027027027,0.06,20261232,1,3000,3000,0,0,-1,0.149666666667,-1,any_alarm_under_fair_null,first_alarm=0; detection_delay=-1
fair_null,91,0,1.39725444798,4,0.027027027027,0.06,20261232,1,3000,3000,0,0,-1,0.149666666667,-1,any_alarm_under_fair_null,first_alarm=0; detection_delay=-1
fair_null,92,0,1.36277801845,4,0.027027027027,0.06,20261232,1,3000,3000,0,0,-1,0.149666666667,-1,any_alarm_under_fair_null,first_alarm=0; detection_delay=-1
fair_null,93,1,2.16028521433,4,0.027027027027,0.06,20261232,1,3000,3000,0,0,-1,0.149666666667,-1,any_alarm_under_fair_null,first_alarm=0; detection_delay=-1
fair_null,94,0,2.1258087848,4,0.027027027027,0.06,20261232,1,3000,3000,0,0,-1,0.149666666667,-1,any_alarm_under_fair_null,first_alarm=0; detection_delay=-1
fair_null,95,0,2.09133235527,4,0.027027027027,0.06,20261232,1,3000,3000,0,0,-1,0.149666666667,-1,any_alarm_under_fair_null,first_alarm=0; detection_delay=-1
fair_null,96,0,2.05685592574,4,0.027027027027,0.06,20261232,1,3000,3000,0,0,-1,0.149666666667,-1,any_alarm_under_fair_null,first_alarm=0; detection_delay=-1
fair_null,97,0,2.02237949621,4,0.027027027027,0.06,20261232,1,3000,3000,0,0,-1,0.149666666667,-1,any_alarm_under_fair_null,first_alarm=0; detection_delay=-1
fair_null,98,0,1.98790306668,4,0.027027027027,0.06,20261232,1,3000,3000,0,0,-1,0.149666666667,-1,any_alarm_under_fair_null,first_alarm=0; detection_delay=-1
fair_null,99,0,1.95342663715,4,0.027027027027,0.06,20261232,1,3000,3000,0,0,-1,0.149666666667,-1,any_alarm_under_fair_null,first_alarm=0; detection_delay=-1
fair_null,100,0,1.91895020762,4,0.027027027027,0.06,20261232,1,3000,3000,0,0,-1,0.149666666667,-1,any_alarm_under_fair_null,first_alarm=0; detection_delay=-1
fair_null,101,0,1.88447377809,4,0.027027027027,0.06,20261232,1,3000,3000,0,0,-1,0.149666666667,-1,any_alarm_under_fair_null,first_alarm=0; detection_delay=-1
fair_null,102,0,1.84999734856,4,0.027027027027,0.06,20261232,1,3000,3000,0,0,-1,0.149666666667,-1,any_alarm_under_fair_null,first_alarm=0; detection_delay=-1
fair_null,103,0,1.81552091903,4,0.027027027027,0.06,20261232,1,3000,3000,0,0,-1,0.149666666667,-1,any_alarm_under_fair_null,first_alarm=0; detection_delay=-1
fair_null,104,0,1.7810444895,4,0.027027027027,0.06,20261232,1,3000,3000,0,0,-1,0.149666666667,-1,any_alarm_under_fair_null,first_alarm=0; detection_delay=-1
fair_null,105,0,1.74656805997,4,0.027027027027,0.06,20261232,1,3000,3000,0,0,-1,0.149666666667,-1,any_alarm_under_fair_null,first_alarm=0; detection_delay=-1
fair_null,106,0,1.71209163044,4,0.027027027027,0.06,20261232,1,3000,3000,0,0,-1,0.149666666667,-1,any_alarm_under_fair_null,first_alarm=0; detection_delay=-1
fair_null,107,0,1.67761520091,4,0.027027027027,0.06,20261232,1,3000,3000,0,0,-1,0.149666666667,-1,any_alarm_under_fair_null,first_alarm=0; detection_delay=-1
fair_null,108,0,1.64313877138,4,0.027027027027,0.06,20261232,1,3000,3000,0,0,-1,0.149666666667,-1,any_alarm_under_fair_null,first_alarm=0; detection_delay=-1
fair_null,109,0,1.60866234185,4,0.027027027027,0.06,20261232,1,3000,3000,0,0,-1,0.149666666667,-1,any_alarm_under_fair_null,first_alarm=0; detection_delay=-1
fair_null,110,0,1.57418591232,4,0.027027027027,0.06,20261232,1,3000,3000,0,0,-1,0.149666666667,-1,any_alarm_under_fair_null,first_alarm=0; detection_delay=-1
fair_null,111,0,1.53970948279,4,0.027027027027,0.06,20261232,1,3000,3000,0,0,-1,0.149666666667,-1,any_alarm_under_fair_null,first_alarm=0; detection_delay=-1
fair_null,112,0,1.50523305326,4,0.027027027027,0.06,20261232,1,3000,3000,0,0,-1,0.149666666667,-1,any_alarm_under_fair_null,first_alarm=0; detection_delay=-1
fair_null,113,0,1.47075662373,4,0.027027027027,0.06,20261232,1,3000,3000,0,0,-1,0.149666666667,-1,any_alarm_under_fair_null,first_alarm=0; detection_delay=-1
fair_null,114,0,1.4362801942,4,0.027027027027,0.06,20261232,1,3000,3000,0,0,-1,0.149666666667,-1,any_alarm_under_fair_null,first_alarm=0; detection_delay=-1
fair_null,115,0,1.40180376467,4,0.027027027027,0.06,20261232,1,3000,3000,0,0,-1,0.149666666667,-1,any_alarm_under_fair_null,first_alarm=0; detection_delay=-1
fair_null,116,0,1.36732733514,4,0.027027027027,0.06,20261232,1,3000,3000,0,0,-1,0.149666666667,-1,any_alarm_under_fair_null,first_alarm=0; detection_delay=-1
fair_null,117,0,1.33285090561,4,0.027027027027,0.06,20261232,1,3000,3000,0,0,-1,0.149666666667,-1,any_alarm_under_fair_null,first_alarm=0; detection_delay=-1
fair_null,118,0,1.29837447608,4,0.027027027027,0.06,20261232,1,3000,3000,0,0,-1,0.149666666667,-1,any_alarm_under_fair_null,first_alarm=0; detection_delay=-1
fair_null,119,0,1.26389804655,4,0.027027027027,0.06,20261232,1,3000,3000,0,0,-1,0.149666666667,-1,any_alarm_under_fair_null,first_alarm=0; detection_delay=-1
fair_null,120,0,1.22942161702,4,0.027027027027,0.06,20261232,1,3000,3000,0,0,-1,0.149666666667,-1,any_alarm_under_fair_null,first_alarm=0; detection_delay=-1
fair_null,121,0,1.19494518749,4,0.027027027027,0.06,20261232,1,3000,3000,0,0,-1,0.149666666667,-1,any_alarm_under_fair_null,first_alarm=0; detection_delay=-1
fair_null,122,0,1.16046875796,4,0.027027027027,0.06,20261232,1,3000,3000,0,0,-1,0.149666666667,-1,any_alarm_under_fair_null,first_alarm=0; detection_delay=-1
fair_null,123,0,1.12599232843,4,0.027027027027,0.06,20261232,1,3000,3000,0,0,-1,0.149666666667,-1,any_alarm_under_fair_null,first_alarm=0; detection_delay=-1
fair_null,124,0,1.0915158989,4,0.027027027027,0.06,20261232,1,3000,3000,0,0,-1,0.149666666667,-1,any_alarm_under_fair_null,first_alarm=0; detection_delay=-1
fair_null,125,0,1.05703946937,4,0.027027027027,0.06,20261232,1,3000,3000,0,0,-1,0.149666666667,-1,any_alarm_under_fair_null,first_alarm=0; detection_delay=-1
fair_null,126,0,1.02256303984,4,0.027027027027,0.06,20261232,1,3000,3000,0,0,-1,0.149666666667,-1,any_alarm_under_fair_null,first_alarm=0; detection_delay=-1
fair_null,127,0,0.988086610313,4,0.027027027027,0.06,20261232,1,3000,3000,0,0,-1,0.149666666667,-1,any_alarm_under_fair_null,first_alarm=0; detection_delay=-1
fair_null,128,0,0.953610180783,4,0.027027027027,0.06,20261232,1,3000,3000,0,0,-1,0.149666666667,-1,any_alarm_under_fair_null,first_alarm=0; detection_delay=-1
fair_null,129,0,0.919133751253,4,0.027027027027,0.06,20261232,1,3000,3000,0,0,-1,0.149666666667,-1,any_alarm_under_fair_null,first_alarm=0; detection_delay=-1
fair_null,130,0,0.884657321723,4,0.027027027027,0.06,20261232,1,3000,3000,0,0,-1,0.149666666667,-1,any_alarm_under_fair_null,first_alarm=0; detection_delay=-1
fair_null,131,0,0.850180892193,4,0.027027027027,0.06,20261232,1,3000,3000,0,0,-1,0.149666666667,-1,any_alarm_under_fair_null,first_alarm=0; detection_delay=-1
fair_null,132,0,0.815704462663,4,0.027027027027,0.06,20261232,1,3000,3000,0,0,-1,0.149666666667,-1,any_alarm_under_fair_null,first_alarm=0; detection_delay=-1
fair_null,133,0,0.781228033133,4,0.027027027027,0.06,20261232,1,3000,3000,0,0,-1,0.149666666667,-1,any_alarm_under_fair_null,first_alarm=0; detection_delay=-1
fair_null,134,0,0.746751603603,4,0.027027027027,0.06,20261232,1,3000,3000,0,0,-1,0.149666666667,-1,any_alarm_under_fair_null,first_alarm=0; detection_delay=-1
fair_null,135,0,0.712275174073,4,0.027027027027,0.06,20261232,1,3000,3000,0,0,-1,0.149666666667,-1,any_alarm_under_fair_null,first_alarm=0; detection_delay=-1
fair_null,136,0,0.677798744544,4,0.027027027027,0.06,20261232,1,3000,3000,0,0,-1,0.149666666667,-1,any_alarm_under_fair_null,first_alarm=0; detection_delay=-1
fair_null,137,0,0.643322315014,4,0.027027027027,0.06,20261232,1,3000,3000,0,0,-1,0.149666666667,-1,any_alarm_under_fair_null,first_alarm=0; detection_delay=-1
fair_null,138,0,0.608845885484,4,0.027027027027,0.06,20261232,1,3000,3000,0,0,-1,0.149666666667,-1,any_alarm_under_fair_null,first_alarm=0; detection_delay=-1
fair_null,139,0,0.574369455954,4,0.027027027027,0.06,20261232,1,3000,3000,0,0,-1,0.149666666667,-1,any_alarm_under_fair_null,first_alarm=0; detection_delay=-1
fair_null,140,0,0.539893026424,4,0.027027027027,0.06,20261232,1,3000,3000,0,0,-1,0.149666666667,-1,any_alarm_under_fair_null,first_alarm=0; detection_delay=-1
fair_null,141,0,0.505416596894,4,0.027027027027,0.06,20261232,1,3000,3000,0,0,-1,0.149666666667,-1,any_alarm_under_fair_null,first_alarm=0; detection_delay=-1
fair_null,142,0,0.470940167364,4,0.027027027027,0.06,20261232,1,3000,3000,0,0,-1,0.149666666667,-1,any_alarm_under_fair_null,first_alarm=0; detection_delay=-1
fair_null,143,0,0.436463737834,4,0.027027027027,0.06,20261232,1,3000,3000,0,0,-1,0.149666666667,-1,any_alarm_under_fair_null,first_alarm=0; detection_delay=-1
fair_null,144,0,0.401987308304,4,0.027027027027,0.06,20261232,1,3000,3000,0,0,-1,0.149666666667,-1,any_alarm_under_fair_null,first_alarm=0; detection_delay=-1
fair_null,145,0,0.367510878774,4,0.027027027027,0.06,20261232,1,3000,3000,0,0,-1,0.149666666667,-1,any_alarm_under_fair_null,first_alarm=0; detection_delay=-1
fair_null,146,0,0.333034449244,4,0.027027027027,0.06,20261232,1,3000,3000,0,0,-1,0.149666666667,-1,any_alarm_under_fair_null,first_alarm=0; detection_delay=-1
fair_null,147,0,0.298558019714,4,0.027027027027,0.06,20261232,1,3000,3000,0,0,-1,0.149666666667,-1,any_alarm_under_fair_null,first_alarm=0; detection_delay=-1
fair_null,148,0,0.264081590184,4,0.027027027027,0.06,20261232,1,3000,3000,0,0,-1,0.149666666667,-1,any_alarm_under_fair_null,first_alarm=0; detection_delay=-1
fair_null,149,0,0.229605160654,4,0.027027027027,0.06,20261232,1,3000,3000,0,0,-1,0.149666666667,-1,any_alarm_under_fair_null,first_alarm=0; detection_delay=-1
fair_null,150,0,0.195128731124,4,0.027027027027,0.06,20261232,1,3000,3000,0,0,-1,0.149666666667,-1,any_alarm_under_fair_null,first_alarm=0; detection_delay=-1
fair_null,151,0,0.160652301594,4,0.027027027027,0.06,20261232,1,3000,3000,0,0,-1,0.149666666667,-1,any_alarm_under_fair_null,first_alarm=0; detection_delay=-1
fair_null,152,0,0.126175872064,4,0.027027027027,0.06,20261232,1,3000,3000,0,0,-1,0.149666666667,-1,any_alarm_under_fair_null,first_alarm=0; detection_delay=-1
fair_null,153,0,0.091699442534,4,0.027027027027,0.06,20261232,1,3000,3000,0,0,-1,0.149666666667,-1,any_alarm_under_fair_null,first_alarm=0; detection_delay=-1
fair_null,154,0,0.057223013004,4,0.027027027027,0.06,20261232,1,3000,3000,0,0,-1,0.149666666667,-1,any_alarm_under_fair_null,first_alarm=0; detection_delay=-1
fair_null,155,1,0.854730208888,4,0.027027027027,0.06,20261232,1,3000,3000,0,0,-1,0.149666666667,-1,any_alarm_under_fair_null,first_alarm=0; detection_delay=-1
fair_null,156,0,0.820253779358,4,0.027027027027,0.06,20261232,1,3000,3000,0,0,-1,0.149666666667,-1,any_alarm_under_fair_null,first_alarm=0; detection_delay=-1
fair_null,157,0,0.785777349828,4,0.027027027027,0.06,20261232,1,3000,3000,0,0,-1,0.149666666667,-1,any_alarm_under_fair_null,first_alarm=0; detection_delay=-1
fair_null,158,0,0.751300920298,4,0.027027027027,0.06,20261232,1,3000,3000,0,0,-1,0.149666666667,-1,any_alarm_under_fair_null,first_alarm=0; detection_delay=-1
fair_null,159,0,0.716824490768,4,0.027027027027,0.06,20261232,1,3000,3000,0,0,-1,0.149666666667,-1,any_alarm_under_fair_null,first_alarm=0; detection_delay=-1
fair_null,160,0,0.682348061238,4,0.027027027027,0.06,20261232,1,3000,3000,0,0,-1,0.149666666667,-1,any_alarm_under_fair_null,first_alarm=0; detection_delay=-1
fair_null,161,0,0.647871631708,4,0.027027027027,0.06,20261232,1,3000,3000,0,0,-1,0.149666666667,-1,any_alarm_under_fair_null,first_alarm=0; detection_delay=-1
fair_null,162,0,0.613395202178,4,0.027027027027,0.06,20261232,1,3000,3000,0,0,-1,0.149666666667,-1,any_alarm_under_fair_null,first_alarm=0; detection_delay=-1
fair_null,163,0,0.578918772648,4,0.027027027027,0.06,20261232,1,3000,3000,0,0,-1,0.149666666667,-1,any_alarm_under_fair_null,first_alarm=0; detection_delay=-1
fair_null,164,0,0.544442343118,4,0.027027027027,0.06,20261232,1,3000,3000,0,0,-1,0.149666666667,-1,any_alarm_under_fair_null,first_alarm=0; detection_delay=-1
fair_null,165,0,0.509965913588,4,0.027027027027,0.06,20261232,1,3000,3000,0,0,-1,0.149666666667,-1,any_alarm_under_fair_null,first_alarm=0; detection_delay=-1
fair_null,166,0,0.475489484058,4,0.027027027027,0.06,20261232,1,3000,3000,0,0,-1,0.149666666667,-1,any_alarm_under_fair_null,first_alarm=0; detection_delay=-1
fair_null,167,0,0.441013054529,4,0.027027027027,0.06,20261232,1,3000,3000,0,0,-1,0.149666666667,-1,any_alarm_under_fair_null,first_alarm=0; detection_delay=-1
fair_null,168,1,1.23852025041,4,0.027027027027,0.06,20261232,1,3000,3000,0,0,-1,0.149666666667,-1,any_alarm_under_fair_null,first_alarm=0; detection_delay=-1
fair_null,169,1,2.0360274463,4,0.027027027027,0.06,20261232,1,3000,3000,0,0,-1,0.149666666667,-1,any_alarm_under_fair_null,first_alarm=0; detection_delay=-1
fair_null,170,0,2.00155101677,4,0.027027027027,0.06,20261232,1,3000,3000,0,0,-1,0.149666666667,-1,any_alarm_under_fair_null,first_alarm=0; detection_delay=-1
fair_null,171,0,1.96707458724,4,0.027027027027,0.06,20261232,1,3000,3000,0,0,-1,0.149666666667,-1,any_alarm_under_fair_null,first_alarm=0; detection_delay=-1
fair_null,172,0,1.93259815771,4,0.027027027027,0.06,20261232,1,3000,3000,0,0,-1,0.149666666667,-1,any_alarm_under_fair_null,first_alarm=0; detection_delay=-1
fair_null,173,0,1.89812172818,4,0.027027027027,0.06,20261232,1,3000,3000,0,0,-1,0.149666666667,-1,any_alarm_under_fair_null,first_alarm=0; detection_delay=-1
fair_null,174,0,1.86364529865,4,0.027027027027,0.06,20261232,1,3000,3000,0,0,-1,0.149666666667,-1,any_alarm_under_fair_null,first_alarm=0; detection_delay=-1
fair_null,175,0,1.82916886912,4,0.027027027027,0.06,20261232,1,3000,3000,0,0,-1,0.149666666667,-1,any_alarm_under_fair_null,first_alarm=0; detection_delay=-1
fair_null,176,0,1.79469243959,4,0.027027027027,0.06,20261232,1,3000,3000,0,0,-1,0.149666666667,-1,any_alarm_under_fair_null,first_alarm=0; detection_delay=-1
fair_null,177,0,1.76021601006,4,0.027027027027,0.06,20261232,1,3000,3000,0,0,-1,0.149666666667,-1,any_alarm_under_fair_null,first_alarm=0; detection_delay=-1
fair_null,178,0,1.72573958053,4,0.027027027027,0.06,20261232,1,3000,3000,0,0,-1,0.149666666667,-1,any_alarm_under_fair_null,first_alarm=0; detection_delay=-1
fair_null,179,0,1.691263151,4,0.027027027027,0.06,20261232,1,3000,3000,0,0,-1,0.149666666667,-1,any_alarm_under_fair_null,first_alarm=0; detection_delay=-1
fair_null,180,0,1.65678672147,4,0.027027027027,0.06,20261232,1,3000,3000,0,0,-1,0.149666666667,-1,any_alarm_under_fair_null,first_alarm=0; detection_delay=-1
fair_null,181,0,1.62231029194,4,0.027027027027,0.06,20261232,1,3000,3000,0,0,-1,0.149666666667,-1,any_alarm_under_fair_null,first_alarm=0; detection_delay=-1
fair_null,182,0,1.58783386241,4,0.027027027027,0.06,20261232,1,3000,3000,0,0,-1,0.149666666667,-1,any_alarm_under_fair_null,first_alarm=0; detection_delay=-1
fair_null,183,0,1.55335743288,4,0.027027027027,0.06,20261232,1,3000,3000,0,0,-1,0.149666666667,-1,any_alarm_under_fair_null,first_alarm=0; detection_delay=-1
fair_null,184,0,1.51888100335,4,0.027027027027,0.06,20261232,1,3000,3000,0,0,-1,0.149666666667,-1,any_alarm_under_fair_null,first_alarm=0; detection_delay=-1
fair_null,185,0,1.48440457382,4,0.027027027027,0.06,20261232,1,3000,3000,0,0,-1,0.149666666667,-1,any_alarm_under_fair_null,first_alarm=0; detection_delay=-1
fair_null,186,0,1.44992814429,4,0.027027027027,0.06,20261232,1,3000,3000,0,0,-1,0.149666666667,-1,any_alarm_under_fair_null,first_alarm=0; detection_delay=-1
fair_null,187,0,1.41545171476,4,0.027027027027,0.06,20261232,1,3000,3000,0,0,-1,0.149666666667,-1,any_alarm_under_fair_null,first_alarm=0; detection_delay=-1
fair_null,188,0,1.38097528523,4,0.027027027027,0.06,20261232,1,3000,3000,0,0,-1,0.149666666667,-1,any_alarm_under_fair_null,first_alarm=0; detection_delay=-1
fair_null,189,0,1.3464988557,4,0.027027027027,0.06,20261232,1,3000,3000,0,0,-1,0.149666666667,-1,any_alarm_under_fair_null,first_alarm=0; detection_delay=-1
fair_null,190,1,2.14400605158,4,0.027027027027,0.06,20261232,1,3000,3000,0,0,-1,0.149666666667,-1,any_alarm_under_fair_null,first_alarm=0; detection_delay=-1
fair_null,191,0,2.10952962205,4,0.027027027027,0.06,20261232,1,3000,3000,0,0,-1,0.149666666667,-1,any_alarm_under_fair_null,first_alarm=0; detection_delay=-1
fair_null,192,0,2.07505319252,4,0.027027027027,0.06,20261232,1,3000,3000,0,0,-1,0.149666666667,-1,any_alarm_under_fair_null,first_alarm=0; detection_delay=-1
fair_null,193,0,2.04057676299,4,0.027027027027,0.06,20261232,1,3000,3000,0,0,-1,0.149666666667,-1,any_alarm_under_fair_null,first_alarm=0; detection_delay=-1
fair_null,194,0,2.00610033346,4,0.027027027027,0.06,20261232,1,3000,3000,0,0,-1,0.149666666667,-1,any_alarm_under_fair_null,first_alarm=0; detection_delay=-1
fair_null,195,0,1.97162390393,4,0.027027027027,0.06,20261232,1,3000,3000,0,0,-1,0.149666666667,-1,any_alarm_under_fair_null,first_alarm=0; detection_delay=-1
fair_null,196,0,1.9371474744,4,0.027027027027,0.06,20261232,1,3000,3000,0,0,-1,0.149666666667,-1,any_alarm_under_fair_null,first_alarm=0; detection_delay=-1
fair_null,197,0,1.90267104487,4,0.027027027027,0.06,20261232,1,3000,3000,0,0,-1,0.149666666667,-1,any_alarm_under_fair_null,first_alarm=0; detection_delay=-1
fair_null,198,0,1.86819461534,4,0.027027027027,0.06,20261232,1,3000,3000,0,0,-1,0.149666666667,-1,any_alarm_under_fair_null,first_alarm=0; detection_delay=-1
fair_null,199,0,1.83371818581,4,0.027027027027,0.06,20261232,1,3000,3000,0,0,-1,0.149666666667,-1,any_alarm_under_fair_null,first_alarm=0; detection_delay=-1
fair_null,200,0,1.79924175628,4,0.027027027027,0.06,20261232,1,3000,3000,0,0,-1,0.149666666667,-1,any_alarm_under_fair_null,first_alarm=0; detection_delay=-1
fair_null,201,0,1.76476532675,4,0.027027027027,0.06,20261232,1,3000,3000,0,0,-1,0.149666666667,-1,any_alarm_under_fair_null,first_alarm=0; detection_delay=-1
fair_null,202,0,1.73028889722,4,0.027027027027,0.06,20261232,1,3000,3000,0,0,-1,0.149666666667,-1,any_alarm_under_fair_null,first_alarm=0; detection_delay=-1
fair_null,203,0,1.69581246769,4,0.027027027027,0.06,20261232,1,3000,3000,0,0,-1,0.149666666667,-1,any_alarm_under_fair_null,first_alarm=0; detection_delay=-1
fair_null,204,0,1.66133603816,4,0.027027027027,0.06,20261232,1,3000,3000,0,0,-1,0.149666666667,-1,any_alarm_under_fair_null,first_alarm=0; detection_delay=-1
fair_null,205,0,1.62685960863,4,0.027027027027,0.06,20261232,1,3000,3000,0,0,-1,0.149666666667,-1,any_alarm_under_fair_null,first_alarm=0; detection_delay=-1
fair_null,206,0,1.5923831791,4,0.027027027027,0.06,20261232,1,3000,3000,0,0,-1,0.149666666667,-1,any_alarm_under_fair_null,first_alarm=0; detection_delay=-1
fair_null,207,0,1.55790674957,4,0.027027027027,0.06,20261232,1,3000,3000,0,0,-1,0.149666666667,-1,any_alarm_under_fair_null,first_alarm=0; detection_delay=-1
fair_null,208,0,1.52343032004,4,0.027027027027,0.06,20261232,1,3000,3000,0,0,-1,0.149666666667,-1,any_alarm_under_fair_null,first_alarm=0; detection_delay=-1
fair_null,209,0,1.48895389051,4,0.027027027027,0.06,20261232,1,3000,3000,0,0,-1,0.149666666667,-1,any_alarm_under_fair_null,first_alarm=0; detection_delay=-1
fair_null,210,0,1.45447746098,4,0.027027027027,0.06,20261232,1,3000,3000,0,0,-1,0.149666666667,-1,any_alarm_under_fair_null,first_alarm=0; detection_delay=-1
fair_null,211,0,1.42000103145,4,0.027027027027,0.06,20261232,1,3000,3000,0,0,-1,0.149666666667,-1,any_alarm_under_fair_null,first_alarm=0; detection_delay=-1
fair_null,212,0,1.38552460192,4,0.027027027027,0.06,20261232,1,3000,3000,0,0,-1,0.149666666667,-1,any_alarm_under_fair_null,first_alarm=0; detection_delay=-1
fair_null,213,0,1.35104817239,4,0.027027027027,0.06,20261232,1,3000,3000,0,0,-1,0.149666666667,-1,any_alarm_under_fair_null,first_alarm=0; detection_delay=-1
fair_null,214,0,1.31657174286,4,0.027027027027,0.06,20261232,1,3000,3000,0,0,-1,0.149666666667,-1,any_alarm_under_fair_null,first_alarm=0; detection_delay=-1
fair_null,215,0,1.28209531333,4,0.027027027027,0.06,20261232,1,3000,3000,0,0,-1,0.149666666667,-1,any_alarm_under_fair_null,first_alarm=0; detection_delay=-1
fair_null,216,0,1.2476188838,4,0.027027027027,0.06,20261232,1,3000,3000,0,0,-1,0.149666666667,-1,any_alarm_under_fair_null,first_alarm=0; detection_delay=-1
fair_null,217,0,1.21314245427,4,0.027027027027,0.06,20261232,1,3000,3000,0,0,-1,0.149666666667,-1,any_alarm_under_fair_null,first_alarm=0; detection_delay=-1
fair_null,218,0,1.17866602474,4,0.027027027027,0.06,20261232,1,3000,3000,0,0,-1,0.149666666667,-1,any_alarm_under_fair_null,first_alarm=0; detection_delay=-1
fair_null,219,0,1.14418959521,4,0.027027027027,0.06,20261232,1,3000,3000,0,0,-1,0.149666666667,-1,any_alarm_under_fair_null,first_alarm=0; detection_delay=-1
fair_null,220,0,1.10971316568,4,0.027027027027,0.06,20261232,1,3000,3000,0,0,-1,0.149666666667,-1,any_alarm_under_fair_null,first_alarm=0; detection_delay=-1
fair_null,221,0,1.07523673615,4,0.027027027027,0.06,20261232,1,3000,3000,0,0,-1,0.149666666667,-1,any_alarm_under_fair_null,first_alarm=0; detection_delay=-1
fair_null,222,0,1.04076030662,4,0.027027027027,0.06,20261232,1,3000,3000,0,0,-1,0.149666666667,-1,any_alarm_under_fair_null,first_alarm=0; detection_delay=-1
fair_null,223,0,1.00628387709,4,0.027027027027,0.06,20261232,1,3000,3000,0,0,-1,0.149666666667,-1,any_alarm_under_fair_null,first_alarm=0; detection_delay=-1
fair_null,224,0,0.971807447563,4,0.027027027027,0.06,20261232,1,3000,3000,0,0,-1,0.149666666667,-1,any_alarm_under_fair_null,first_alarm=0; detection_delay=-1
fair_null,225,0,0.937331018033,4,0.027027027027,0.06,20261232,1,3000,3000,0,0,-1,0.149666666667,-1,any_alarm_under_fair_null,first_alarm=0; detection_delay=-1
fair_null,226,0,0.902854588503,4,0.027027027027,0.06,20261232,1,3000,3000,0,0,-1,0.149666666667,-1,any_alarm_under_fair_null,first_alarm=0; detection_delay=-1
fair_null,227,0,0.868378158973,4,0.027027027027,0.06,20261232,1,3000,3000,0,0,-1,0.149666666667,-1,any_alarm_under_fair_null,first_alarm=0; detection_delay=-1
fair_null,228,0,0.833901729443,4,0.027027027027,0.06,20261232,1,3000,3000,0,0,-1,0.149666666667,-1,any_alarm_under_fair_null,first_alarm=0; detection_delay=-1
fair_null,229,0,0.799425299913,4,0.027027027027,0.06,20261232,1,3000,3000,0,0,-1,0.149666666667,-1,any_alarm_under_fair_null,first_alarm=0; detection_delay=-1
fair_null,230,0,0.764948870383,4,0.027027027027,0.06,20261232,1,3000,3000,0,0,-1,0.149666666667,-1,any_alarm_under_fair_null,first_alarm=0; detection_delay=-1
fair_null,231,0,0.730472440853,4,0.027027027027,0.06,20261232,1,3000,3000,0,0,-1,0.149666666667,-1,any_alarm_under_fair_null,first_alarm=0; detection_delay=-1
fair_null,232,0,0.695996011323,4,0.027027027027,0.06,20261232,1,3000,3000,0,0,-1,0.149666666667,-1,any_alarm_under_fair_null,first_alarm=0; detection_delay=-1
fair_null,233,0,0.661519581793,4,0.027027027027,0.06,20261232,1,3000,3000,0,0,-1,0.149666666667,-1,any_alarm_under_fair_null,first_alarm=0; detection_delay=-1
fair_null,234,0,0.627043152263,4,0.027027027027,0.06,20261232,1,3000,3000,0,0,-1,0.149666666667,-1,any_alarm_under_fair_null,first_alarm=0; detection_delay=-1
fair_null,235,0,0.592566722733,4,0.027027027027,0.06,20261232,1,3000,3000,0,0,-1,0.149666666667,-1,any_alarm_under_fair_null,first_alarm=0; detection_delay=-1
fair_null,236,0,0.558090293203,4,0.027027027027,0.06,20261232,1,3000,3000,0,0,-1,0.149666666667,-1,any_alarm_under_fair_null,first_alarm=0; detection_delay=-1
fair_null,237,0,0.523613863673,4,0.027027027027,0.06,20261232,1,3000,3000,0,0,-1,0.149666666667,-1,any_alarm_under_fair_null,first_alarm=0; detection_delay=-1
fair_null,238,0,0.489137434143,4,0.027027027027,0.06,20261232,1,3000,3000,0,0,-1,0.149666666667,-1,any_alarm_under_fair_null,first_alarm=0; detection_delay=-1
fair_null,239,0,0.454661004613,4,0.027027027027,0.06,20261232,1,3000,3000,0,0,-1,0.149666666667,-1,any_alarm_under_fair_null,first_alarm=0; detection_delay=-1
fair_null,240,0,0.420184575083,4,0.027027027027,0.06,20261232,1,3000,3000,0,0,-1,0.149666666667,-1,any_alarm_under_fair_null,first_alarm=0; detection_delay=-1
fair_null,241,0,0.385708145553,4,0.027027027027,0.06,20261232,1,3000,3000,0,0,-1,0.149666666667,-1,any_alarm_under_fair_null,first_alarm=0; detection_delay=-1
fair_null,242,0,0.351231716023,4,0.027027027027,0.06,20261232,1,3000,3000,0,0,-1,0.149666666667,-1,any_alarm_under_fair_null,first_alarm=0; detection_delay=-1
fair_null,243,0,0.316755286493,4,0.027027027027,0.06,20261232,1,3000,3000,0,0,-1,0.149666666667,-1,any_alarm_under_fair_null,first_alarm=0; detection_delay=-1
fair_null,244,0,0.282278856963,4,0.027027027027,0.06,20261232,1,3000,3000,0,0,-1,0.149666666667,-1,any_alarm_under_fair_null,first_alarm=0; detection_delay=-1
fair_null,245,0,0.247802427433,4,0.027027027027,0.06,20261232,1,3000,3000,0,0,-1,0.149666666667,-1,any_alarm_under_fair_null,first_alarm=0; detection_delay=-1
fair_null,246,0,0.213325997903,4,0.027027027027,0.06,20261232,1,3000,3000,0,0,-1,0.149666666667,-1,any_alarm_under_fair_null,first_alarm=0; detection_delay=-1
fair_null,247,0,0.178849568373,4,0.027027027027,0.06,20261232,1,3000,3000,0,0,-1,0.149666666667,-1,any_alarm_under_fair_null,first_alarm=0; detection_delay=-1
fair_null,248,0,0.144373138843,4,0.027027027027,0.06,20261232,1,3000,3000,0,0,-1,0.149666666667,-1,any_alarm_under_fair_null,first_alarm=0; detection_delay=-1
fair_null,249,0,0.109896709313,4,0.027027027027,0.06,20261232,1,3000,3000,0,0,-1,0.149666666667,-1,any_alarm_under_fair_null,first_alarm=0; detection_delay=-1
fair_null,250,0,0.0754202797832,4,0.027027027027,0.06,20261232,1,3000,3000,0,0,-1,0.149666666667,-1,any_alarm_under_fair_null,first_alarm=0; detection_delay=-1
fair_null,251,0,0.0409438502533,4,0.027027027027,0.06,20261232,1,3000,3000,0,0,-1,0.149666666667,-1,any_alarm_under_fair_null,first_alarm=0; detection_delay=-1
fair_null,252,0,0.0064674207233,4,0.027027027027,0.06,20261232,1,3000,3000,0,0,-1,0.149666666667,-1,any_alarm_under_fair_null,first_alarm=0; detection_delay=-1
fair_null,253,0,0,4,0.027027027027,0.06,20261232,1,3000,3000,0,0,-1,0.149666666667,-1,any_alarm_under_fair_null,first_alarm=0; detection_delay=-1
fair_null,254,0,0,4,0.027027027027,0.06,20261232,1,3000,3000,0,0,-1,0.149666666667,-1,any_alarm_under_fair_null,first_alarm=0; detection_delay=-1
fair_null,255,0,0,4,0.027027027027,0.06,20261232,1,3000,3000,0,0,-1,0.149666666667,-1,any_alarm_under_fair_null,first_alarm=0; detection_delay=-1
fair_null,256,0,0,4,0.027027027027,0.06,20261232,1,3000,3000,0,0,-1,0.149666666667,-1,any_alarm_under_fair_null,first_alarm=0; detection_delay=-1
fair_null,257,0,0,4,0.027027027027,0.06,20261232,1,3000,3000,0,0,-1,0.149666666667,-1,any_alarm_under_fair_null,first_alarm=0; detection_delay=-1
fair_null,258,0,0,4,0.027027027027,0.06,20261232,1,3000,3000,0,0,-1,0.149666666667,-1,any_alarm_under_fair_null,first_alarm=0; detection_delay=-1
fair_null,259,0,0,4,0.027027027027,0.06,20261232,1,3000,3000,0,0,-1,0.149666666667,-1,any_alarm_under_fair_null,first_alarm=0; detection_delay=-1
fair_null,260,0,0,4,0.027027027027,0.06,20261232,1,3000,3000,0,0,-1,0.149666666667,-1,any_alarm_under_fair_null,first_alarm=0; detection_delay=-1
fair_null,261,0,0,4,0.027027027027,0.06,20261232,1,3000,3000,0,0,-1,0.149666666667,-1,any_alarm_under_fair_null,first_alarm=0; detection_delay=-1
fair_null,262,0,0,4,0.027027027027,0.06,20261232,1,3000,3000,0,0,-1,0.149666666667,-1,any_alarm_under_fair_null,first_alarm=0; detection_delay=-1
fair_null,263,0,0,4,0.027027027027,0.06,20261232,1,3000,3000,0,0,-1,0.149666666667,-1,any_alarm_under_fair_null,first_alarm=0; detection_delay=-1
fair_null,264,0,0,4,0.027027027027,0.06,20261232,1,3000,3000,0,0,-1,0.149666666667,-1,any_alarm_under_fair_null,first_alarm=0; detection_delay=-1
fair_null,265,0,0,4,0.027027027027,0.06,20261232,1,3000,3000,0,0,-1,0.149666666667,-1,any_alarm_under_fair_null,first_alarm=0; detection_delay=-1
fair_null,266,1,0.797507195884,4,0.027027027027,0.06,20261232,1,3000,3000,0,0,-1,0.149666666667,-1,any_alarm_under_fair_null,first_alarm=0; detection_delay=-1
fair_null,267,0,0.763030766354,4,0.027027027027,0.06,20261232,1,3000,3000,0,0,-1,0.149666666667,-1,any_alarm_under_fair_null,first_alarm=0; detection_delay=-1
fair_null,268,0,0.728554336824,4,0.027027027027,0.06,20261232,1,3000,3000,0,0,-1,0.149666666667,-1,any_alarm_under_fair_null,first_alarm=0; detection_delay=-1
fair_null,269,0,0.694077907294,4,0.027027027027,0.06,20261232,1,3000,3000,0,0,-1,0.149666666667,-1,any_alarm_under_fair_null,first_alarm=0; detection_delay=-1
fair_null,270,0,0.659601477764,4,0.027027027027,0.06,20261232,1,3000,3000,0,0,-1,0.149666666667,-1,any_alarm_under_fair_null,first_alarm=0; detection_delay=-1
fair_null,271,0,0.625125048234,4,0.027027027027,0.06,20261232,1,3000,3000,0,0,-1,0.149666666667,-1,any_alarm_under_fair_null,first_alarm=0; detection_delay=-1
fair_null,272,0,0.590648618704,4,0.027027027027,0.06,20261232,1,3000,3000,0,0,-1,0.149666666667,-1,any_alarm_under_fair_null,first_alarm=0; detection_delay=-1
fair_null,273,0,0.556172189174,4,0.027027027027,0.06,20261232,1,3000,3000,0,0,-1,0.149666666667,-1,any_alarm_under_fair_null,first_alarm=0; detection_delay=-1
fair_null,274,0,0.521695759644,4,0.027027027027,0.06,20261232,1,3000,3000,0,0,-1,0.149666666667,-1,any_alarm_under_fair_null,first_alarm=0; detection_delay=-1
fair_null,275,0,0.487219330114,4,0.027027027027,0.06,20261232,1,3000,3000,0,0,-1,0.149666666667,-1,any_alarm_under_fair_null,first_alarm=0; detection_delay=-1
fair_null,276,0,0.452742900584,4,0.027027027027,0.06,20261232,1,3000,3000,0,0,-1,0.149666666667,-1,any_alarm_under_fair_null,first_alarm=0; detection_delay=-1
fair_null,277,0,0.418266471054,4,0.027027027027,0.06,20261232,1,3000,3000,0,0,-1,0.149666666667,-1,any_alarm_under_fair_null,first_alarm=0; detection_delay=-1
fair_null,278,0,0.383790041525,4,0.027027027027,0.06,20261232,1,3000,3000,0,0,-1,0.149666666667,-1,any_alarm_under_fair_null,first_alarm=0; detection_delay=-1
fair_null,279,0,0.349313611995,4,0.027027027027,0.06,20261232,1,3000,3000,0,0,-1,0.149666666667,-1,any_alarm_under_fair_null,first_alarm=0; detection_delay=-1
fair_null,280,0,0.314837182465,4,0.027027027027,0.06,20261232,1,3000,3000,0,0,-1,0.149666666667,-1,any_alarm_under_fair_null,first_alarm=0; detection_delay=-1
fair_null,281,0,0.280360752935,4,0.027027027027,0.06,20261232,1,3000,3000,0,0,-1,0.149666666667,-1,any_alarm_under_fair_null,first_alarm=0; detection_delay=-1
fair_null,282,0,0.245884323405,4,0.027027027027,0.06,20261232,1,3000,3000,0,0,-1,0.149666666667,-1,any_alarm_under_fair_null,first_alarm=0; detection_delay=-1
fair_null,283,0,0.211407893875,4,0.027027027027,0.06,20261232,1,3000,3000,0,0,-1,0.149666666667,-1,any_alarm_under_fair_null,first_alarm=0; detection_delay=-1
fair_null,284,0,0.176931464345,4,0.027027027027,0.06,20261232,1,3000,3000,0,0,-1,0.149666666667,-1,any_alarm_under_fair_null,first_alarm=0; detection_delay=-1
fair_null,285,0,0.142455034815,4,0.027027027027,0.06,20261232,1,3000,3000,0,0,-1,0.149666666667,-1,any_alarm_under_fair_null,first_alarm=0; detection_delay=-1
fair_null,286,0,0.107978605285,4,0.027027027027,0.06,20261232,1,3000,3000,0,0,-1,0.149666666667,-1,any_alarm_under_fair_null,first_alarm=0; detection_delay=-1
fair_null,287,0,0.0735021757548,4,0.027027027027,0.06,20261232,1,3000,3000,0,0,-1,0.149666666667,-1,any_alarm_under_fair_null,first_alarm=0; detection_delay=-1
fair_null,288,0,0.0390257462248,4,0.027027027027,0.06,20261232,1,3000,3000,0,0,-1,0.149666666667,-1,any_alarm_under_fair_null,first_alarm=0; detection_delay=-1
fair_null,289,0,0.00454931669481,4,0.027027027027,0.06,20261232,1,3000,3000,0,0,-1,0.149666666667,-1,any_alarm_under_fair_null,first_alarm=0; detection_delay=-1
fair_null,290,0,0,4,0.027027027027,0.06,20261232,1,3000,3000,0,0,-1,0.149666666667,-1,any_alarm_under_fair_null,first_alarm=0; detection_delay=-1
fair_null,291,0,0,4,0.027027027027,0.06,20261232,1,3000,3000,0,0,-1,0.149666666667,-1,any_alarm_under_fair_null,first_alarm=0; detection_delay=-1
fair_null,292,0,0,4,0.027027027027,0.06,20261232,1,3000,3000,0,0,-1,0.149666666667,-1,any_alarm_under_fair_null,first_alarm=0; detection_delay=-1
fair_null,293,0,0,4,0.027027027027,0.06,20261232,1,3000,3000,0,0,-1,0.149666666667,-1,any_alarm_under_fair_null,first_alarm=0; detection_delay=-1
fair_null,294,0,0,4,0.027027027027,0.06,20261232,1,3000,3000,0,0,-1,0.149666666667,-1,any_alarm_under_fair_null,first_alarm=0; detection_delay=-1
fair_null,295,0,0,4,0.027027027027,0.06,20261232,1,3000,3000,0,0,-1,0.149666666667,-1,any_alarm_under_fair_null,first_alarm=0; detection_delay=-1
fair_null,296,0,0,4,0.027027027027,0.06,20261232,1,3000,3000,0,0,-1,0.149666666667,-1,any_alarm_under_fair_null,first_alarm=0; detection_delay=-1
fair_null,297,0,0,4,0.027027027027,0.06,20261232,1,3000,3000,0,0,-1,0.149666666667,-1,any_alarm_under_fair_null,first_alarm=0; detection_delay=-1
fair_null,298,0,0,4,0.027027027027,0.06,20261232,1,3000,3000,0,0,-1,0.149666666667,-1,any_alarm_under_fair_null,first_alarm=0; detection_delay=-1
fair_null,299,0,0,4,0.027027027027,0.06,20261232,1,3000,3000,0,0,-1,0.149666666667,-1,any_alarm_under_fair_null,first_alarm=0; detection_delay=-1
fair_null,300,0,0,4,0.027027027027,0.06,20261232,1,3000,3000,0,0,-1,0.149666666667,-1,any_alarm_under_fair_null,first_alarm=0; detection_delay=-1
fair_null,301,0,0,4,0.027027027027,0.06,20261232,1,3000,3000,0,0,-1,0.149666666667,-1,any_alarm_under_fair_null,first_alarm=0; detection_delay=-1
fair_null,302,0,0,4,0.027027027027,0.06,20261232,1,3000,3000,0,0,-1,0.149666666667,-1,any_alarm_under_fair_null,first_alarm=0; detection_delay=-1
fair_null,303,0,0,4,0.027027027027,0.06,20261232,1,3000,3000,0,0,-1,0.149666666667,-1,any_alarm_under_fair_null,first_alarm=0; detection_delay=-1
fair_null,304,0,0,4,0.027027027027,0.06,20261232,1,3000,3000,0,0,-1,0.149666666667,-1,any_alarm_under_fair_null,first_alarm=0; detection_delay=-1
fair_null,305,0,0,4,0.027027027027,0.06,20261232,1,3000,3000,0,0,-1,0.149666666667,-1,any_alarm_under_fair_null,first_alarm=0; detection_delay=-1
fair_null,306,0,0,4,0.027027027027,0.06,20261232,1,3000,3000,0,0,-1,0.149666666667,-1,any_alarm_under_fair_null,first_alarm=0; detection_delay=-1
fair_null,307,0,0,4,0.027027027027,0.06,20261232,1,3000,3000,0,0,-1,0.149666666667,-1,any_alarm_under_fair_null,first_alarm=0; detection_delay=-1
fair_null,308,0,0,4,0.027027027027,0.06,20261232,1,3000,3000,0,0,-1,0.149666666667,-1,any_alarm_under_fair_null,first_alarm=0; detection_delay=-1
fair_null,309,0,0,4,0.027027027027,0.06,20261232,1,3000,3000,0,0,-1,0.149666666667,-1,any_alarm_under_fair_null,first_alarm=0; detection_delay=-1
fair_null,310,0,0,4,0.027027027027,0.06,20261232,1,3000,3000,0,0,-1,0.149666666667,-1,any_alarm_under_fair_null,first_alarm=0; detection_delay=-1
fair_null,311,0,0,4,0.027027027027,0.06,20261232,1,3000,3000,0,0,-1,0.149666666667,-1,any_alarm_under_fair_null,first_alarm=0; detection_delay=-1
fair_null,312,0,0,4,0.027027027027,0.06,20261232,1,3000,3000,0,0,-1,0.149666666667,-1,any_alarm_under_fair_null,first_alarm=0; detection_delay=-1
fair_null,313,0,0,4,0.027027027027,0.06,20261232,1,3000,3000,0,0,-1,0.149666666667,-1,any_alarm_under_fair_null,first_alarm=0; detection_delay=-1
fair_null,314,0,0,4,0.027027027027,0.06,20261232,1,3000,3000,0,0,-1,0.149666666667,-1,any_alarm_under_fair_null,first_alarm=0; detection_delay=-1
fair_null,315,0,0,4,0.027027027027,0.06,20261232,1,3000,3000,0,0,-1,0.149666666667,-1,any_alarm_under_fair_null,first_alarm=0; detection_delay=-1
fair_null,316,0,0,4,0.027027027027,0.06,20261232,1,3000,3000,0,0,-1,0.149666666667,-1,any_alarm_under_fair_null,first_alarm=0; detection_delay=-1
fair_null,317,0,0,4,0.027027027027,0.06,20261232,1,3000,3000,0,0,-1,0.149666666667,-1,any_alarm_under_fair_null,first_alarm=0; detection_delay=-1
fair_null,318,0,0,4,0.027027027027,0.06,20261232,1,3000,3000,0,0,-1,0.149666666667,-1,any_alarm_under_fair_null,first_alarm=0; detection_delay=-1
fair_null,319,0,0,4,0.027027027027,0.06,20261232,1,3000,3000,0,0,-1,0.149666666667,-1,any_alarm_under_fair_null,first_alarm=0; detection_delay=-1
fair_null,320,1,0.797507195884,4,0.027027027027,0.06,20261232,1,3000,3000,0,0,-1,0.149666666667,-1,any_alarm_under_fair_null,first_alarm=0; detection_delay=-1
fair_null,321,0,0.763030766354,4,0.027027027027,0.06,20261232,1,3000,3000,0,0,-1,0.149666666667,-1,any_alarm_under_fair_null,first_alarm=0; detection_delay=-1
fair_null,322,0,0.728554336824,4,0.027027027027,0.06,20261232,1,3000,3000,0,0,-1,0.149666666667,-1,any_alarm_under_fair_null,first_alarm=0; detection_delay=-1
fair_null,323,0,0.694077907294,4,0.027027027027,0.06,20261232,1,3000,3000,0,0,-1,0.149666666667,-1,any_alarm_under_fair_null,first_alarm=0; detection_delay=-1
fair_null,324,0,0.659601477764,4,0.027027027027,0.06,20261232,1,3000,3000,0,0,-1,0.149666666667,-1,any_alarm_under_fair_null,first_alarm=0; detection_delay=-1
fair_null,325,0,0.625125048234,4,0.027027027027,0.06,20261232,1,3000,3000,0,0,-1,0.149666666667,-1,any_alarm_under_fair_null,first_alarm=0; detection_delay=-1
fair_null,326,0,0.590648618704,4,0.027027027027,0.06,20261232,1,3000,3000,0,0,-1,0.149666666667,-1,any_alarm_under_fair_null,first_alarm=0; detection_delay=-1
fair_null,327,0,0.556172189174,4,0.027027027027,0.06,20261232,1,3000,3000,0,0,-1,0.149666666667,-1,any_alarm_under_fair_null,first_alarm=0; detection_delay=-1
fair_null,328,0,0.521695759644,4,0.027027027027,0.06,20261232,1,3000,3000,0,0,-1,0.149666666667,-1,any_alarm_under_fair_null,first_alarm=0; detection_delay=-1
fair_null,329,0,0.487219330114,4,0.027027027027,0.06,20261232,1,3000,3000,0,0,-1,0.149666666667,-1,any_alarm_under_fair_null,first_alarm=0; detection_delay=-1
fair_null,330,0,0.452742900584,4,0.027027027027,0.06,20261232,1,3000,3000,0,0,-1,0.149666666667,-1,any_alarm_under_fair_null,first_alarm=0; detection_delay=-1
fair_null,331,0,0.418266471054,4,0.027027027027,0.06,20261232,1,3000,3000,0,0,-1,0.149666666667,-1,any_alarm_under_fair_null,first_alarm=0; detection_delay=-1
fair_null,332,0,0.383790041525,4,0.027027027027,0.06,20261232,1,3000,3000,0,0,-1,0.149666666667,-1,any_alarm_under_fair_null,first_alarm=0; detection_delay=-1
fair_null,333,0,0.349313611995,4,0.027027027027,0.06,20261232,1,3000,3000,0,0,-1,0.149666666667,-1,any_alarm_under_fair_null,first_alarm=0; detection_delay=-1
fair_null,334,0,0.314837182465,4,0.027027027027,0.06,20261232,1,3000,3000,0,0,-1,0.149666666667,-1,any_alarm_under_fair_null,first_alarm=0; detection_delay=-1
fair_null,335,0,0.280360752935,4,0.027027027027,0.06,20261232,1,3000,3000,0,0,-1,0.149666666667,-1,any_alarm_under_fair_null,first_alarm=0; detection_delay=-1
fair_null,336,0,0.245884323405,4,0.027027027027,0.06,20261232,1,3000,3000,0,0,-1,0.149666666667,-1,any_alarm_under_fair_null,first_alarm=0; detection_delay=-1
fair_null,337,0,0.211407893875,4,0.027027027027,0.06,20261232,1,3000,3000,0,0,-1,0.149666666667,-1,any_alarm_under_fair_null,first_alarm=0; detection_delay=-1
fair_null,338,0,0.176931464345,4,0.027027027027,0.06,20261232,1,3000,3000,0,0,-1,0.149666666667,-1,any_alarm_under_fair_null,first_alarm=0; detection_delay=-1
fair_null,339,0,0.142455034815,4,0.027027027027,0.06,20261232,1,3000,3000,0,0,-1,0.149666666667,-1,any_alarm_under_fair_null,first_alarm=0; detection_delay=-1
fair_null,340,0,0.107978605285,4,0.027027027027,0.06,20261232,1,3000,3000,0,0,-1,0.149666666667,-1,any_alarm_under_fair_null,first_alarm=0; detection_delay=-1
fair_null,341,0,0.0735021757548,4,0.027027027027,0.06,20261232,1,3000,3000,0,0,-1,0.149666666667,-1,any_alarm_under_fair_null,first_alarm=0; detection_delay=-1
fair_null,342,0,0.0390257462248,4,0.027027027027,0.06,20261232,1,3000,3000,0,0,-1,0.149666666667,-1,any_alarm_under_fair_null,first_alarm=0; detection_delay=-1
fair_null,343,0,0.00454931669481,4,0.027027027027,0.06,20261232,1,3000,3000,0,0,-1,0.149666666667,-1,any_alarm_under_fair_null,first_alarm=0; detection_delay=-1
fair_null,344,0,0,4,0.027027027027,0.06,20261232,1,3000,3000,0,0,-1,0.149666666667,-1,any_alarm_under_fair_null,first_alarm=0; detection_delay=-1
fair_null,345,0,0,4,0.027027027027,0.06,20261232,1,3000,3000,0,0,-1,0.149666666667,-1,any_alarm_under_fair_null,first_alarm=0; detection_delay=-1
fair_null,346,0,0,4,0.027027027027,0.06,20261232,1,3000,3000,0,0,-1,0.149666666667,-1,any_alarm_under_fair_null,first_alarm=0; detection_delay=-1
fair_null,347,0,0,4,0.027027027027,0.06,20261232,1,3000,3000,0,0,-1,0.149666666667,-1,any_alarm_under_fair_null,first_alarm=0; detection_delay=-1
fair_null,348,0,0,4,0.027027027027,0.06,20261232,1,3000,3000,0,0,-1,0.149666666667,-1,any_alarm_under_fair_null,first_alarm=0; detection_delay=-1
fair_null,349,0,0,4,0.027027027027,0.06,20261232,1,3000,3000,0,0,-1,0.149666666667,-1,any_alarm_under_fair_null,first_alarm=0; detection_delay=-1
fair_null,350,0,0,4,0.027027027027,0.06,20261232,1,3000,3000,0,0,-1,0.149666666667,-1,any_alarm_under_fair_null,first_alarm=0; detection_delay=-1
fair_null,351,0,0,4,0.027027027027,0.06,20261232,1,3000,3000,0,0,-1,0.149666666667,-1,any_alarm_under_fair_null,first_alarm=0; detection_delay=-1
fair_null,352,0,0,4,0.027027027027,0.06,20261232,1,3000,3000,0,0,-1,0.149666666667,-1,any_alarm_under_fair_null,first_alarm=0; detection_delay=-1
fair_null,353,0,0,4,0.027027027027,0.06,20261232,1,3000,3000,0,0,-1,0.149666666667,-1,any_alarm_under_fair_null,first_alarm=0; detection_delay=-1
fair_null,354,0,0,4,0.027027027027,0.06,20261232,1,3000,3000,0,0,-1,0.149666666667,-1,any_alarm_under_fair_null,first_alarm=0; detection_delay=-1
fair_null,355,0,0,4,0.027027027027,0.06,20261232,1,3000,3000,0,0,-1,0.149666666667,-1,any_alarm_under_fair_null,first_alarm=0; detection_delay=-1
fair_null,356,0,0,4,0.027027027027,0.06,20261232,1,3000,3000,0,0,-1,0.149666666667,-1,any_alarm_under_fair_null,first_alarm=0; detection_delay=-1
fair_null,357,0,0,4,0.027027027027,0.06,20261232,1,3000,3000,0,0,-1,0.149666666667,-1,any_alarm_under_fair_null,first_alarm=0; detection_delay=-1
fair_null,358,0,0,4,0.027027027027,0.06,20261232,1,3000,3000,0,0,-1,0.149666666667,-1,any_alarm_under_fair_null,first_alarm=0; detection_delay=-1
fair_null,359,0,0,4,0.027027027027,0.06,20261232,1,3000,3000,0,0,-1,0.149666666667,-1,any_alarm_under_fair_null,first_alarm=0; detection_delay=-1
fair_null,360,0,0,4,0.027027027027,0.06,20261232,1,3000,3000,0,0,-1,0.149666666667,-1,any_alarm_under_fair_null,first_alarm=0; detection_delay=-1
fair_null,361,0,0,4,0.027027027027,0.06,20261232,1,3000,3000,0,0,-1,0.149666666667,-1,any_alarm_under_fair_null,first_alarm=0; detection_delay=-1
fair_null,362,0,0,4,0.027027027027,0.06,20261232,1,3000,3000,0,0,-1,0.149666666667,-1,any_alarm_under_fair_null,first_alarm=0; detection_delay=-1
fair_null,363,0,0,4,0.027027027027,0.06,20261232,1,3000,3000,0,0,-1,0.149666666667,-1,any_alarm_under_fair_null,first_alarm=0; detection_delay=-1
fair_null,364,0,0,4,0.027027027027,0.06,20261232,1,3000,3000,0,0,-1,0.149666666667,-1,any_alarm_under_fair_null,first_alarm=0; detection_delay=-1
fair_null,365,0,0,4,0.027027027027,0.06,20261232,1,3000,3000,0,0,-1,0.149666666667,-1,any_alarm_under_fair_null,first_alarm=0; detection_delay=-1
fair_null,366,0,0,4,0.027027027027,0.06,20261232,1,3000,3000,0,0,-1,0.149666666667,-1,any_alarm_under_fair_null,first_alarm=0; detection_delay=-1
fair_null,367,0,0,4,0.027027027027,0.06,20261232,1,3000,3000,0,0,-1,0.149666666667,-1,any_alarm_under_fair_null,first_alarm=0; detection_delay=-1
fair_null,368,1,0.797507195884,4,0.027027027027,0.06,20261232,1,3000,3000,0,0,-1,0.149666666667,-1,any_alarm_under_fair_null,first_alarm=0; detection_delay=-1
fair_null,369,0,0.763030766354,4,0.027027027027,0.06,20261232,1,3000,3000,0,0,-1,0.149666666667,-1,any_alarm_under_fair_null,first_alarm=0; detection_delay=-1
fair_null,370,0,0.728554336824,4,0.027027027027,0.06,20261232,1,3000,3000,0,0,-1,0.149666666667,-1,any_alarm_under_fair_null,first_alarm=0; detection_delay=-1
fair_null,371,0,0.694077907294,4,0.027027027027,0.06,20261232,1,3000,3000,0,0,-1,0.149666666667,-1,any_alarm_under_fair_null,first_alarm=0; detection_delay=-1
fair_null,372,0,0.659601477764,4,0.027027027027,0.06,20261232,1,3000,3000,0,0,-1,0.149666666667,-1,any_alarm_under_fair_null,first_alarm=0; detection_delay=-1
fair_null,373,0,0.625125048234,4,0.027027027027,0.06,20261232,1,3000,3000,0,0,-1,0.149666666667,-1,any_alarm_under_fair_null,first_alarm=0; detection_delay=-1
fair_null,374,0,0.590648618704,4,0.027027027027,0.06,20261232,1,3000,3000,0,0,-1,0.149666666667,-1,any_alarm_under_fair_null,first_alarm=0; detection_delay=-1
fair_null,375,0,0.556172189174,4,0.027027027027,0.06,20261232,1,3000,3000,0,0,-1,0.149666666667,-1,any_alarm_under_fair_null,first_alarm=0; detection_delay=-1
fair_null,376,0,0.521695759644,4,0.027027027027,0.06,20261232,1,3000,3000,0,0,-1,0.149666666667,-1,any_alarm_under_fair_null,first_alarm=0; detection_delay=-1
fair_null,377,1,1.31920295553,4,0.027027027027,0.06,20261232,1,3000,3000,0,0,-1,0.149666666667,-1,any_alarm_under_fair_null,first_alarm=0; detection_delay=-1
fair_null,378,0,1.284726526,4,0.027027027027,0.06,20261232,1,3000,3000,0,0,-1,0.149666666667,-1,any_alarm_under_fair_null,first_alarm=0; detection_delay=-1
fair_null,379,0,1.25025009647,4,0.027027027027,0.06,20261232,1,3000,3000,0,0,-1,0.149666666667,-1,any_alarm_under_fair_null,first_alarm=0; detection_delay=-1
fair_null,380,0,1.21577366694,4,0.027027027027,0.06,20261232,1,3000,3000,0,0,-1,0.149666666667,-1,any_alarm_under_fair_null,first_alarm=0; detection_delay=-1
fair_null,381,0,1.18129723741,4,0.027027027027,0.06,20261232,1,3000,3000,0,0,-1,0.149666666667,-1,any_alarm_under_fair_null,first_alarm=0; detection_delay=-1
fair_null,382,0,1.14682080788,4,0.027027027027,0.06,20261232,1,3000,3000,0,0,-1,0.149666666667,-1,any_alarm_under_fair_null,first_alarm=0; detection_delay=-1
fair_null,383,0,1.11234437835,4,0.027027027027,0.06,20261232,1,3000,3000,0,0,-1,0.149666666667,-1,any_alarm_under_fair_null,first_alarm=0; detection_delay=-1
fair_null,384,0,1.07786794882,4,0.027027027027,0.06,20261232,1,3000,3000,0,0,-1,0.149666666667,-1,any_alarm_under_fair_null,first_alarm=0; detection_delay=-1
fair_null,385,0,1.04339151929,4,0.027027027027,0.06,20261232,1,3000,3000,0,0,-1,0.149666666667,-1,any_alarm_under_fair_null,first_alarm=0; detection_delay=-1
fair_null,386,0,1.00891508976,4,0.027027027027,0.06,20261232,1,3000,3000,0,0,-1,0.149666666667,-1,any_alarm_under_fair_null,first_alarm=0; detection_delay=-1
fair_null,387,0,0.974438660229,4,0.027027027027,0.06,20261232,1,3000,3000,0,0,-1,0.149666666667,-1,any_alarm_under_fair_null,first_alarm=0; detection_delay=-1
fair_null,388,0,0.939962230699,4,0.027027027027,0.06,20261232,1,3000,3000,0,0,-1,0.149666666667,-1,any_alarm_under_fair_null,first_alarm=0; detection_delay=-1
fair_null,389,0,0.905485801169,4,0.027027027027,0.06,20261232,1,3000,3000,0,0,-1,0.149666666667,-1,any_alarm_under_fair_null,first_alarm=0; detection_delay=-1
fair_null,390,0,0.871009371639,4,0.027027027027,0.06,20261232,1,3000,3000,0,0,-1,0.149666666667,-1,any_alarm_under_fair_null,first_alarm=0; detection_delay=-1
fair_null,391,0,0.836532942109,4,0.027027027027,0.06,20261232,1,3000,3000,0,0,-1,0.149666666667,-1,any_alarm_under_fair_null,first_alarm=0; detection_delay=-1
fair_null,392,0,0.802056512579,4,0.027027027027,0.06,20261232,1,3000,3000,0,0,-1,0.149666666667,-1,any_alarm_under_fair_null,first_alarm=0; detection_delay=-1
fair_null,393,0,0.767580083049,4,0.027027027027,0.06,20261232,1,3000,3000,0,0,-1,0.149666666667,-1,any_alarm_under_fair_null,first_alarm=0; detection_delay=-1
fair_null,394,0,0.733103653519,4,0.027027027027,0.06,20261232,1,3000,3000,0,0,-1,0.149666666667,-1,any_alarm_under_fair_null,first_alarm=0; detection_delay=-1
fair_null,395,0,0.698627223989,4,0.027027027027,0.06,20261232,1,3000,3000,0,0,-1,0.149666666667,-1,any_alarm_under_fair_null,first_alarm=0; detection_delay=-1
fair_null,396,0,0.664150794459,4,0.027027027027,0.06,20261232,1,3000,3000,0,0,-1,0.149666666667,-1,any_alarm_under_fair_null,first_alarm=0; detection_delay=-1
fair_null,397,0,0.629674364929,4,0.027027027027,0.06,20261232,1,3000,3000,0,0,-1,0.149666666667,-1,any_alarm_under_fair_null,first_alarm=0; detection_delay=-1
fair_null,398,0,0.595197935399,4,0.027027027027,0.06,20261232,1,3000,3000,0,0,-1,0.149666666667,-1,any_alarm_under_fair_null,first_alarm=0; detection_delay=-1
fair_null,399,0,0.560721505869,4,0.027027027027,0.06,20261232,1,3000,3000,0,0,-1,0.149666666667,-1,any_alarm_under_fair_null,first_alarm=0; detection_delay=-1
fair_null,400,0,0.526245076339,4,0.027027027027,0.06,20261232,1,3000,3000,0,0,-1,0.149666666667,-1,any_alarm_under_fair_null,first_alarm=0; detection_delay=-1
fair_null,401,1,1.32375227222,4,0.027027027027,0.06,20261232,1,3000,3000,0,0,-1,0.149666666667,-1,any_alarm_under_fair_null,first_alarm=0; detection_delay=-1
fair_null,402,1,2.12125946811,4,0.027027027027,0.06,20261232,1,3000,3000,0,0,-1,0.149666666667,-1,any_alarm_under_fair_null,first_alarm=0; detection_delay=-1
fair_null,403,0,2.08678303858,4,0.027027027027,0.06,20261232,1,3000,3000,0,0,-1,0.149666666667,-1,any_alarm_under_fair_null,first_alarm=0; detection_delay=-1
fair_null,404,0,2.05230660905,4,0.027027027027,0.06,20261232,1,3000,3000,0,0,-1,0.149666666667,-1,any_alarm_under_fair_null,first_alarm=0; detection_delay=-1
fair_null,405,0,2.01783017952,4,0.027027027027,0.06,20261232,1,3000,3000,0,0,-1,0.149666666667,-1,any_alarm_under_fair_null,first_alarm=0; detection_delay=-1
fair_null,406,0,1.98335374999,4,0.027027027027,0.06,20261232,1,3000,3000,0,0,-1,0.149666666667,-1,any_alarm_under_fair_null,first_alarm=0; detection_delay=-1
fair_null,407,0,1.94887732046,4,0.027027027027,0.06,20261232,1,3000,3000,0,0,-1,0.149666666667,-1,any_alarm_under_fair_null,first_alarm=0; detection_delay=-1
fair_null,408,0,1.91440089093,4,0.027027027027,0.06,20261232,1,3000,3000,0,0,-1,0.149666666667,-1,any_alarm_under_fair_null,first_alarm=0; detection_delay=-1
fair_null,409,0,1.8799244614,4,0.027027027027,0.06,20261232,1,3000,3000,0,0,-1,0.149666666667,-1,any_alarm_under_fair_null,first_alarm=0; detection_delay=-1
fair_null,410,1,2.67743165728,4,0.027027027027,0.06,20261232,1,3000,3000,0,0,-1,0.149666666667,-1,any_alarm_under_fair_null,first_alarm=0; detection_delay=-1
fair_null,411,0,2.64295522775,4,0.027027027027,0.06,20261232,1,3000,3000,0,0,-1,0.149666666667,-1,any_alarm_under_fair_null,first_alarm=0; detection_delay=-1
fair_null,412,0,2.60847879822,4,0.027027027027,0.06,20261232,1,3000,3000,0,0,-1,0.149666666667,-1,any_alarm_under_fair_null,first_alarm=0; detection_delay=-1
fair_null,413,0,2.57400236869,4,0.027027027027,0.06,20261232,1,3000,3000,0,0,-1,0.149666666667,-1,any_alarm_under_fair_null,first_alarm=0; detection_delay=-1
fair_null,414,0,2.53952593916,4,0.027027027027,0.06,20261232,1,3000,3000,0,0,-1,0.149666666667,-1,any_alarm_under_fair_null,first_alarm=0; detection_delay=-1
fair_null,415,0,2.50504950963,4,0.027027027027,0.06,20261232,1,3000,3000,0,0,-1,0.149666666667,-1,any_alarm_under_fair_null,first_alarm=0; detection_delay=-1
fair_null,416,0,2.4705730801,4,0.027027027027,0.06,20261232,1,3000,3000,0,0,-1,0.149666666667,-1,any_alarm_under_fair_null,first_alarm=0; detection_delay=-1
fair_null,417,0,2.43609665057,4,0.027027027027,0.06,20261232,1,3000,3000,0,0,-1,0.149666666667,-1,any_alarm_under_fair_null,first_alarm=0; detection_delay=-1
fair_null,418,0,2.40162022104,4,0.027027027027,0.06,20261232,1,3000,3000,0,0,-1,0.149666666667,-1,any_alarm_under_fair_null,first_alarm=0; detection_delay=-1
fair_null,419,0,2.36714379151,4,0.027027027027,0.06,20261232,1,3000,3000,0,0,-1,0.149666666667,-1,any_alarm_under_fair_null,first_alarm=0; detection_delay=-1
fair_null,420,0,2.33266736198,4,0.027027027027,0.06,20261232,1,3000,3000,0,0,-1,0.149666666667,-1,any_alarm_under_fair_null,first_alarm=0; detection_delay=-1
fair_null,421,0,2.29819093245,4,0.027027027027,0.06,20261232,1,3000,3000,0,0,-1,0.149666666667,-1,any_alarm_under_fair_null,first_alarm=0; detection_delay=-1
fair_null,422,0,2.26371450292,4,0.027027027027,0.06,20261232,1,3000,3000,0,0,-1,0.149666666667,-1,any_alarm_under_fair_null,first_alarm=0; detection_delay=-1
fair_null,423,0,2.22923807339,4,0.027027027027,0.06,20261232,1,3000,3000,0,0,-1,0.149666666667,-1,any_alarm_under_fair_null,first_alarm=0; detection_delay=-1
fair_null,424,0,2.19476164386,4,0.027027027027,0.06,20261232,1,3000,3000,0,0,-1,0.149666666667,-1,any_alarm_under_fair_null,first_alarm=0; detection_delay=-1
fair_null,425,0,2.16028521433,4,0.027027027027,0.06,20261232,1,3000,3000,0,0,-1,0.149666666667,-1,any_alarm_under_fair_null,first_alarm=0; detection_delay=-1
fair_null,426,0,2.1258087848,4,0.027027027027,0.06,20261232,1,3000,3000,0,0,-1,0.149666666667,-1,any_alarm_under_fair_null,first_alarm=0; detection_delay=-1
fair_null,427,0,2.09133235527,4,0.027027027027,0.06,20261232,1,3000,3000,0,0,-1,0.149666666667,-1,any_alarm_under_fair_null,first_alarm=0; detection_delay=-1
fair_null,428,0,2.05685592574,4,0.027027027027,0.06,20261232,1,3000,3000,0,0,-1,0.149666666667,-1,any_alarm_under_fair_null,first_alarm=0; detection_delay=-1
fair_null,429,0,2.02237949621,4,0.027027027027,0.06,20261232,1,3000,3000,0,0,-1,0.149666666667,-1,any_alarm_under_fair_null,first_alarm=0; detection_delay=-1
fair_null,430,0,1.98790306668,4,0.027027027027,0.06,20261232,1,3000,3000,0,0,-1,0.149666666667,-1,any_alarm_under_fair_null,first_alarm=0; detection_delay=-1
fair_null,431,0,1.95342663715,4,0.027027027027,0.06,20261232,1,3000,3000,0,0,-1,0.149666666667,-1,any_alarm_under_fair_null,first_alarm=0; detection_delay=-1
fair_null,432,0,1.91895020762,4,0.027027027027,0.06,20261232,1,3000,3000,0,0,-1,0.149666666667,-1,any_alarm_under_fair_null,first_alarm=0; detection_delay=-1
fair_null,433,0,1.88447377809,4,0.027027027027,0.06,20261232,1,3000,3000,0,0,-1,0.149666666667,-1,any_alarm_under_fair_null,first_alarm=0; detection_delay=-1
fair_null,434,0,1.84999734856,4,0.027027027027,0.06,20261232,1,3000,3000,0,0,-1,0.149666666667,-1,any_alarm_under_fair_null,first_alarm=0; detection_delay=-1
fair_null,435,0,1.81552091903,4,0.027027027027,0.06,20261232,1,3000,3000,0,0,-1,0.149666666667,-1,any_alarm_under_fair_null,first_alarm=0; detection_delay=-1
fair_null,436,0,1.7810444895,4,0.027027027027,0.06,20261232,1,3000,3000,0,0,-1,0.149666666667,-1,any_alarm_under_fair_null,first_alarm=0; detection_delay=-1
fair_null,437,0,1.74656805997,4,0.027027027027,0.06,20261232,1,3000,3000,0,0,-1,0.149666666667,-1,any_alarm_under_fair_null,first_alarm=0; detection_delay=-1
fair_null,438,0,1.71209163044,4,0.027027027027,0.06,20261232,1,3000,3000,0,0,-1,0.149666666667,-1,any_alarm_under_fair_null,first_alarm=0; detection_delay=-1
fair_null,439,0,1.67761520091,4,0.027027027027,0.06,20261232,1,3000,3000,0,0,-1,0.149666666667,-1,any_alarm_under_fair_null,first_alarm=0; detection_delay=-1
fair_null,440,0,1.64313877138,4,0.027027027027,0.06,20261232,1,3000,3000,0,0,-1,0.149666666667,-1,any_alarm_under_fair_null,first_alarm=0; detection_delay=-1
fair_null,441,0,1.60866234185,4,0.027027027027,0.06,20261232,1,3000,3000,0,0,-1,0.149666666667,-1,any_alarm_under_fair_null,first_alarm=0; detection_delay=-1
fair_null,442,0,1.57418591232,4,0.027027027027,0.06,20261232,1,3000,3000,0,0,-1,0.149666666667,-1,any_alarm_under_fair_null,first_alarm=0; detection_delay=-1
fair_null,443,0,1.53970948279,4,0.027027027027,0.06,20261232,1,3000,3000,0,0,-1,0.149666666667,-1,any_alarm_under_fair_null,first_alarm=0; detection_delay=-1
fair_null,444,0,1.50523305326,4,0.027027027027,0.06,20261232,1,3000,3000,0,0,-1,0.149666666667,-1,any_alarm_under_fair_null,first_alarm=0; detection_delay=-1
fair_null,445,0,1.47075662373,4,0.027027027027,0.06,20261232,1,3000,3000,0,0,-1,0.149666666667,-1,any_alarm_under_fair_null,first_alarm=0; detection_delay=-1
fair_null,446,0,1.4362801942,4,0.027027027027,0.06,20261232,1,3000,3000,0,0,-1,0.149666666667,-1,any_alarm_under_fair_null,first_alarm=0; detection_delay=-1
fair_null,447,0,1.40180376467,4,0.027027027027,0.06,20261232,1,3000,3000,0,0,-1,0.149666666667,-1,any_alarm_under_fair_null,first_alarm=0; detection_delay=-1
fair_null,448,0,1.36732733514,4,0.027027027027,0.06,20261232,1,3000,3000,0,0,-1,0.149666666667,-1,any_alarm_under_fair_null,first_alarm=0; detection_delay=-1
fair_null,449,0,1.33285090561,4,0.027027027027,0.06,20261232,1,3000,3000,0,0,-1,0.149666666667,-1,any_alarm_under_fair_null,first_alarm=0; detection_delay=-1
fair_null,450,0,1.29837447608,4,0.027027027027,0.06,20261232,1,3000,3000,0,0,-1,0.149666666667,-1,any_alarm_under_fair_null,first_alarm=0; detection_delay=-1
fair_null,451,0,1.26389804655,4,0.027027027027,0.06,20261232,1,3000,3000,0,0,-1,0.149666666667,-1,any_alarm_under_fair_null,first_alarm=0; detection_delay=-1
fair_null,452,0,1.22942161702,4,0.027027027027,0.06,20261232,1,3000,3000,0,0,-1,0.149666666667,-1,any_alarm_under_fair_null,first_alarm=0; detection_delay=-1
fair_null,453,0,1.19494518749,4,0.027027027027,0.06,20261232,1,3000,3000,0,0,-1,0.149666666667,-1,any_alarm_under_fair_null,first_alarm=0; detection_delay=-1
fair_null,454,0,1.16046875796,4,0.027027027027,0.06,20261232,1,3000,3000,0,0,-1,0.149666666667,-1,any_alarm_under_fair_null,first_alarm=0; detection_delay=-1
fair_null,455,0,1.12599232843,4,0.027027027027,0.06,20261232,1,3000,3000,0,0,-1,0.149666666667,-1,any_alarm_under_fair_null,first_alarm=0; detection_delay=-1
fair_null,456,0,1.0915158989,4,0.027027027027,0.06,20261232,1,3000,3000,0,0,-1,0.149666666667,-1,any_alarm_under_fair_null,first_alarm=0; detection_delay=-1
fair_null,457,0,1.05703946937,4,0.027027027027,0.06,20261232,1,3000,3000,0,0,-1,0.149666666667,-1,any_alarm_under_fair_null,first_alarm=0; detection_delay=-1
fair_null,458,0,1.02256303984,4,0.027027027027,0.06,20261232,1,3000,3000,0,0,-1,0.149666666667,-1,any_alarm_under_fair_null,first_alarm=0; detection_delay=-1
fair_null,459,0,0.988086610313,4,0.027027027027,0.06,20261232,1,3000,3000,0,0,-1,0.149666666667,-1,any_alarm_under_fair_null,first_alarm=0; detection_delay=-1
fair_null,460,0,0.953610180783,4,0.027027027027,0.06,20261232,1,3000,3000,0,0,-1,0.149666666667,-1,any_alarm_under_fair_null,first_alarm=0; detection_delay=-1
fair_null,461,0,0.919133751253,4,0.027027027027,0.06,20261232,1,3000,3000,0,0,-1,0.149666666667,-1,any_alarm_under_fair_null,first_alarm=0; detection_delay=-1
fair_null,462,0,0.884657321723,4,0.027027027027,0.06,20261232,1,3000,3000,0,0,-1,0.149666666667,-1,any_alarm_under_fair_null,first_alarm=0; detection_delay=-1
fair_null,463,0,0.850180892193,4,0.027027027027,0.06,20261232,1,3000,3000,0,0,-1,0.149666666667,-1,any_alarm_under_fair_null,first_alarm=0; detection_delay=-1
fair_null,464,0,0.815704462663,4,0.027027027027,0.06,20261232,1,3000,3000,0,0,-1,0.149666666667,-1,any_alarm_under_fair_null,first_alarm=0; detection_delay=-1
fair_null,465,0,0.781228033133,4,0.027027027027,0.06,20261232,1,3000,3000,0,0,-1,0.149666666667,-1,any_alarm_under_fair_null,first_alarm=0; detection_delay=-1
fair_null,466,0,0.746751603603,4,0.027027027027,0.06,20261232,1,3000,3000,0,0,-1,0.149666666667,-1,any_alarm_under_fair_null,first_alarm=0; detection_delay=-1
fair_null,467,0,0.712275174073,4,0.027027027027,0.06,20261232,1,3000,3000,0,0,-1,0.149666666667,-1,any_alarm_under_fair_null,first_alarm=0; detection_delay=-1
fair_null,468,0,0.677798744544,4,0.027027027027,0.06,20261232,1,3000,3000,0,0,-1,0.149666666667,-1,any_alarm_under_fair_null,first_alarm=0; detection_delay=-1
fair_null,469,0,0.643322315014,4,0.027027027027,0.06,20261232,1,3000,3000,0,0,-1,0.149666666667,-1,any_alarm_under_fair_null,first_alarm=0; detection_delay=-1
fair_null,470,1,1.4408295109,4,0.027027027027,0.06,20261232,1,3000,3000,0,0,-1,0.149666666667,-1,any_alarm_under_fair_null,first_alarm=0; detection_delay=-1
fair_null,471,0,1.40635308137,4,0.027027027027,0.06,20261232,1,3000,3000,0,0,-1,0.149666666667,-1,any_alarm_under_fair_null,first_alarm=0; detection_delay=-1
fair_null,472,0,1.37187665184,4,0.027027027027,0.06,20261232,1,3000,3000,0,0,-1,0.149666666667,-1,any_alarm_under_fair_null,first_alarm=0; detection_delay=-1
fair_null,473,0,1.33740022231,4,0.027027027027,0.06,20261232,1,3000,3000,0,0,-1,0.149666666667,-1,any_alarm_under_fair_null,first_alarm=0; detection_delay=-1
fair_null,474,0,1.30292379278,4,0.027027027027,0.06,20261232,1,3000,3000,0,0,-1,0.149666666667,-1,any_alarm_under_fair_null,first_alarm=0; detection_delay=-1
fair_null,475,0,1.26844736325,4,0.027027027027,0.06,20261232,1,3000,3000,0,0,-1,0.149666666667,-1,any_alarm_under_fair_null,first_alarm=0; detection_delay=-1
fair_null,476,0,1.23397093372,4,0.027027027027,0.06,20261232,1,3000,3000,0,0,-1,0.149666666667,-1,any_alarm_under_fair_null,first_alarm=0; detection_delay=-1
fair_null,477,0,1.19949450419,4,0.027027027027,0.06,20261232,1,3000,3000,0,0,-1,0.149666666667,-1,any_alarm_under_fair_null,first_alarm=0; detection_delay=-1
fair_null,478,0,1.16501807466,4,0.027027027027,0.06,20261232,1,3000,3000,0,0,-1,0.149666666667,-1,any_alarm_under_fair_null,first_alarm=0; detection_delay=-1
fair_null,479,0,1.13054164513,4,0.027027027027,0.06,20261232,1,3000,3000,0,0,-1,0.149666666667,-1,any_alarm_under_fair_null,first_alarm=0; detection_delay=-1
fair_null,480,0,1.0960652156,4,0.027027027027,0.06,20261232,1,3000,3000,0,0,-1,0.149666666667,-1,any_alarm_under_fair_null,first_alarm=0; detection_delay=-1
fair_null,481,0,1.06158878607,4,0.027027027027,0.06,20261232,1,3000,3000,0,0,-1,0.149666666667,-1,any_alarm_under_fair_null,first_alarm=0; detection_delay=-1
fair_null,482,0,1.02711235654,4,0.027027027027,0.06,20261232,1,3000,3000,0,0,-1,0.149666666667,-1,any_alarm_under_fair_null,first_alarm=0; detection_delay=-1
fair_null,483,0,0.992635927008,4,0.027027027027,0.06,20261232,1,3000,3000,0,0,-1,0.149666666667,-1,any_alarm_under_fair_null,first_alarm=0; detection_delay=-1
fair_null,484,0,0.958159497478,4,0.027027027027,0.06,20261232,1,3000,3000,0,0,-1,0.149666666667,-1,any_alarm_under_fair_null,first_alarm=0; detection_delay=-1
fair_null,485,0,0.923683067948,4,0.027027027027,0.06,20261232,1,3000,3000,0,0,-1,0.149666666667,-1,any_alarm_under_fair_null,first_alarm=0; detection_delay=-1
fair_null,486,0,0.889206638418,4,0.027027027027,0.06,20261232,1,3000,3000,0,0,-1,0.149666666667,-1,any_alarm_under_fair_null,first_alarm=0; detection_delay=-1
fair_null,487,0,0.854730208888,4,0.027027027027,0.06,20261232,1,3000,3000,0,0,-1,0.149666666667,-1,any_alarm_under_fair_null,first_alarm=0; detection_delay=-1
fair_null,488,0,0.820253779358,4,0.027027027027,0.06,20261232,1,3000,3000,0,0,-1,0.149666666667,-1,any_alarm_under_fair_null,first_alarm=0; detection_delay=-1
fair_null,489,0,0.785777349828,4,0.027027027027,0.06,20261232,1,3000,3000,0,0,-1,0.149666666667,-1,any_alarm_under_fair_null,first_alarm=0; detection_delay=-1
fair_null,490,0,0.751300920298,4,0.027027027027,0.06,20261232,1,3000,3000,0,0,-1,0.149666666667,-1,any_alarm_under_fair_null,first_alarm=0; detection_delay=-1
fair_null,491,0,0.716824490768,4,0.027027027027,0.06,20261232,1,3000,3000,0,0,-1,0.149666666667,-1,any_alarm_under_fair_null,first_alarm=0; detection_delay=-1
fair_null,492,0,0.682348061238,4,0.027027027027,0.06,20261232,1,3000,3000,0,0,-1,0.149666666667,-1,any_alarm_under_fair_null,first_alarm=0; detection_delay=-1
fair_null,493,0,0.647871631708,4,0.027027027027,0.06,20261232,1,3000,3000,0,0,-1,0.149666666667,-1,any_alarm_under_fair_null,first_alarm=0; detection_delay=-1
fair_null,494,0,0.613395202178,4,0.027027027027,0.06,20261232,1,3000,3000,0,0,-1,0.149666666667,-1,any_alarm_under_fair_null,first_alarm=0; detection_delay=-1
fair_null,495,0,0.578918772648,4,0.027027027027,0.06,20261232,1,3000,3000,0,0,-1,0.149666666667,-1,any_alarm_under_fair_null,first_alarm=0; detection_delay=-1
fair_null,496,0,0.544442343118,4,0.027027027027,0.06,20261232,1,3000,3000,0,0,-1,0.149666666667,-1,any_alarm_under_fair_null,first_alarm=0; detection_delay=-1
fair_null,497,1,1.341949539,4,0.027027027027,0.06,20261232,1,3000,3000,0,0,-1,0.149666666667,-1,any_alarm_under_fair_null,first_alarm=0; detection_delay=-1
fair_null,498,0,1.30747310947,4,0.027027027027,0.06,20261232,1,3000,3000,0,0,-1,0.149666666667,-1,any_alarm_under_fair_null,first_alarm=0; detection_delay=-1
fair_null,499,0,1.27299667994,4,0.027027027027,0.06,20261232,1,3000,3000,0,0,-1,0.149666666667,-1,any_alarm_under_fair_null,first_alarm=0; detection_delay=-1
fair_null,500,0,1.23852025041,4,0.027027027027,0.06,20261232,1,3000,3000,0,0,-1,0.149666666667,-1,any_alarm_under_fair_null,first_alarm=0; detection_delay=-1
fair_null,501,0,1.20404382088,4,0.027027027027,0.06,20261232,1,3000,3000,0,0,-1,0.149666666667,-1,any_alarm_under_fair_null,first_alarm=0; detection_delay=-1
fair_null,502,0,1.16956739135,4,0.027027027027,0.06,20261232,1,3000,3000,0,0,-1,0.149666666667,-1,any_alarm_under_fair_null,first_alarm=0; detection_delay=-1
fair_null,503,0,1.13509096182,4,0.027027027027,0.06,20261232,1,3000,3000,0,0,-1,0.149666666667,-1,any_alarm_under_fair_null,first_alarm=0; detection_delay=-1
fair_null,504,0,1.10061453229,4,0.027027027027,0.06,20261232,1,3000,3000,0,0,-1,0.149666666667,-1,any_alarm_under_fair_null,first_alarm=0; detection_delay=-1
fair_null,505,0,1.06613810276,4,0.027027027027,0.06,20261232,1,3000,3000,0,0,-1,0.149666666667,-1,any_alarm_under_fair_null,first_alarm=0; detection_delay=-1
fair_null,506,1,1.86364529865,4,0.027027027027,0.06,20261232,1,3000,3000,0,0,-1,0.149666666667,-1,any_alarm_under_fair_null,first_alarm=0; detection_delay=-1
fair_null,507,0,1.82916886912,4,0.027027027027,0.06,20261232,1,3000,3000,0,0,-1,0.149666666667,-1,any_alarm_under_fair_null,first_alarm=0; detection_delay=-1
fair_null,508,0,1.79469243959,4,0.027027027027,0.06,20261232,1,3000,3000,0,0,-1,0.149666666667,-1,any_alarm_under_fair_null,first_alarm=0; detection_delay=-1
fair_null,509,0,1.76021601006,4,0.027027027027,0.06,20261232,1,3000,3000,0,0,-1,0.149666666667,-1,any_alarm_under_fair_null,first_alarm=0; detection_delay=-1
fair_null,510,0,1.72573958053,4,0.027027027027,0.06,20261232,1,3000,3000,0,0,-1,0.149666666667,-1,any_alarm_under_fair_null,first_alarm=0; detection_delay=-1
fair_null,511,0,1.691263151,4,0.027027027027,0.06,20261232,1,3000,3000,0,0,-1,0.149666666667,-1,any_alarm_under_fair_null,first_alarm=0; detection_delay=-1
fair_null,512,0,1.65678672147,4,0.027027027027,0.06,20261232,1,3000,3000,0,0,-1,0.149666666667,-1,any_alarm_under_fair_null,first_alarm=0; detection_delay=-1
fair_null,513,0,1.62231029194,4,0.027027027027,0.06,20261232,1,3000,3000,0,0,-1,0.149666666667,-1,any_alarm_under_fair_null,first_alarm=0; detection_delay=-1
fair_null,514,0,1.58783386241,4,0.027027027027,0.06,20261232,1,3000,3000,0,0,-1,0.149666666667,-1,any_alarm_under_fair_null,first_alarm=0; detection_delay=-1
fair_null,515,0,1.55335743288,4,0.027027027027,0.06,20261232,1,3000,3000,0,0,-1,0.149666666667,-1,any_alarm_under_fair_null,first_alarm=0; detection_delay=-1
fair_null,516,1,2.35086462876,4,0.027027027027,0.06,20261232,1,3000,3000,0,0,-1,0.149666666667,-1,any_alarm_under_fair_null,first_alarm=0; detection_delay=-1
fair_null,517,0,2.31638819923,4,0.027027027027,0.06,20261232,1,3000,3000,0,0,-1,0.149666666667,-1,any_alarm_under_fair_null,first_alarm=0; detection_delay=-1
fair_null,518,0,2.2819117697,4,0.027027027027,0.06,20261232,1,3000,3000,0,0,-1,0.149666666667,-1,any_alarm_under_fair_null,first_alarm=0; detection_delay=-1
fair_null,519,0,2.24743534017,4,0.027027027027,0.06,20261232,1,3000,3000,0,0,-1,0.149666666667,-1,any_alarm_under_fair_null,first_alarm=0; detection_delay=-1
fair_null,520,0,2.21295891064,4,0.027027027027,0.06,20261232,1,3000,3000,0,0,-1,0.149666666667,-1,any_alarm_under_fair_null,first_alarm=0; detection_delay=-1
fair_null,521,0,2.17848248111,4,0.027027027027,0.06,20261232,1,3000,3000,0,0,-1,0.149666666667,-1,any_alarm_under_fair_null,first_alarm=0; detection_delay=-1
fair_null,522,0,2.14400605158,4,0.027027027027,0.06,20261232,1,3000,3000,0,0,-1,0.149666666667,-1,any_alarm_under_fair_null,first_alarm=0; detection_delay=-1
fair_null,523,0,2.10952962205,4,0.027027027027,0.06,20261232,1,3000,3000,0,0,-1,0.149666666667,-1,any_alarm_under_fair_null,first_alarm=0; detection_delay=-1
fair_null,524,0,2.07505319252,4,0.027027027027,0.06,20261232,1,3000,3000,0,0,-1,0.149666666667,-1,any_alarm_under_fair_null,first_alarm=0; detection_delay=-1
fair_null,525,0,2.04057676299,4,0.027027027027,0.06,20261232,1,3000,3000,0,0,-1,0.149666666667,-1,any_alarm_under_fair_null,first_alarm=0; detection_delay=-1
fair_null,526,0,2.00610033346,4,0.027027027027,0.06,20261232,1,3000,3000,0,0,-1,0.149666666667,-1,any_alarm_under_fair_null,first_alarm=0; detection_delay=-1
fair_null,527,0,1.97162390393,4,0.027027027027,0.06,20261232,1,3000,3000,0,0,-1,0.149666666667,-1,any_alarm_under_fair_null,first_alarm=0; detection_delay=-1
fair_null,528,0,1.9371474744,4,0.027027027027,0.06,20261232,1,3000,3000,0,0,-1,0.149666666667,-1,any_alarm_under_fair_null,first_alarm=0; detection_delay=-1
fair_null,529,0,1.90267104487,4,0.027027027027,0.06,20261232,1,3000,3000,0,0,-1,0.149666666667,-1,any_alarm_under_fair_null,first_alarm=0; detection_delay=-1
fair_null,530,0,1.86819461534,4,0.027027027027,0.06,20261232,1,3000,3000,0,0,-1,0.149666666667,-1,any_alarm_under_fair_null,first_alarm=0; detection_delay=-1
fair_null,531,0,1.83371818581,4,0.027027027027,0.06,20261232,1,3000,3000,0,0,-1,0.149666666667,-1,any_alarm_under_fair_null,first_alarm=0; detection_delay=-1
fair_null,532,0,1.79924175628,4,0.027027027027,0.06,20261232,1,3000,3000,0,0,-1,0.149666666667,-1,any_alarm_under_fair_null,first_alarm=0; detection_delay=-1
fair_null,533,0,1.76476532675,4,0.027027027027,0.06,20261232,1,3000,3000,0,0,-1,0.149666666667,-1,any_alarm_under_fair_null,first_alarm=0; detection_delay=-1
fair_null,534,0,1.73028889722,4,0.027027027027,0.06,20261232,1,3000,3000,0,0,-1,0.149666666667,-1,any_alarm_under_fair_null,first_alarm=0; detection_delay=-1
fair_null,535,0,1.69581246769,4,0.027027027027,0.06,20261232,1,3000,3000,0,0,-1,0.149666666667,-1,any_alarm_under_fair_null,first_alarm=0; detection_delay=-1
fair_null,536,0,1.66133603816,4,0.027027027027,0.06,20261232,1,3000,3000,0,0,-1,0.149666666667,-1,any_alarm_under_fair_null,first_alarm=0; detection_delay=-1
fair_null,537,0,1.62685960863,4,0.027027027027,0.06,20261232,1,3000,3000,0,0,-1,0.149666666667,-1,any_alarm_under_fair_null,first_alarm=0; detection_delay=-1
fair_null,538,0,1.5923831791,4,0.027027027027,0.06,20261232,1,3000,3000,0,0,-1,0.149666666667,-1,any_alarm_under_fair_null,first_alarm=0; detection_delay=-1
fair_null,539,0,1.55790674957,4,0.027027027027,0.06,20261232,1,3000,3000,0,0,-1,0.149666666667,-1,any_alarm_under_fair_null,first_alarm=0; detection_delay=-1
fair_null,540,0,1.52343032004,4,0.027027027027,0.06,20261232,1,3000,3000,0,0,-1,0.149666666667,-1,any_alarm_under_fair_null,first_alarm=0; detection_delay=-1
fair_null,541,0,1.48895389051,4,0.027027027027,0.06,20261232,1,3000,3000,0,0,-1,0.149666666667,-1,any_alarm_under_fair_null,first_alarm=0; detection_delay=-1
fair_null,542,0,1.45447746098,4,0.027027027027,0.06,20261232,1,3000,3000,0,0,-1,0.149666666667,-1,any_alarm_under_fair_null,first_alarm=0; detection_delay=-1
fair_null,543,0,1.42000103145,4,0.027027027027,0.06,20261232,1,3000,3000,0,0,-1,0.149666666667,-1,any_alarm_under_fair_null,first_alarm=0; detection_delay=-1
fair_null,544,0,1.38552460192,4,0.027027027027,0.06,20261232,1,3000,3000,0,0,-1,0.149666666667,-1,any_alarm_under_fair_null,first_alarm=0; detection_delay=-1
fair_null,545,1,2.18303179781,4,0.027027027027,0.06,20261232,1,3000,3000,0,0,-1,0.149666666667,-1,any_alarm_under_fair_null,first_alarm=0; detection_delay=-1
fair_null,546,0,2.14855536828,4,0.027027027027,0.06,20261232,1,3000,3000,0,0,-1,0.149666666667,-1,any_alarm_under_fair_null,first_alarm=0; detection_delay=-1
fair_null,547,0,2.11407893875,4,0.027027027027,0.06,20261232,1,3000,3000,0,0,-1,0.149666666667,-1,any_alarm_under_fair_null,first_alarm=0; detection_delay=-1
fair_null,548,0,2.07960250922,4,0.027027027027,0.06,20261232,1,3000,3000,0,0,-1,0.149666666667,-1,any_alarm_under_fair_null,first_alarm=0; detection_delay=-1
fair_null,549,0,2.04512607969,4,0.027027027027,0.06,20261232,1,3000,3000,0,0,-1,0.149666666667,-1,any_alarm_under_fair_null,first_alarm=0; detection_delay=-1
fair_null,550,0,2.01064965016,4,0.027027027027,0.06,20261232,1,3000,3000,0,0,-1,0.149666666667,-1,any_alarm_under_fair_null,first_alarm=0; detection_delay=-1
fair_null,551,0,1.97617322063,4,0.027027027027,0.06,20261232,1,3000,3000,0,0,-1,0.149666666667,-1,any_alarm_under_fair_null,first_alarm=0; detection_delay=-1
fair_null,552,0,1.9416967911,4,0.027027027027,0.06,20261232,1,3000,3000,0,0,-1,0.149666666667,-1,any_alarm_under_fair_null,first_alarm=0; detection_delay=-1
fair_null,553,0,1.90722036157,4,0.027027027027,0.06,20261232,1,3000,3000,0,0,-1,0.149666666667,-1,any_alarm_under_fair_null,first_alarm=0; detection_delay=-1
fair_null,554,0,1.87274393204,4,0.027027027027,0.06,20261232,1,3000,3000,0,0,-1,0.149666666667,-1,any_alarm_under_fair_null,first_alarm=0; detection_delay=-1
fair_null,555,0,1.83826750251,4,0.027027027027,0.06,20261232,1,3000,3000,0,0,-1,0.149666666667,-1,any_alarm_under_fair_null,first_alarm=0; detection_delay=-1
fair_null,556,0,1.80379107298,4,0.027027027027,0.06,20261232,1,3000,3000,0,0,-1,0.149666666667,-1,any_alarm_under_fair_null,first_alarm=0; detection_delay=-1
fair_null,557,0,1.76931464345,4,0.027027027027,0.06,20261232,1,3000,3000,0,0,-1,0.149666666667,-1,any_alarm_under_fair_null,first_alarm=0; detection_delay=-1
fair_null,558,0,1.73483821392,4,0.027027027027,0.06,20261232,1,3000,3000,0,0,-1,0.149666666667,-1,any_alarm_under_fair_null,first_alarm=0; detection_delay=-1
fair_null,559,0,1.70036178439,4,0.027027027027,0.06,20261232,1,3000,3000,0,0,-1,0.149666666667,-1,any_alarm_under_fair_null,first_alarm=0; detection_delay=-1
fair_null,560,0,1.66588535486,4,0.027027027027,0.06,20261232,1,3000,3000,0,0,-1,0.149666666667,-1,any_alarm_under_fair_null,first_alarm=0; detection_delay=-1
fair_null,561,0,1.63140892533,4,0.027027027027,0.06,20261232,1,3000,3000,0,0,-1,0.149666666667,-1,any_alarm_under_fair_null,first_alarm=0; detection_delay=-1
fair_null,562,0,1.5969324958,4,0.027027027027,0.06,20261232,1,3000,3000,0,0,-1,0.149666666667,-1,any_alarm_under_fair_null,first_alarm=0; detection_delay=-1
fair_null,563,0,1.56245606627,4,0.027027027027,0.06,20261232,1,3000,3000,0,0,-1,0.149666666667,-1,any_alarm_under_fair_null,first_alarm=0; detection_delay=-1
fair_null,564,0,1.52797963674,4,0.027027027027,0.06,20261232,1,3000,3000,0,0,-1,0.149666666667,-1,any_alarm_under_fair_null,first_alarm=0; detection_delay=-1
fair_null,565,0,1.49350320721,4,0.027027027027,0.06,20261232,1,3000,3000,0,0,-1,0.149666666667,-1,any_alarm_under_fair_null,first_alarm=0; detection_delay=-1
fair_null,566,0,1.45902677768,4,0.027027027027,0.06,20261232,1,3000,3000,0,0,-1,0.149666666667,-1,any_alarm_under_fair_null,first_alarm=0; detection_delay=-1
fair_null,567,0,1.42455034815,4,0.027027027027,0.06,20261232,1,3000,3000,0,0,-1,0.149666666667,-1,any_alarm_under_fair_null,first_alarm=0; detection_delay=-1
fair_null,568,0,1.39007391862,4,0.027027027027,0.06,20261232,1,3000,3000,0,0,-1,0.149666666667,-1,any_alarm_under_fair_null,first_alarm=0; detection_delay=-1
fair_null,569,0,1.35559748909,4,0.027027027027,0.06,20261232,1,3000,3000,0,0,-1,0.149666666667,-1,any_alarm_under_fair_null,first_alarm=0; detection_delay=-1
fair_null,570,0,1.32112105956,4,0.027027027027,0.06,20261232,1,3000,3000,0,0,-1,0.149666666667,-1,any_alarm_under_fair_null,first_alarm=0; detection_delay=-1
fair_null,571,0,1.28664463003,4,0.027027027027,0.06,20261232,1,3000,3000,0,0,-1,0.149666666667,-1,any_alarm_under_fair_null,first_alarm=0; detection_delay=-1
fair_null,572,0,1.2521682005,4,0.027027027027,0.06,20261232,1,3000,3000,0,0,-1,0.149666666667,-1,any_alarm_under_fair_null,first_alarm=0; detection_delay=-1
fair_null,573,0,1.21769177097,4,0.027027027027,0.06,20261232,1,3000,3000,0,0,-1,0.149666666667,-1,any_alarm_under_fair_null,first_alarm=0; detection_delay=-1
fair_null,574,0,1.18321534144,4,0.027027027027,0.06,20261232,1,3000,3000,0,0,-1,0.149666666667,-1,any_alarm_under_fair_null,first_alarm=0; detection_delay=-1
fair_null,575,1,1.98072253732,4,0.027027027027,0.06,20261232,1,3000,3000,0,0,-1,0.149666666667,-1,any_alarm_under_fair_null,first_alarm=0; detection_delay=-1
fair_null,576,1,2.77822973321,4,0.027027027027,0.06,20261232,1,3000,3000,0,0,-1,0.149666666667,-1,any_alarm_under_fair_null,first_alarm=0; detection_delay=-1
fair_null,577,0,2.74375330368,4,0.027027027027,0.06,20261232,1,3000,3000,0,0,-1,0.149666666667,-1,any_alarm_under_fair_null,first_alarm=0; detection_delay=-1
fair_null,578,0,2.70927687415,4,0.027027027027,0.06,20261232,1,3000,3000,0,0,-1,0.149666666667,-1,any_alarm_under_fair_null,first_alarm=0; detection_delay=-1
fair_null,579,0,2.67480044462,4,0.027027027027,0.06,20261232,1,3000,3000,0,0,-1,0.149666666667,-1,any_alarm_under_fair_null,first_alarm=0; detection_delay=-1
fair_null,580,0,2.64032401509,4,0.027027027027,0.06,20261232,1,3000,3000,0,0,-1,0.149666666667,-1,any_alarm_under_fair_null,first_alarm=0; detection_delay=-1
fair_null,581,0,2.60584758556,4,0.027027027027,0.06,20261232,1,3000,3000,0,0,-1,0.149666666667,-1,any_alarm_under_fair_null,first_alarm=0; detection_delay=-1
fair_null,582,0,2.57137115603,4,0.027027027027,0.06,20261232,1,3000,3000,0,0,-1,0.149666666667,-1,any_alarm_under_fair_null,first_alarm=0; detection_delay=-1
fair_null,583,0,2.5368947265,4,0.027027027027,0.06,20261232,1,3000,3000,0,0,-1,0.149666666667,-1,any_alarm_under_fair_null,first_alarm=0; detection_delay=-1
fair_null,584,0,2.50241829697,4,0.027027027027,0.06,20261232,1,3000,3000,0,0,-1,0.149666666667,-1,any_alarm_under_fair_null,first_alarm=0; detection_delay=-1
fair_null,585,0,2.46794186744,4,0.027027027027,0.06,20261232,1,3000,3000,0,0,-1,0.149666666667,-1,any_alarm_under_fair_null,first_alarm=0; detection_delay=-1
fair_null,586,0,2.43346543791,4,0.027027027027,0.06,20261232,1,3000,3000,0,0,-1,0.149666666667,-1,any_alarm_under_fair_null,first_alarm=0; detection_delay=-1
fair_null,587,0,2.39898900838,4,0.027027027027,0.06,20261232,1,3000,3000,0,0,-1,0.149666666667,-1,any_alarm_under_fair_null,first_alarm=0; detection_delay=-1
fair_null,588,0,2.36451257885,4,0.027027027027,0.06,20261232,1,3000,3000,0,0,-1,0.149666666667,-1,any_alarm_under_fair_null,first_alarm=0; detection_delay=-1
fair_null,589,0,2.33003614932,4,0.027027027027,0.06,20261232,1,3000,3000,0,0,-1,0.149666666667,-1,any_alarm_under_fair_null,first_alarm=0; detection_delay=-1
fair_null,590,0,2.29555971979,4,0.027027027027,0.06,20261232,1,3000,3000,0,0,-1,0.149666666667,-1,any_alarm_under_fair_null,first_alarm=0; detection_delay=-1
fair_null,591,0,2.26108329026,4,0.027027027027,0.06,20261232,1,3000,3000,0,0,-1,0.149666666667,-1,any_alarm_under_fair_null,first_alarm=0; detection_delay=-1
fair_null,592,0,2.22660686073,4,0.027027027027,0.06,20261232,1,3000,3000,0,0,-1,0.149666666667,-1,any_alarm_under_fair_null,first_alarm=0; detection_delay=-1
fair_null,593,1,3.02411405661,4,0.027027027027,0.06,20261232,1,3000,3000,0,0,-1,0.149666666667,-1,any_alarm_under_fair_null,first_alarm=0; detection_delay=-1
fair_null,594,0,2.98963762708,4,0.027027027027,0.06,20261232,1,3000,3000,0,0,-1,0.149666666667,-1,any_alarm_under_fair_null,first_alarm=0; detection_delay=-1
fair_null,595,0,2.95516119755,4,0.027027027027,0.06,20261232,1,3000,3000,0,0,-1,0.149666666667,-1,any_alarm_under_fair_null,first_alarm=0; detection_delay=-1
fair_null,596,0,2.92068476802,4,0.027027027027,0.06,20261232,1,3000,3000,0,0,-1,0.149666666667,-1,any_alarm_under_fair_null,first_alarm=0; detection_delay=-1
fair_null,597,0,2.88620833849,4,0.027027027027,0.06,20261232,1,3000,3000,0,0,-1,0.149666666667,-1,any_alarm_under_fair_null,first_alarm=0; detection_delay=-1
fair_null,598,0,2.85173190896,4,0.027027027027,0.06,20261232,1,3000,3000,0,0,-1,0.149666666667,-1,any_alarm_under_fair_null,first_alarm=0; detection_delay=-1
fair_null,599,0,2.81725547943,4,0.027027027027,0.06,20261232,1,3000,3000,0,0,-1,0.149666666667,-1,any_alarm_under_fair_null,first_alarm=0; detection_delay=-1
fair_null,600,0,2.7827790499,4,0.027027027027,0.06,20261232,1,3000,3000,0,0,-1,0.149666666667,-1,any_alarm_under_fair_null,first_alarm=0; detection_delay=-1
fair_null,601,0,2.74830262037,4,0.027027027027,0.06,20261232,1,3000,3000,0,0,-1,0.149666666667,-1,any_alarm_under_fair_null,first_alarm=0; detection_delay=-1
fair_null,602,0,2.71382619084,4,0.027027027027,0.06,20261232,1,3000,3000,0,0,-1,0.149666666667,-1,any_alarm_under_fair_null,first_alarm=0; detection_delay=-1
fair_null,603,0,2.67934976131,4,0.027027027027,0.06,20261232,1,3000,3000,0,0,-1,0.149666666667,-1,any_alarm_under_fair_null,first_alarm=0; detection_delay=-1
fair_null,604,0,2.64487333178,4,0.027027027027,0.06,20261232,1,3000,3000,0,0,-1,0.149666666667,-1,any_alarm_under_fair_null,first_alarm=0; detection_delay=-1
fair_null,605,0,2.61039690225,4,0.027027027027,0.06,20261232,1,3000,3000,0,0,-1,0.149666666667,-1,any_alarm_under_fair_null,first_alarm=0; detection_delay=-1
fair_null,606,0,2.57592047272,4,0.027027027027,0.06,20261232,1,3000,3000,0,0,-1,0.149666666667,-1,any_alarm_under_fair_null,first_alarm=0; detection_delay=-1
fair_null,607,0,2.54144404319,4,0.027027027027,0.06,20261232,1,3000,3000,0,0,-1,0.149666666667,-1,any_alarm_under_fair_null,first_alarm=0; detection_delay=-1
fair_null,608,0,2.50696761366,4,0.027027027027,0.06,20261232,1,3000,3000,0,0,-1,0.149666666667,-1,any_alarm_under_fair_null,first_alarm=0; detection_delay=-1
fair_null,609,0,2.47249118413,4,0.027027027027,0.06,20261232,1,3000,3000,0,0,-1,0.149666666667,-1,any_alarm_under_fair_null,first_alarm=0; detection_delay=-1
fair_null,610,0,2.4380147546,4,0.027027027027,0.06,20261232,1,3000,3000,0,0,-1,0.149666666667,-1,any_alarm_under_fair_null,first_alarm=0; detection_delay=-1
fair_null,611,0,2.40353832507,4,0.027027027027,0.06,20261232,1,3000,3000,0,0,-1,0.149666666667,-1,any_alarm_under_fair_null,first_alarm=0; detection_delay=-1
fair_null,612,0,2.36906189554,4,0.027027027027,0.06,20261232,1,3000,3000,0,0,-1,0.149666666667,-1,any_alarm_under_fair_null,first_alarm=0; detection_delay=-1
fair_null,613,0,2.33458546601,4,0.027027027027,0.06,20261232,1,3000,3000,0,0,-1,0.149666666667,-1,any_alarm_under_fair_null,first_alarm=0; detection_delay=-1
fair_null,614,0,2.30010903648,4,0.027027027027,0.06,20261232,1,3000,3000,0,0,-1,0.149666666667,-1,any_alarm_under_fair_null,first_alarm=0; detection_delay=-1
fair_null,615,0,2.26563260695,4,0.027027027027,0.06,20261232,1,3000,3000,0,0,-1,0.149666666667,-1,any_alarm_under_fair_null,first_alarm=0; detection_delay=-1
fair_null,616,0,2.23115617742,4,0.027027027027,0.06,20261232,1,3000,3000,0,0,-1,0.149666666667,-1,any_alarm_under_fair_null,first_alarm=0; detection_delay=-1
fair_null,617,0,2.19667974789,4,0.027027027027,0.06,20261232,1,3000,3000,0,0,-1,0.149666666667,-1,any_alarm_under_fair_null,first_alarm=0; detection_delay=-1
fair_null,618,0,2.16220331836,4,0.027027027027,0.06,20261232,1,3000,3000,0,0,-1,0.149666666667,-1,any_alarm_under_fair_null,first_alarm=0; detection_delay=-1
fair_null,619,0,2.12772688883,4,0.027027027027,0.06,20261232,1,3000,3000,0,0,-1,0.149666666667,-1,any_alarm_under_fair_null,first_alarm=0; detection_delay=-1
fair_null,620,0,2.0932504593,4,0.027027027027,0.06,20261232,1,3000,3000,0,0,-1,0.149666666667,-1,any_alarm_under_fair_null,first_alarm=0; detection_delay=-1
fair_null,621,0,2.05877402977,4,0.027027027027,0.06,20261232,1,3000,3000,0,0,-1,0.149666666667,-1,any_alarm_under_fair_null,first_alarm=0; detection_delay=-1
fair_null,622,0,2.02429760024,4,0.027027027027,0.06,20261232,1,3000,3000,0,0,-1,0.149666666667,-1,any_alarm_under_fair_null,first_alarm=0; detection_delay=-1
fair_null,623,0,1.98982117071,4,0.027027027027,0.06,20261232,1,3000,3000,0,0,-1,0.149666666667,-1,any_alarm_under_fair_null,first_alarm=0; detection_delay=-1
fair_null,624,0,1.95534474118,4,0.027027027027,0.06,20261232,1,3000,3000,0,0,-1,0.149666666667,-1,any_alarm_under_fair_null,first_alarm=0; detection_delay=-1
fair_null,625,0,1.92086831165,4,0.027027027027,0.06,20261232,1,3000,3000,0,0,-1,0.149666666667,-1,any_alarm_under_fair_null,first_alarm=0; detection_delay=-1
fair_null,626,0,1.88639188212,4,0.027027027027,0.06,20261232,1,3000,3000,0,0,-1,0.149666666667,-1,any_alarm_under_fair_null,first_alarm=0; detection_delay=-1
fair_null,627,0,1.85191545259,4,0.027027027027,0.06,20261232,1,3000,3000,0,0,-1,0.149666666667,-1,any_alarm_under_fair_null,first_alarm=0; detection_delay=-1
fair_null,628,0,1.81743902306,4,0.027027027027,0.06,20261232,1,3000,3000,0,0,-1,0.149666666667,-1,any_alarm_under_fair_null,first_alarm=0; detection_delay=-1
fair_null,629,0,1.78296259353,4,0.027027027027,0.06,20261232,1,3000,3000,0,0,-1,0.149666666667,-1,any_alarm_under_fair_null,first_alarm=0; detection_delay=-1
fair_null,630,0,1.748486164,4,0.027027027027,0.06,20261232,1,3000,3000,0,0,-1,0.149666666667,-1,any_alarm_under_fair_null,first_alarm=0; detection_delay=-1
fair_null,631,0,1.71400973447,4,0.027027027027,0.06,20261232,1,3000,3000,0,0,-1,0.149666666667,-1,any_alarm_under_fair_null,first_alarm=0; detection_delay=-1
fair_null,632,0,1.67953330494,4,0.027027027027,0.06,20261232,1,3000,3000,0,0,-1,0.149666666667,-1,any_alarm_under_fair_null,first_alarm=0; detection_delay=-1
fair_null,633,0,1.64505687541,4,0.027027027027,0.06,20261232,1,3000,3000,0,0,-1,0.149666666667,-1,any_alarm_under_fair_null,first_alarm=0; detection_delay=-1
fair_null,634,0,1.61058044588,4,0.027027027027,0.06,20261232,1,3000,3000,0,0,-1,0.149666666667,-1,any_alarm_under_fair_null,first_alarm=0; detection_delay=-1
fair_null,635,0,1.57610401635,4,0.027027027027,0.06,20261232,1,3000,3000,0,0,-1,0.149666666667,-1,any_alarm_under_fair_null,first_alarm=0; detection_delay=-1
fair_null,636,0,1.54162758682,4,0.027027027027,0.06,20261232,1,3000,3000,0,0,-1,0.149666666667,-1,any_alarm_under_fair_null,first_alarm=0; detection_delay=-1
fair_null,637,0,1.50715115729,4,0.027027027027,0.06,20261232,1,3000,3000,0,0,-1,0.149666666667,-1,any_alarm_under_fair_null,first_alarm=0; detection_delay=-1
fair_null,638,0,1.47267472776,4,0.027027027027,0.06,20261232,1,3000,3000,0,0,-1,0.149666666667,-1,any_alarm_under_fair_null,first_alarm=0; detection_delay=-1
fair_null,639,0,1.43819829823,4,0.027027027027,0.06,20261232,1,3000,3000,0,0,-1,0.149666666667,-1,any_alarm_under_fair_null,first_alarm=0; detection_delay=-1
fair_null,640,0,1.4037218687,4,0.027027027027,0.06,20261232,1,3000,3000,0,0,-1,0.149666666667,-1,any_alarm_under_fair_null,first_alarm=0; detection_delay=-1
fair_null,641,0,1.36924543917,4,0.027027027027,0.06,20261232,1,3000,3000,0,0,-1,0.149666666667,-1,any_alarm_under_fair_null,first_alarm=0; detection_delay=-1
fair_null,642,0,1.33476900964,4,0.027027027027,0.06,20261232,1,3000,3000,0,0,-1,0.149666666667,-1,any_alarm_under_fair_null,first_alarm=0; detection_delay=-1
fair_null,643,0,1.30029258011,4,0.027027027027,0.06,20261232,1,3000,3000,0,0,-1,0.149666666667,-1,any_alarm_under_fair_null,first_alarm=0; detection_delay=-1
fair_null,644,0,1.26581615058,4,0.027027027027,0.06,20261232,1,3000,3000,0,0,-1,0.149666666667,-1,any_alarm_under_fair_null,first_alarm=0; detection_delay=-1
fair_null,645,0,1.23133972105,4,0.027027027027,0.06,20261232,1,3000,3000,0,0,-1,0.149666666667,-1,any_alarm_under_fair_null,first_alarm=0; detection_delay=-1
fair_null,646,0,1.19686329152,4,0.027027027027,0.06,20261232,1,3000,3000,0,0,-1,0.149666666667,-1,any_alarm_under_fair_null,first_alarm=0; detection_delay=-1
fair_null,647,0,1.16238686199,4,0.027027027027,0.06,20261232,1,3000,3000,0,0,-1,0.149666666667,-1,any_alarm_under_fair_null,first_alarm=0; detection_delay=-1
fair_null,648,0,1.12791043246,4,0.027027027027,0.06,20261232,1,3000,3000,0,0,-1,0.149666666667,-1,any_alarm_under_fair_null,first_alarm=0; detection_delay=-1
fair_null,649,0,1.09343400293,4,0.027027027027,0.06,20261232,1,3000,3000,0,0,-1,0.149666666667,-1,any_alarm_under_fair_null,first_alarm=0; detection_delay=-1
fair_null,650,0,1.0589575734,4,0.027027027027,0.06,20261232,1,3000,3000,0,0,-1,0.149666666667,-1,any_alarm_under_fair_null,first_alarm=0; detection_delay=-1
fair_null,651,0,1.02448114387,4,0.027027027027,0.06,20261232,1,3000,3000,0,0,-1,0.149666666667,-1,any_alarm_under_fair_null,first_alarm=0; detection_delay=-1
fair_null,652,0,0.990004714342,4,0.027027027027,0.06,20261232,1,3000,3000,0,0,-1,0.149666666667,-1,any_alarm_under_fair_null,first_alarm=0; detection_delay=-1
fair_null,653,0,0.955528284812,4,0.027027027027,0.06,20261232,1,3000,3000,0,0,-1,0.149666666667,-1,any_alarm_under_fair_null,first_alarm=0; detection_delay=-1
fair_null,654,0,0.921051855282,4,0.027027027027,0.06,20261232,1,3000,3000,0,0,-1,0.149666666667,-1,any_alarm_under_fair_null,first_alarm=0; detection_delay=-1
fair_null,655,0,0.886575425752,4,0.027027027027,0.06,20261232,1,3000,3000,0,0,-1,0.149666666667,-1,any_alarm_under_fair_null,first_alarm=0; detection_delay=-1
fair_null,656,1,1.68408262164,4,0.027027027027,0.06,20261232,1,3000,3000,0,0,-1,0.149666666667,-1,any_alarm_under_fair_null,first_alarm=0; detection_delay=-1
fair_null,657,0,1.64960619211,4,0.027027027027,0.06,20261232,1,3000,3000,0,0,-1,0.149666666667,-1,any_alarm_under_fair_null,first_alarm=0; detection_delay=-1
fair_null,658,0,1.61512976258,4,0.027027027027,0.06,20261232,1,3000,3000,0,0,-1,0.149666666667,-1,any_alarm_under_fair_null,first_alarm=0; detection_delay=-1
fair_null,659,0,1.58065333305,4,0.027027027027,0.06,20261232,1,3000,3000,0,0,-1,0.149666666667,-1,any_alarm_under_fair_null,first_alarm=0; detection_delay=-1
fair_null,660,0,1.54617690352,4,0.027027027027,0.06,20261232,1,3000,3000,0,0,-1,0.149666666667,-1,any_alarm_under_fair_null,first_alarm=0; detection_delay=-1
fair_null,661,0,1.51170047399,4,0.027027027027,0.06,20261232,1,3000,3000,0,0,-1,0.149666666667,-1,any_alarm_under_fair_null,first_alarm=0; detection_delay=-1
fair_null,662,0,1.47722404446,4,0.027027027027,0.06,20261232,1,3000,3000,0,0,-1,0.149666666667,-1,any_alarm_under_fair_null,first_alarm=0; detection_delay=-1
fair_null,663,0,1.44274761493,4,0.027027027027,0.06,20261232,1,3000,3000,0,0,-1,0.149666666667,-1,any_alarm_under_fair_null,first_alarm=0; detection_delay=-1
fair_null,664,0,1.4082711854,4,0.027027027027,0.06,20261232,1,3000,3000,0,0,-1,0.149666666667,-1,any_alarm_under_fair_null,first_alarm=0; detection_delay=-1
fair_null,665,0,1.37379475587,4,0.027027027027,0.06,20261232,1,3000,3000,0,0,-1,0.149666666667,-1,any_alarm_under_fair_null,first_alarm=0; detection_delay=-1
fair_null,666,1,2.17130195175,4,0.027027027027,0.06,20261232,1,3000,3000,0,0,-1,0.149666666667,-1,any_alarm_under_fair_null,first_alarm=0; detection_delay=-1
fair_null,667,0,2.13682552222,4,0.027027027027,0.06,20261232,1,3000,3000,0,0,-1,0.149666666667,-1,any_alarm_under_fair_null,first_alarm=0; detection_delay=-1
fair_null,668,0,2.10234909269,4,0.027027027027,0.06,20261232,1,3000,3000,0,0,-1,0.149666666667,-1,any_alarm_under_fair_null,first_alarm=0; detection_delay=-1
fair_null,669,0,2.06787266316,4,0.027027027027,0.06,20261232,1,3000,3000,0,0,-1,0.149666666667,-1,any_alarm_under_fair_null,first_alarm=0; detection_delay=-1
fair_null,670,0,2.03339623363,4,0.027027027027,0.06,20261232,1,3000,3000,0,0,-1,0.149666666667,-1,any_alarm_under_fair_null,first_alarm=0; detection_delay=-1
fair_null,671,0,1.9989198041,4,0.027027027027,0.06,20261232,1,3000,3000,0,0,-1,0.149666666667,-1,any_alarm_under_fair_null,first_alarm=0; detection_delay=-1
fair_null,672,0,1.96444337457,4,0.027027027027,0.06,20261232,1,3000,3000,0,0,-1,0.149666666667,-1,any_alarm_under_fair_null,first_alarm=0; detection_delay=-1
fair_null,673,0,1.92996694504,4,0.027027027027,0.06,20261232,1,3000,3000,0,0,-1,0.149666666667,-1,any_alarm_under_fair_null,first_alarm=0; detection_delay=-1
fair_null,674,0,1.89549051551,4,0.027027027027,0.06,20261232,1,3000,3000,0,0,-1,0.149666666667,-1,any_alarm_under_fair_null,first_alarm=0; detection_delay=-1
fair_null,675,0,1.86101408598,4,0.027027027027,0.06,20261232,1,3000,3000,0,0,-1,0.149666666667,-1,any_alarm_under_fair_null,first_alarm=0; detection_delay=-1
fair_null,676,0,1.82653765645,4,0.027027027027,0.06,20261232,1,3000,3000,0,0,-1,0.149666666667,-1,any_alarm_under_fair_null,first_alarm=0; detection_delay=-1
fair_null,677,0,1.79206122692,4,0.027027027027,0.06,20261232,1,3000,3000,0,0,-1,0.149666666667,-1,any_alarm_under_fair_null,first_alarm=0; detection_delay=-1
fair_null,678,0,1.75758479739,4,0.027027027027,0.06,20261232,1,3000,3000,0,0,-1,0.149666666667,-1,any_alarm_under_fair_null,first_alarm=0; detection_delay=-1
fair_null,679,0,1.72310836786,4,0.027027027027,0.06,20261232,1,3000,3000,0,0,-1,0.149666666667,-1,any_alarm_under_fair_null,first_alarm=0; detection_delay=-1
fair_null,680,0,1.68863193833,4,0.027027027027,0.06,20261232,1,3000,3000,0,0,-1,0.149666666667,-1,any_alarm_under_fair_null,first_alarm=0; detection_delay=-1
fair_null,681,0,1.6541555088,4,0.027027027027,0.06,20261232,1,3000,3000,0,0,-1,0.149666666667,-1,any_alarm_under_fair_null,first_alarm=0; detection_delay=-1
fair_null,682,0,1.61967907927,4,0.027027027027,0.06,20261232,1,3000,3000,0,0,-1,0.149666666667,-1,any_alarm_under_fair_null,first_alarm=0; detection_delay=-1
fair_null,683,0,1.58520264974,4,0.027027027027,0.06,20261232,1,3000,3000,0,0,-1,0.149666666667,-1,any_alarm_under_fair_null,first_alarm=0; detection_delay=-1
fair_null,684,0,1.55072622021,4,0.027027027027,0.06,20261232,1,3000,3000,0,0,-1,0.149666666667,-1,any_alarm_under_fair_null,first_alarm=0; detection_delay=-1
fair_null,685,0,1.51624979068,4,0.027027027027,0.06,20261232,1,3000,3000,0,0,-1,0.149666666667,-1,any_alarm_under_fair_null,first_alarm=0; detection_delay=-1
fair_null,686,0,1.48177336115,4,0.027027027027,0.06,20261232,1,3000,3000,0,0,-1,0.149666666667,-1,any_alarm_under_fair_null,first_alarm=0; detection_delay=-1
fair_null,687,0,1.44729693162,4,0.027027027027,0.06,20261232,1,3000,3000,0,0,-1,0.149666666667,-1,any_alarm_under_fair_null,first_alarm=0; detection_delay=-1
fair_null,688,0,1.41282050209,4,0.027027027027,0.06,20261232,1,3000,3000,0,0,-1,0.149666666667,-1,any_alarm_under_fair_null,first_alarm=0; detection_delay=-1
fair_null,689,0,1.37834407256,4,0.027027027027,0.06,20261232,1,3000,3000,0,0,-1,0.149666666667,-1,any_alarm_under_fair_null,first_alarm=0; detection_delay=-1
fair_null,690,0,1.34386764303,4,0.027027027027,0.06,20261232,1,3000,3000,0,0,-1,0.149666666667,-1,any_alarm_under_fair_null,first_alarm=0; detection_delay=-1
fair_null,691,0,1.3093912135,4,0.027027027027,0.06,20261232,1,3000,3000,0,0,-1,0.149666666667,-1,any_alarm_under_fair_null,first_alarm=0; detection_delay=-1
fair_null,692,0,1.27491478397,4,0.027027027027,0.06,20261232,1,3000,3000,0,0,-1,0.149666666667,-1,any_alarm_under_fair_null,first_alarm=0; detection_delay=-1
fair_null,693,0,1.24043835444,4,0.027027027027,0.06,20261232,1,3000,3000,0,0,-1,0.149666666667,-1,any_alarm_under_fair_null,first_alarm=0; detection_delay=-1
fair_null,694,0,1.20596192491,4,0.027027027027,0.06,20261232,1,3000,3000,0,0,-1,0.149666666667,-1,any_alarm_under_fair_null,first_alarm=0; detection_delay=-1
fair_null,695,0,1.17148549538,4,0.027027027027,0.06,20261232,1,3000,3000,0,0,-1,0.149666666667,-1,any_alarm_under_fair_null,first_alarm=0; detection_delay=-1
fair_null,696,0,1.13700906585,4,0.027027027027,0.06,20261232,1,3000,3000,0,0,-1,0.149666666667,-1,any_alarm_under_fair_null,first_alarm=0; detection_delay=-1
fair_null,697,0,1.10253263632,4,0.027027027027,0.06,20261232,1,3000,3000,0,0,-1,0.149666666667,-1,any_alarm_under_fair_null,first_alarm=0; detection_delay=-1
fair_null,698,0,1.06805620679,4,0.027027027027,0.06,20261232,1,3000,3000,0,0,-1,0.149666666667,-1,any_alarm_under_fair_null,first_alarm=0; detection_delay=-1
fair_null,699,0,1.03357977726,4,0.027027027027,0.06,20261232,1,3000,3000,0,0,-1,0.149666666667,-1,any_alarm_under_fair_null,first_alarm=0; detection_delay=-1
fair_null,700,0,0.999103347731,4,0.027027027027,0.06,20261232,1,3000,3000,0,0,-1,0.149666666667,-1,any_alarm_under_fair_null,first_alarm=0; detection_delay=-1
fair_null,701,0,0.964626918201,4,0.027027027027,0.06,20261232,1,3000,3000,0,0,-1,0.149666666667,-1,any_alarm_under_fair_null,first_alarm=0; detection_delay=-1
fair_null,702,0,0.930150488671,4,0.027027027027,0.06,20261232,1,3000,3000,0,0,-1,0.149666666667,-1,any_alarm_under_fair_null,first_alarm=0; detection_delay=-1
fair_null,703,0,0.895674059141,4,0.027027027027,0.06,20261232,1,3000,3000,0,0,-1,0.149666666667,-1,any_alarm_under_fair_null,first_alarm=0; detection_delay=-1
fair_null,704,0,0.861197629611,4,0.027027027027,0.06,20261232,1,3000,3000,0,0,-1,0.149666666667,-1,any_alarm_under_fair_null,first_alarm=0; detection_delay=-1
fair_null,705,1,1.6587048255,4,0.027027027027,0.06,20261232,1,3000,3000,0,0,-1,0.149666666667,-1,any_alarm_under_fair_null,first_alarm=0; detection_delay=-1
fair_null,706,0,1.62422839597,4,0.027027027027,0.06,20261232,1,3000,3000,0,0,-1,0.149666666667,-1,any_alarm_under_fair_null,first_alarm=0; detection_delay=-1
fair_null,707,0,1.58975196644,4,0.027027027027,0.06,20261232,1,3000,3000,0,0,-1,0.149666666667,-1,any_alarm_under_fair_null,first_alarm=0; detection_delay=-1
fair_null,708,0,1.55527553691,4,0.027027027027,0.06,20261232,1,3000,3000,0,0,-1,0.149666666667,-1,any_alarm_under_fair_null,first_alarm=0; detection_delay=-1
fair_null,709,0,1.52079910738,4,0.027027027027,0.06,20261232,1,3000,3000,0,0,-1,0.149666666667,-1,any_alarm_under_fair_null,first_alarm=0; detection_delay=-1
fair_null,710,0,1.48632267785,4,0.027027027027,0.06,20261232,1,3000,3000,0,0,-1,0.149666666667,-1,any_alarm_under_fair_null,first_alarm=0; detection_delay=-1
fair_null,711,0,1.45184624832,4,0.027027027027,0.06,20261232,1,3000,3000,0,0,-1,0.149666666667,-1,any_alarm_under_fair_null,first_alarm=0; detection_delay=-1
fair_null,712,0,1.41736981879,4,0.027027027027,0.06,20261232,1,3000,3000,0,0,-1,0.149666666667,-1,any_alarm_under_fair_null,first_alarm=0; detection_delay=-1
fair_null,713,0,1.38289338926,4,0.027027027027,0.06,20261232,1,3000,3000,0,0,-1,0.149666666667,-1,any_alarm_under_fair_null,first_alarm=0; detection_delay=-1
fair_null,714,0,1.34841695973,4,0.027027027027,0.06,20261232,1,3000,3000,0,0,-1,0.149666666667,-1,any_alarm_under_fair_null,first_alarm=0; detection_delay=-1
fair_null,715,0,1.3139405302,4,0.027027027027,0.06,20261232,1,3000,3000,0,0,-1,0.149666666667,-1,any_alarm_under_fair_null,first_alarm=0; detection_delay=-1
fair_null,716,0,1.27946410067,4,0.027027027027,0.06,20261232,1,3000,3000,0,0,-1,0.149666666667,-1,any_alarm_under_fair_null,first_alarm=0; detection_delay=-1
fair_null,717,0,1.24498767114,4,0.027027027027,0.06,20261232,1,3000,3000,0,0,-1,0.149666666667,-1,any_alarm_under_fair_null,first_alarm=0; detection_delay=-1
fair_null,718,0,1.21051124161,4,0.027027027027,0.06,20261232,1,3000,3000,0,0,-1,0.149666666667,-1,any_alarm_under_fair_null,first_alarm=0; detection_delay=-1
fair_null,719,0,1.17603481208,4,0.027027027027,0.06,20261232,1,3000,3000,0,0,-1,0.149666666667,-1,any_alarm_under_fair_null,first_alarm=0; detection_delay=-1
fair_null,720,0,1.14155838255,4,0.027027027027,0.06,20261232,1,3000,3000,0,0,-1,0.149666666667,-1,any_alarm_under_fair_null,first_alarm=0; detection_delay=-1
fair_null,721,0,1.10708195302,4,0.027027027027,0.06,20261232,1,3000,3000,0,0,-1,0.149666666667,-1,any_alarm_under_fair_null,first_alarm=0; detection_delay=-1
fair_null,722,0,1.07260552349,4,0.027027027027,0.06,20261232,1,3000,3000,0,0,-1,0.149666666667,-1,any_alarm_under_fair_null,first_alarm=0; detection_delay=-1
fair_null,723,0,1.03812909396,4,0.027027027027,0.06,20261232,1,3000,3000,0,0,-1,0.149666666667,-1,any_alarm_under_fair_null,first_alarm=0; detection_delay=-1
fair_null,724,0,1.00365266443,4,0.027027027027,0.06,20261232,1,3000,3000,0,0,-1,0.149666666667,-1,any_alarm_under_fair_null,first_alarm=0; detection_delay=-1
fair_null,725,0,0.969176234896,4,0.027027027027,0.06,20261232,1,3000,3000,0,0,-1,0.149666666667,-1,any_alarm_under_fair_null,first_alarm=0; detection_delay=-1
fair_null,726,0,0.934699805366,4,0.027027027027,0.06,20261232,1,3000,3000,0,0,-1,0.149666666667,-1,any_alarm_under_fair_null,first_alarm=0; detection_delay=-1
fair_null,727,0,0.900223375836,4,0.027027027027,0.06,20261232,1,3000,3000,0,0,-1,0.149666666667,-1,any_alarm_under_fair_null,first_alarm=0; detection_delay=-1
fair_null,728,0,0.865746946306,4,0.027027027027,0.06,20261232,1,3000,3000,0,0,-1,0.149666666667,-1,any_alarm_under_fair_null,first_alarm=0; detection_delay=-1
fair_null,729,0,0.831270516776,4,0.027027027027,0.06,20261232,1,3000,3000,0,0,-1,0.149666666667,-1,any_alarm_under_fair_null,first_alarm=0; detection_delay=-1
fair_null,730,0,0.796794087246,4,0.027027027027,0.06,20261232,1,3000,3000,0,0,-1,0.149666666667,-1,any_alarm_under_fair_null,first_alarm=0; detection_delay=-1
fair_null,731,0,0.762317657716,4,0.027027027027,0.06,20261232,1,3000,3000,0,0,-1,0.149666666667,-1,any_alarm_under_fair_null,first_alarm=0; detection_delay=-1
fair_null,732,0,0.727841228186,4,0.027027027027,0.06,20261232,1,3000,3000,0,0,-1,0.149666666667,-1,any_alarm_under_fair_null,first_alarm=0; detection_delay=-1
fair_null,733,0,0.693364798656,4,0.027027027027,0.06,20261232,1,3000,3000,0,0,-1,0.149666666667,-1,any_alarm_under_fair_null,first_alarm=0; detection_delay=-1
fair_null,734,0,0.658888369126,4,0.027027027027,0.06,20261232,1,3000,3000,0,0,-1,0.149666666667,-1,any_alarm_under_fair_null,first_alarm=0; detection_delay=-1
fair_null,735,0,0.624411939596,4,0.027027027027,0.06,20261232,1,3000,3000,0,0,-1,0.149666666667,-1,any_alarm_under_fair_null,first_alarm=0; detection_delay=-1
fair_null,736,0,0.589935510067,4,0.027027027027,0.06,20261232,1,3000,3000,0,0,-1,0.149666666667,-1,any_alarm_under_fair_null,first_alarm=0; detection_delay=-1
fair_null,737,0,0.555459080537,4,0.027027027027,0.06,20261232,1,3000,3000,0,0,-1,0.149666666667,-1,any_alarm_under_fair_null,first_alarm=0; detection_delay=-1
fair_null,738,0,0.520982651007,4,0.027027027027,0.06,20261232,1,3000,3000,0,0,-1,0.149666666667,-1,any_alarm_under_fair_null,first_alarm=0; detection_delay=-1
fair_null,739,0,0.486506221477,4,0.027027027027,0.06,20261232,1,3000,3000,0,0,-1,0.149666666667,-1,any_alarm_under_fair_null,first_alarm=0; detection_delay=-1
fair_null,740,0,0.452029791947,4,0.027027027027,0.06,20261232,1,3000,3000,0,0,-1,0.149666666667,-1,any_alarm_under_fair_null,first_alarm=0; detection_delay=-1
fair_null,741,0,0.417553362417,4,0.027027027027,0.06,20261232,1,3000,3000,0,0,-1,0.149666666667,-1,any_alarm_under_fair_null,first_alarm=0; detection_delay=-1
fair_null,742,0,0.383076932887,4,0.027027027027,0.06,20261232,1,3000,3000,0,0,-1,0.149666666667,-1,any_alarm_under_fair_null,first_alarm=0; detection_delay=-1
fair_null,743,0,0.348600503357,4,0.027027027027,0.06,20261232,1,3000,3000,0,0,-1,0.149666666667,-1,any_alarm_under_fair_null,first_alarm=0; detection_delay=-1
fair_null,744,0,0.314124073827,4,0.027027027027,0.06,20261232,1,3000,3000,0,0,-1,0.149666666667,-1,any_alarm_under_fair_null,first_alarm=0; detection_delay=-1
fair_null,745,0,0.279647644297,4,0.027027027027,0.06,20261232,1,3000,3000,0,0,-1,0.149666666667,-1,any_alarm_under_fair_null,first_alarm=0; detection_delay=-1
fair_null,746,1,1.07715484018,4,0.027027027027,0.06,20261232,1,3000,3000,0,0,-1,0.149666666667,-1,any_alarm_under_fair_null,first_alarm=0; detection_delay=-1
fair_null,747,0,1.04267841065,4,0.027027027027,0.06,20261232,1,3000,3000,0,0,-1,0.149666666667,-1,any_alarm_under_fair_null,first_alarm=0; detection_delay=-1
fair_null,748,1,1.84018560654,4,0.027027027027,0.06,20261232,1,3000,3000,0,0,-1,0.149666666667,-1,any_alarm_under_fair_null,first_alarm=0; detection_delay=-1
fair_null,749,0,1.80570917701,4,0.027027027027,0.06,20261232,1,3000,3000,0,0,-1,0.149666666667,-1,any_alarm_under_fair_null,first_alarm=0; detection_delay=-1
fair_null,750,0,1.77123274748,4,0.027027027027,0.06,20261232,1,3000,3000,0,0,-1,0.149666666667,-1,any_alarm_under_fair_null,first_alarm=0; detection_delay=-1
fair_null,751,0,1.73675631795,4,0.027027027027,0.06,20261232,1,3000,3000,0,0,-1,0.149666666667,-1,any_alarm_under_fair_null,first_alarm=0; detection_delay=-1
fair_null,752,0,1.70227988842,4,0.027027027027,0.06,20261232,1,3000,3000,0,0,-1,0.149666666667,-1,any_alarm_under_fair_null,first_alarm=0; detection_delay=-1
fair_null,753,0,1.66780345889,4,0.027027027027,0.06,20261232,1,3000,3000,0,0,-1,0.149666666667,-1,any_alarm_under_fair_null,first_alarm=0; detection_delay=-1
fair_null,754,0,1.63332702936,4,0.027027027027,0.06,20261232,1,3000,3000,0,0,-1,0.149666666667,-1,any_alarm_under_fair_null,first_alarm=0; detection_delay=-1
fair_null,755,0,1.59885059983,4,0.027027027027,0.06,20261232,1,3000,3000,0,0,-1,0.149666666667,-1,any_alarm_under_fair_null,first_alarm=0; detection_delay=-1
fair_null,756,0,1.5643741703,4,0.027027027027,0.06,20261232,1,3000,3000,0,0,-1,0.149666666667,-1,any_alarm_under_fair_null,first_alarm=0; detection_delay=-1
fair_null,757,0,1.52989774077,4,0.027027027027,0.06,20261232,1,3000,3000,0,0,-1,0.149666666667,-1,any_alarm_under_fair_null,first_alarm=0; detection_delay=-1
fair_null,758,0,1.49542131124,4,0.027027027027,0.06,20261232,1,3000,3000,0,0,-1,0.149666666667,-1,any_alarm_under_fair_null,first_alarm=0; detection_delay=-1
fair_null,759,0,1.46094488171,4,0.027027027027,0.06,20261232,1,3000,3000,0,0,-1,0.149666666667,-1,any_alarm_under_fair_null,first_alarm=0; detection_delay=-1
fair_null,760,0,1.42646845218,4,0.027027027027,0.06,20261232,1,3000,3000,0,0,-1,0.149666666667,-1,any_alarm_under_fair_null,first_alarm=0; detection_delay=-1
fair_null,761,0,1.39199202265,4,0.027027027027,0.06,20261232,1,3000,3000,0,0,-1,0.149666666667,-1,any_alarm_under_fair_null,first_alarm=0; detection_delay=-1
fair_null,762,0,1.35751559312,4,0.027027027027,0.06,20261232,1,3000,3000,0,0,-1,0.149666666667,-1,any_alarm_under_fair_null,first_alarm=0; detection_delay=-1
fair_null,763,1,2.155022789,4,0.027027027027,0.06,20261232,1,3000,3000,0,0,-1,0.149666666667,-1,any_alarm_under_fair_null,first_alarm=0; detection_delay=-1
fair_null,764,0,2.12054635947,4,0.027027027027,0.06,20261232,1,3000,3000,0,0,-1,0.149666666667,-1,any_alarm_under_fair_null,first_alarm=0; detection_delay=-1
fair_null,765,0,2.08606992994,4,0.027027027027,0.06,20261232,1,3000,3000,0,0,-1,0.149666666667,-1,any_alarm_under_fair_null,first_alarm=0; detection_delay=-1
fair_null,766,0,2.05159350041,4,0.027027027027,0.06,20261232,1,3000,3000,0,0,-1,0.149666666667,-1,any_alarm_under_fair_null,first_alarm=0; detection_delay=-1
fair_null,767,0,2.01711707088,4,0.027027027027,0.06,20261232,1,3000,3000,0,0,-1,0.149666666667,-1,any_alarm_under_fair_null,first_alarm=0; detection_delay=-1
fair_null,768,0,1.98264064135,4,0.027027027027,0.06,20261232,1,3000,3000,0,0,-1,0.149666666667,-1,any_alarm_under_fair_null,first_alarm=0; detection_delay=-1
fair_null,769,0,1.94816421182,4,0.027027027027,0.06,20261232,1,3000,3000,0,0,-1,0.149666666667,-1,any_alarm_under_fair_null,first_alarm=0; detection_delay=-1
fair_null,770,0,1.91368778229,4,0.027027027027,0.06,20261232,1,3000,3000,0,0,-1,0.149666666667,-1,any_alarm_under_fair_null,first_alarm=0; detection_delay=-1
fair_null,771,0,1.87921135276,4,0.027027027027,0.06,20261232,1,3000,3000,0,0,-1,0.149666666667,-1,any_alarm_under_fair_null,first_alarm=0; detection_delay=-1
fair_null,772,0,1.84473492323,4,0.027027027027,0.06,20261232,1,3000,3000,0,0,-1,0.149666666667,-1,any_alarm_under_fair_null,first_alarm=0; detection_delay=-1
fair_null,773,0,1.8102584937,4,0.027027027027,0.06,20261232,1,3000,3000,0,0,-1,0.149666666667,-1,any_alarm_under_fair_null,first_alarm=0; detection_delay=-1
fair_null,774,0,1.77578206417,4,0.027027027027,0.06,20261232,1,3000,3000,0,0,-1,0.149666666667,-1,any_alarm_under_fair_null,first_alarm=0; detection_delay=-1
fair_null,775,0,1.74130563464,4,0.027027027027,0.06,20261232,1,3000,3000,0,0,-1,0.149666666667,-1,any_alarm_under_fair_null,first_alarm=0; detection_delay=-1
fair_null,776,0,1.70682920511,4,0.027027027027,0.06,20261232,1,3000,3000,0,0,-1,0.149666666667,-1,any_alarm_under_fair_null,first_alarm=0; detection_delay=-1
fair_null,777,0,1.67235277558,4,0.027027027027,0.06,20261232,1,3000,3000,0,0,-1,0.149666666667,-1,any_alarm_under_fair_null,first_alarm=0; detection_delay=-1
fair_null,778,0,1.63787634605,4,0.027027027027,0.06,20261232,1,3000,3000,0,0,-1,0.149666666667,-1,any_alarm_under_fair_null,first_alarm=0; detection_delay=-1
fair_null,779,0,1.60339991652,4,0.027027027027,0.06,20261232,1,3000,3000,0,0,-1,0.149666666667,-1,any_alarm_under_fair_null,first_alarm=0; detection_delay=-1
fair_null,780,0,1.56892348699,4,0.027027027027,0.06,20261232,1,3000,3000,0,0,-1,0.149666666667,-1,any_alarm_under_fair_null,first_alarm=0; detection_delay=-1
fair_null,781,0,1.53444705746,4,0.027027027027,0.06,20261232,1,3000,3000,0,0,-1,0.149666666667,-1,any_alarm_under_fair_null,first_alarm=0; detection_delay=-1
fair_null,782,0,1.49997062793,4,0.027027027027,0.06,20261232,1,3000,3000,0,0,-1,0.149666666667,-1,any_alarm_under_fair_null,first_alarm=0; detection_delay=-1
fair_null,783,0,1.4654941984,4,0.027027027027,0.06,20261232,1,3000,3000,0,0,-1,0.149666666667,-1,any_alarm_under_fair_null,first_alarm=0; detection_delay=-1
fair_null,784,0,1.43101776887,4,0.027027027027,0.06,20261232,1,3000,3000,0,0,-1,0.149666666667,-1,any_alarm_under_fair_null,first_alarm=0; detection_delay=-1
fair_null,785,0,1.39654133934,4,0.027027027027,0.06,20261232,1,3000,3000,0,0,-1,0.149666666667,-1,any_alarm_under_fair_null,first_alarm=0; detection_delay=-1
fair_null,786,0,1.36206490981,4,0.027027027027,0.06,20261232,1,3000,3000,0,0,-1,0.149666666667,-1,any_alarm_under_fair_null,first_alarm=0; detection_delay=-1
fair_null,787,0,1.32758848028,4,0.027027027027,0.06,20261232,1,3000,3000,0,0,-1,0.149666666667,-1,any_alarm_under_fair_null,first_alarm=0; detection_delay=-1
fair_null,788,0,1.29311205075,4,0.027027027027,0.06,20261232,1,3000,3000,0,0,-1,0.149666666667,-1,any_alarm_under_fair_null,first_alarm=0; detection_delay=-1
fair_null,789,0,1.25863562122,4,0.027027027027,0.06,20261232,1,3000,3000,0,0,-1,0.149666666667,-1,any_alarm_under_fair_null,first_alarm=0; detection_delay=-1
fair_null,790,0,1.22415919169,4,0.027027027027,0.06,20261232,1,3000,3000,0,0,-1,0.149666666667,-1,any_alarm_under_fair_null,first_alarm=0; detection_delay=-1
fair_null,791,0,1.18968276216,4,0.027027027027,0.06,20261232,1,3000,3000,0,0,-1,0.149666666667,-1,any_alarm_under_fair_null,first_alarm=0; detection_delay=-1
fair_null,792,0,1.15520633263,4,0.027027027027,0.06,20261232,1,3000,3000,0,0,-1,0.149666666667,-1,any_alarm_under_fair_null,first_alarm=0; detection_delay=-1
fair_null,793,0,1.1207299031,4,0.027027027027,0.06,20261232,1,3000,3000,0,0,-1,0.149666666667,-1,any_alarm_under_fair_null,first_alarm=0; detection_delay=-1
fair_null,794,0,1.08625347357,4,0.027027027027,0.06,20261232,1,3000,3000,0,0,-1,0.149666666667,-1,any_alarm_under_fair_null,first_alarm=0; detection_delay=-1
fair_null,795,0,1.05177704404,4,0.027027027027,0.06,20261232,1,3000,3000,0,0,-1,0.149666666667,-1,any_alarm_under_fair_null,first_alarm=0; detection_delay=-1
fair_null,796,0,1.01730061451,4,0.027027027027,0.06,20261232,1,3000,3000,0,0,-1,0.149666666667,-1,any_alarm_under_fair_null,first_alarm=0; detection_delay=-1
fair_null,797,0,0.982824184981,4,0.027027027027,0.06,20261232,1,3000,3000,0,0,-1,0.149666666667,-1,any_alarm_under_fair_null,first_alarm=0; detection_delay=-1
fair_null,798,0,0.948347755451,4,0.027027027027,0.06,20261232,1,3000,3000,0,0,-1,0.149666666667,-1,any_alarm_under_fair_null,first_alarm=0; detection_delay=-1
fair_null,799,0,0.913871325921,4,0.027027027027,0.06,20261232,1,3000,3000,0,0,-1,0.149666666667,-1,any_alarm_under_fair_null,first_alarm=0; detection_delay=-1
fair_null,800,0,0.879394896391,4,0.027027027027,0.06,20261232,1,3000,3000,0,0,-1,0.149666666667,-1,any_alarm_under_fair_null,first_alarm=0; detection_delay=-1
fair_null,801,0,0.844918466861,4,0.027027027027,0.06,20261232,1,3000,3000,0,0,-1,0.149666666667,-1,any_alarm_under_fair_null,first_alarm=0; detection_delay=-1
fair_null,802,0,0.810442037331,4,0.027027027027,0.06,20261232,1,3000,3000,0,0,-1,0.149666666667,-1,any_alarm_under_fair_null,first_alarm=0; detection_delay=-1
fair_null,803,0,0.775965607801,4,0.027027027027,0.06,20261232,1,3000,3000,0,0,-1,0.149666666667,-1,any_alarm_under_fair_null,first_alarm=0; detection_delay=-1
fair_null,804,0,0.741489178271,4,0.027027027027,0.06,20261232,1,3000,3000,0,0,-1,0.149666666667,-1,any_alarm_under_fair_null,first_alarm=0; detection_delay=-1
fair_null,805,0,0.707012748741,4,0.027027027027,0.06,20261232,1,3000,3000,0,0,-1,0.149666666667,-1,any_alarm_under_fair_null,first_alarm=0; detection_delay=-1
fair_null,806,0,0.672536319211,4,0.027027027027,0.06,20261232,1,3000,3000,0,0,-1,0.149666666667,-1,any_alarm_under_fair_null,first_alarm=0; detection_delay=-1
fair_null,807,0,0.638059889681,4,0.027027027027,0.06,20261232,1,3000,3000,0,0,-1,0.149666666667,-1,any_alarm_under_fair_null,first_alarm=0; detection_delay=-1
fair_null,808,0,0.603583460151,4,0.027027027027,0.06,20261232,1,3000,3000,0,0,-1,0.149666666667,-1,any_alarm_under_fair_null,first_alarm=0; detection_delay=-1
fair_null,809,0,0.569107030621,4,0.027027027027,0.06,20261232,1,3000,3000,0,0,-1,0.149666666667,-1,any_alarm_under_fair_null,first_alarm=0; detection_delay=-1
fair_null,810,0,0.534630601091,4,0.027027027027,0.06,20261232,1,3000,3000,0,0,-1,0.149666666667,-1,any_alarm_under_fair_null,first_alarm=0; detection_delay=-1
fair_null,811,0,0.500154171561,4,0.027027027027,0.06,20261232,1,3000,3000,0,0,-1,0.149666666667,-1,any_alarm_under_fair_null,first_alarm=0; detection_delay=-1
fair_null,812,0,0.465677742031,4,0.027027027027,0.06,20261232,1,3000,3000,0,0,-1,0.149666666667,-1,any_alarm_under_fair_null,first_alarm=0; detection_delay=-1
fair_null,813,0,0.431201312501,4,0.027027027027,0.06,20261232,1,3000,3000,0,0,-1,0.149666666667,-1,any_alarm_under_fair_null,first_alarm=0; detection_delay=-1
fair_null,814,0,0.396724882971,4,0.027027027027,0.06,20261232,1,3000,3000,0,0,-1,0.149666666667,-1,any_alarm_under_fair_null,first_alarm=0; detection_delay=-1
fair_null,815,0,0.362248453441,4,0.027027027027,0.06,20261232,1,3000,3000,0,0,-1,0.149666666667,-1,any_alarm_under_fair_null,first_alarm=0; detection_delay=-1
fair_null,816,0,0.327772023911,4,0.027027027027,0.06,20261232,1,3000,3000,0,0,-1,0.149666666667,-1,any_alarm_under_fair_null,first_alarm=0; detection_delay=-1
fair_null,817,0,0.293295594381,4,0.027027027027,0.06,20261232,1,3000,3000,0,0,-1,0.149666666667,-1,any_alarm_under_fair_null,first_alarm=0; detection_delay=-1
fair_null,818,0,0.258819164851,4,0.027027027027,0.06,20261232,1,3000,3000,0,0,-1,0.149666666667,-1,any_alarm_under_fair_null,first_alarm=0; detection_delay=-1
fair_null,819,0,0.224342735321,4,0.027027027027,0.06,20261232,1,3000,3000,0,0,-1,0.149666666667,-1,any_alarm_under_fair_null,first_alarm=0; detection_delay=-1
fair_null,820,1,1.02184993121,4,0.027027027027,0.06,20261232,1,3000,3000,0,0,-1,0.149666666667,-1,any_alarm_under_fair_null,first_alarm=0; detection_delay=-1
fair_null,821,0,0.987373501675,4,0.027027027027,0.06,20261232,1,3000,3000,0,0,-1,0.149666666667,-1,any_alarm_under_fair_null,first_alarm=0; detection_delay=-1
fair_null,822,0,0.952897072145,4,0.027027027027,0.06,20261232,1,3000,3000,0,0,-1,0.149666666667,-1,any_alarm_under_fair_null,first_alarm=0; detection_delay=-1
fair_null,823,0,0.918420642616,4,0.027027027027,0.06,20261232,1,3000,3000,0,0,-1,0.149666666667,-1,any_alarm_under_fair_null,first_alarm=0; detection_delay=-1
fair_null,824,0,0.883944213086,4,0.027027027027,0.06,20261232,1,3000,3000,0,0,-1,0.149666666667,-1,any_alarm_under_fair_null,first_alarm=0; detection_delay=-1
fair_null,825,0,0.849467783556,4,0.027027027027,0.06,20261232,1,3000,3000,0,0,-1,0.149666666667,-1,any_alarm_under_fair_null,first_alarm=0; detection_delay=-1
fair_null,826,0,0.814991354026,4,0.027027027027,0.06,20261232,1,3000,3000,0,0,-1,0.149666666667,-1,any_alarm_under_fair_null,first_alarm=0; detection_delay=-1
fair_null,827,0,0.780514924496,4,0.027027027027,0.06,20261232,1,3000,3000,0,0,-1,0.149666666667,-1,any_alarm_under_fair_null,first_alarm=0; detection_delay=-1
fair_null,828,0,0.746038494966,4,0.027027027027,0.06,20261232,1,3000,3000,0,0,-1,0.149666666667,-1,any_alarm_under_fair_null,first_alarm=0; detection_delay=-1
fair_null,829,0,0.711562065436,4,0.027027027027,0.06,20261232,1,3000,3000,0,0,-1,0.149666666667,-1,any_alarm_under_fair_null,first_alarm=0; detection_delay=-1
fair_null,830,0,0.677085635906,4,0.027027027027,0.06,20261232,1,3000,3000,0,0,-1,0.149666666667,-1,any_alarm_under_fair_null,first_alarm=0; detection_delay=-1
fair_null,831,0,0.642609206376,4,0.027027027027,0.06,20261232,1,3000,3000,0,0,-1,0.149666666667,-1,any_alarm_under_fair_null,first_alarm=0; detection_delay=-1
fair_null,832,0,0.608132776846,4,0.027027027027,0.06,20261232,1,3000,3000,0,0,-1,0.149666666667,-1,any_alarm_under_fair_null,first_alarm=0; detection_delay=-1
fair_null,833,0,0.573656347316,4,0.027027027027,0.06,20261232,1,3000,3000,0,0,-1,0.149666666667,-1,any_alarm_under_fair_null,first_alarm=0; detection_delay=-1
fair_null,834,0,0.539179917786,4,0.027027027027,0.06,20261232,1,3000,3000,0,0,-1,0.149666666667,-1,any_alarm_under_fair_null,first_alarm=0; detection_delay=-1
fair_null,835,0,0.504703488256,4,0.027027027027,0.06,20261232,1,3000,3000,0,0,-1,0.149666666667,-1,any_alarm_under_fair_null,first_alarm=0; detection_delay=-1
fair_null,836,0,0.470227058726,4,0.027027027027,0.06,20261232,1,3000,3000,0,0,-1,0.149666666667,-1,any_alarm_under_fair_null,first_alarm=0; detection_delay=-1
fair_null,837,0,0.435750629196,4,0.027027027027,0.06,20261232,1,3000,3000,0,0,-1,0.149666666667,-1,any_alarm_under_fair_null,first_alarm=0; detection_delay=-1
fair_null,838,0,0.401274199666,4,0.027027027027,0.06,20261232,1,3000,3000,0,0,-1,0.149666666667,-1,any_alarm_under_fair_null,first_alarm=0; detection_delay=-1
fair_null,839,0,0.366797770136,4,0.027027027027,0.06,20261232,1,3000,3000,0,0,-1,0.149666666667,-1,any_alarm_under_fair_null,first_alarm=0; detection_delay=-1
fair_null,840,0,0.332321340606,4,0.027027027027,0.06,20261232,1,3000,3000,0,0,-1,0.149666666667,-1,any_alarm_under_fair_null,first_alarm=0; detection_delay=-1
fair_null,841,0,0.297844911076,4,0.027027027027,0.06,20261232,1,3000,3000,0,0,-1,0.149666666667,-1,any_alarm_under_fair_null,first_alarm=0; detection_delay=-1
fair_null,842,0,0.263368481546,4,0.027027027027,0.06,20261232,1,3000,3000,0,0,-1,0.149666666667,-1,any_alarm_under_fair_null,first_alarm=0; detection_delay=-1
fair_null,843,0,0.228892052016,4,0.027027027027,0.06,20261232,1,3000,3000,0,0,-1,0.149666666667,-1,any_alarm_under_fair_null,first_alarm=0; detection_delay=-1
fair_null,844,0,0.194415622486,4,0.027027027027,0.06,20261232,1,3000,3000,0,0,-1,0.149666666667,-1,any_alarm_under_fair_null,first_alarm=0; detection_delay=-1
fair_null,845,0,0.159939192956,4,0.027027027027,0.06,20261232,1,3000,3000,0,0,-1,0.149666666667,-1,any_alarm_under_fair_null,first_alarm=0; detection_delay=-1
fair_null,846,1,0.95744638884,4,0.027027027027,0.06,20261232,1,3000,3000,0,0,-1,0.149666666667,-1,any_alarm_under_fair_null,first_alarm=0; detection_delay=-1
fair_null,847,0,0.92296995931,4,0.027027027027,0.06,20261232,1,3000,3000,0,0,-1,0.149666666667,-1,any_alarm_under_fair_null,first_alarm=0; detection_delay=-1
fair_null,848,0,0.88849352978,4,0.027027027027,0.06,20261232,1,3000,3000,0,0,-1,0.149666666667,-1,any_alarm_under_fair_null,first_alarm=0; detection_delay=-1
fair_null,849,0,0.85401710025,4,0.027027027027,0.06,20261232,1,3000,3000,0,0,-1,0.149666666667,-1,any_alarm_under_fair_null,first_alarm=0; detection_delay=-1
fair_null,850,0,0.81954067072,4,0.027027027027,0.06,20261232,1,3000,3000,0,0,-1,0.149666666667,-1,any_alarm_under_fair_null,first_alarm=0; detection_delay=-1
fair_null,851,0,0.78506424119,4,0.027027027027,0.06,20261232,1,3000,3000,0,0,-1,0.149666666667,-1,any_alarm_under_fair_null,first_alarm=0; detection_delay=-1
fair_null,852,0,0.75058781166,4,0.027027027027,0.06,20261232,1,3000,3000,0,0,-1,0.149666666667,-1,any_alarm_under_fair_null,first_alarm=0; detection_delay=-1
fair_null,853,0,0.71611138213,4,0.027027027027,0.06,20261232,1,3000,3000,0,0,-1,0.149666666667,-1,any_alarm_under_fair_null,first_alarm=0; detection_delay=-1
fair_null,854,0,0.6816349526,4,0.027027027027,0.06,20261232,1,3000,3000,0,0,-1,0.149666666667,-1,any_alarm_under_fair_null,first_alarm=0; detection_delay=-1
fair_null,855,0,0.647158523071,4,0.027027027027,0.06,20261232,1,3000,3000,0,0,-1,0.149666666667,-1,any_alarm_under_fair_null,first_alarm=0; detection_delay=-1
fair_null,856,0,0.612682093541,4,0.027027027027,0.06,20261232,1,3000,3000,0,0,-1,0.149666666667,-1,any_alarm_under_fair_null,first_alarm=0; detection_delay=-1
fair_null,857,0,0.578205664011,4,0.027027027027,0.06,20261232,1,3000,3000,0,0,-1,0.149666666667,-1,any_alarm_under_fair_null,first_alarm=0; detection_delay=-1
fair_null,858,0,0.543729234481,4,0.027027027027,0.06,20261232,1,3000,3000,0,0,-1,0.149666666667,-1,any_alarm_under_fair_null,first_alarm=0; detection_delay=-1
fair_null,859,0,0.509252804951,4,0.027027027027,0.06,20261232,1,3000,3000,0,0,-1,0.149666666667,-1,any_alarm_under_fair_null,first_alarm=0; detection_delay=-1
fair_null,860,0,0.474776375421,4,0.027027027027,0.06,20261232,1,3000,3000,0,0,-1,0.149666666667,-1,any_alarm_under_fair_null,first_alarm=0; detection_delay=-1
fair_null,861,0,0.440299945891,4,0.027027027027,0.06,20261232,1,3000,3000,0,0,-1,0.149666666667,-1,any_alarm_under_fair_null,first_alarm=0; detection_delay=-1
fair_null,862,0,0.405823516361,4,0.027027027027,0.06,20261232,1,3000,3000,0,0,-1,0.149666666667,-1,any_alarm_under_fair_null,first_alarm=0; detection_delay=-1
fair_null,863,0,0.371347086831,4,0.027027027027,0.06,20261232,1,3000,3000,0,0,-1,0.149666666667,-1,any_alarm_under_fair_null,first_alarm=0; detection_delay=-1
fair_null,864,0,0.336870657301,4,0.027027027027,0.06,20261232,1,3000,3000,0,0,-1,0.149666666667,-1,any_alarm_under_fair_null,first_alarm=0; detection_delay=-1
fair_null,865,0,0.302394227771,4,0.027027027027,0.06,20261232,1,3000,3000,0,0,-1,0.149666666667,-1,any_alarm_under_fair_null,first_alarm=0; detection_delay=-1
fair_null,866,0,0.267917798241,4,0.027027027027,0.06,20261232,1,3000,3000,0,0,-1,0.149666666667,-1,any_alarm_under_fair_null,first_alarm=0; detection_delay=-1
fair_null,867,0,0.233441368711,4,0.027027027027,0.06,20261232,1,3000,3000,0,0,-1,0.149666666667,-1,any_alarm_under_fair_null,first_alarm=0; detection_delay=-1
fair_null,868,0,0.198964939181,4,0.027027027027,0.06,20261232,1,3000,3000,0,0,-1,0.149666666667,-1,any_alarm_under_fair_null,first_alarm=0; detection_delay=-1
fair_null,869,0,0.164488509651,4,0.027027027027,0.06,20261232,1,3000,3000,0,0,-1,0.149666666667,-1,any_alarm_under_fair_null,first_alarm=0; detection_delay=-1
fair_null,870,0,0.130012080121,4,0.027027027027,0.06,20261232,1,3000,3000,0,0,-1,0.149666666667,-1,any_alarm_under_fair_null,first_alarm=0; detection_delay=-1
fair_null,871,0,0.095535650591,4,0.027027027027,0.06,20261232,1,3000,3000,0,0,-1,0.149666666667,-1,any_alarm_under_fair_null,first_alarm=0; detection_delay=-1
fair_null,872,0,0.061059221061,4,0.027027027027,0.06,20261232,1,3000,3000,0,0,-1,0.149666666667,-1,any_alarm_under_fair_null,first_alarm=0; detection_delay=-1
fair_null,873,0,0.026582791531,4,0.027027027027,0.06,20261232,1,3000,3000,0,0,-1,0.149666666667,-1,any_alarm_under_fair_null,first_alarm=0; detection_delay=-1
fair_null,874,0,0,4,0.027027027027,0.06,20261232,1,3000,3000,0,0,-1,0.149666666667,-1,any_alarm_under_fair_null,first_alarm=0; detection_delay=-1
fair_null,875,0,0,4,0.027027027027,0.06,20261232,1,3000,3000,0,0,-1,0.149666666667,-1,any_alarm_under_fair_null,first_alarm=0; detection_delay=-1
fair_null,876,0,0,4,0.027027027027,0.06,20261232,1,3000,3000,0,0,-1,0.149666666667,-1,any_alarm_under_fair_null,first_alarm=0; detection_delay=-1
fair_null,877,0,0,4,0.027027027027,0.06,20261232,1,3000,3000,0,0,-1,0.149666666667,-1,any_alarm_under_fair_null,first_alarm=0; detection_delay=-1
fair_null,878,1,0.797507195884,4,0.027027027027,0.06,20261232,1,3000,3000,0,0,-1,0.149666666667,-1,any_alarm_under_fair_null,first_alarm=0; detection_delay=-1
fair_null,879,0,0.763030766354,4,0.027027027027,0.06,20261232,1,3000,3000,0,0,-1,0.149666666667,-1,any_alarm_under_fair_null,first_alarm=0; detection_delay=-1
fair_null,880,0,0.728554336824,4,0.027027027027,0.06,20261232,1,3000,3000,0,0,-1,0.149666666667,-1,any_alarm_under_fair_null,first_alarm=0; detection_delay=-1
fair_null,881,0,0.694077907294,4,0.027027027027,0.06,20261232,1,3000,3000,0,0,-1,0.149666666667,-1,any_alarm_under_fair_null,first_alarm=0; detection_delay=-1
fair_null,882,0,0.659601477764,4,0.027027027027,0.06,20261232,1,3000,3000,0,0,-1,0.149666666667,-1,any_alarm_under_fair_null,first_alarm=0; detection_delay=-1
fair_null,883,0,0.625125048234,4,0.027027027027,0.06,20261232,1,3000,3000,0,0,-1,0.149666666667,-1,any_alarm_under_fair_null,first_alarm=0; detection_delay=-1
fair_null,884,0,0.590648618704,4,0.027027027027,0.06,20261232,1,3000,3000,0,0,-1,0.149666666667,-1,any_alarm_under_fair_null,first_alarm=0; detection_delay=-1
fair_null,885,1,1.38815581459,4,0.027027027027,0.06,20261232,1,3000,3000,0,0,-1,0.149666666667,-1,any_alarm_under_fair_null,first_alarm=0; detection_delay=-1
fair_null,886,0,1.35367938506,4,0.027027027027,0.06,20261232,1,3000,3000,0,0,-1,0.149666666667,-1,any_alarm_under_fair_null,first_alarm=0; detection_delay=-1
fair_null,887,0,1.31920295553,4,0.027027027027,0.06,20261232,1,3000,3000,0,0,-1,0.149666666667,-1,any_alarm_under_fair_null,first_alarm=0; detection_delay=-1
fair_null,888,0,1.284726526,4,0.027027027027,0.06,20261232,1,3000,3000,0,0,-1,0.149666666667,-1,any_alarm_under_fair_null,first_alarm=0; detection_delay=-1
fair_null,889,0,1.25025009647,4,0.027027027027,0.06,20261232,1,3000,3000,0,0,-1,0.149666666667,-1,any_alarm_under_fair_null,first_alarm=0; detection_delay=-1
fair_null,890,0,1.21577366694,4,0.027027027027,0.06,20261232,1,3000,3000,0,0,-1,0.149666666667,-1,any_alarm_under_fair_null,first_alarm=0; detection_delay=-1
fair_null,891,0,1.18129723741,4,0.027027027027,0.06,20261232,1,3000,3000,0,0,-1,0.149666666667,-1,any_alarm_under_fair_null,first_alarm=0; detection_delay=-1
fair_null,892,0,1.14682080788,4,0.027027027027,0.06,20261232,1,3000,3000,0,0,-1,0.149666666667,-1,any_alarm_under_fair_null,first_alarm=0; detection_delay=-1
fair_null,893,0,1.11234437835,4,0.027027027027,0.06,20261232,1,3000,3000,0,0,-1,0.149666666667,-1,any_alarm_under_fair_null,first_alarm=0; detection_delay=-1
fair_null,894,0,1.07786794882,4,0.027027027027,0.06,20261232,1,3000,3000,0,0,-1,0.149666666667,-1,any_alarm_under_fair_null,first_alarm=0; detection_delay=-1
fair_null,895,0,1.04339151929,4,0.027027027027,0.06,20261232,1,3000,3000,0,0,-1,0.149666666667,-1,any_alarm_under_fair_null,first_alarm=0; detection_delay=-1
fair_null,896,0,1.00891508976,4,0.027027027027,0.06,20261232,1,3000,3000,0,0,-1,0.149666666667,-1,any_alarm_under_fair_null,first_alarm=0; detection_delay=-1
fair_null,897,0,0.974438660229,4,0.027027027027,0.06,20261232,1,3000,3000,0,0,-1,0.149666666667,-1,any_alarm_under_fair_null,first_alarm=0; detection_delay=-1
fair_null,898,0,0.939962230699,4,0.027027027027,0.06,20261232,1,3000,3000,0,0,-1,0.149666666667,-1,any_alarm_under_fair_null,first_alarm=0; detection_delay=-1
fair_null,899,0,0.905485801169,4,0.027027027027,0.06,20261232,1,3000,3000,0,0,-1,0.149666666667,-1,any_alarm_under_fair_null,first_alarm=0; detection_delay=-1
fair_null,900,1,1.70299299705,4,0.027027027027,0.06,20261232,1,3000,3000,0,0,-1,0.149666666667,-1,any_alarm_under_fair_null,first_alarm=0; detection_delay=-1
fair_null,901,0,1.66851656752,4,0.027027027027,0.06,20261232,1,3000,3000,0,0,-1,0.149666666667,-1,any_alarm_under_fair_null,first_alarm=0; detection_delay=-1
fair_null,902,0,1.63404013799,4,0.027027027027,0.06,20261232,1,3000,3000,0,0,-1,0.149666666667,-1,any_alarm_under_fair_null,first_alarm=0; detection_delay=-1
fair_null,903,0,1.59956370846,4,0.027027027027,0.06,20261232,1,3000,3000,0,0,-1,0.149666666667,-1,any_alarm_under_fair_null,first_alarm=0; detection_delay=-1
fair_null,904,0,1.56508727893,4,0.027027027027,0.06,20261232,1,3000,3000,0,0,-1,0.149666666667,-1,any_alarm_under_fair_null,first_alarm=0; detection_delay=-1
fair_null,905,0,1.5306108494,4,0.027027027027,0.06,20261232,1,3000,3000,0,0,-1,0.149666666667,-1,any_alarm_under_fair_null,first_alarm=0; detection_delay=-1
fair_null,906,0,1.49613441987,4,0.027027027027,0.06,20261232,1,3000,3000,0,0,-1,0.149666666667,-1,any_alarm_under_fair_null,first_alarm=0; detection_delay=-1
fair_null,907,0,1.46165799034,4,0.027027027027,0.06,20261232,1,3000,3000,0,0,-1,0.149666666667,-1,any_alarm_under_fair_null,first_alarm=0; detection_delay=-1
fair_null,908,0,1.42718156081,4,0.027027027027,0.06,20261232,1,3000,3000,0,0,-1,0.149666666667,-1,any_alarm_under_fair_null,first_alarm=0; detection_delay=-1
fair_null,909,0,1.39270513128,4,0.027027027027,0.06,20261232,1,3000,3000,0,0,-1,0.149666666667,-1,any_alarm_under_fair_null,first_alarm=0; detection_delay=-1
fair_null,910,0,1.35822870175,4,0.027027027027,0.06,20261232,1,3000,3000,0,0,-1,0.149666666667,-1,any_alarm_under_fair_null,first_alarm=0; detection_delay=-1
fair_null,911,0,1.32375227222,4,0.027027027027,0.06,20261232,1,3000,3000,0,0,-1,0.149666666667,-1,any_alarm_under_fair_null,first_alarm=0; detection_delay=-1
fair_null,912,0,1.28927584269,4,0.027027027027,0.06,20261232,1,3000,3000,0,0,-1,0.149666666667,-1,any_alarm_under_fair_null,first_alarm=0; detection_delay=-1
fair_null,913,0,1.25479941316,4,0.027027027027,0.06,20261232,1,3000,3000,0,0,-1,0.149666666667,-1,any_alarm_under_fair_null,first_alarm=0; detection_delay=-1
fair_null,914,0,1.22032298363,4,0.027027027027,0.06,20261232,1,3000,3000,0,0,-1,0.149666666667,-1,any_alarm_under_fair_null,first_alarm=0; detection_delay=-1
fair_null,915,0,1.1858465541,4,0.027027027027,0.06,20261232,1,3000,3000,0,0,-1,0.149666666667,-1,any_alarm_under_fair_null,first_alarm=0; detection_delay=-1
fair_null,916,0,1.15137012457,4,0.027027027027,0.06,20261232,1,3000,3000,0,0,-1,0.149666666667,-1,any_alarm_under_fair_null,first_alarm=0; detection_delay=-1
fair_null,917,0,1.11689369504,4,0.027027027027,0.06,20261232,1,3000,3000,0,0,-1,0.149666666667,-1,any_alarm_under_fair_null,first_alarm=0; detection_delay=-1
fair_null,918,0,1.08241726551,4,0.027027027027,0.06,20261232,1,3000,3000,0,0,-1,0.149666666667,-1,any_alarm_under_fair_null,first_alarm=0; detection_delay=-1
fair_null,919,0,1.04794083598,4,0.027027027027,0.06,20261232,1,3000,3000,0,0,-1,0.149666666667,-1,any_alarm_under_fair_null,first_alarm=0; detection_delay=-1
fair_null,920,0,1.01346440645,4,0.027027027027,0.06,20261232,1,3000,3000,0,0,-1,0.149666666667,-1,any_alarm_under_fair_null,first_alarm=0; detection_delay=-1
fair_null,921,0,0.978987976924,4,0.027027027027,0.06,20261232,1,3000,3000,0,0,-1,0.149666666667,-1,any_alarm_under_fair_null,first_alarm=0; detection_delay=-1
fair_null,922,0,0.944511547394,4,0.027027027027,0.06,20261232,1,3000,3000,0,0,-1,0.149666666667,-1,any_alarm_under_fair_null,first_alarm=0; detection_delay=-1
fair_null,923,0,0.910035117864,4,0.027027027027,0.06,20261232,1,3000,3000,0,0,-1,0.149666666667,-1,any_alarm_under_fair_null,first_alarm=0; detection_delay=-1
fair_null,924,0,0.875558688334,4,0.027027027027,0.06,20261232,1,3000,3000,0,0,-1,0.149666666667,-1,any_alarm_under_fair_null,first_alarm=0; detection_delay=-1
fair_null,925,0,0.841082258804,4,0.027027027027,0.06,20261232,1,3000,3000,0,0,-1,0.149666666667,-1,any_alarm_under_fair_null,first_alarm=0; detection_delay=-1
fair_null,926,0,0.806605829274,4,0.027027027027,0.06,20261232,1,3000,3000,0,0,-1,0.149666666667,-1,any_alarm_under_fair_null,first_alarm=0; detection_delay=-1
fair_null,927,0,0.772129399744,4,0.027027027027,0.06,20261232,1,3000,3000,0,0,-1,0.149666666667,-1,any_alarm_under_fair_null,first_alarm=0; detection_delay=-1
fair_null,928,0,0.737652970214,4,0.027027027027,0.06,20261232,1,3000,3000,0,0,-1,0.149666666667,-1,any_alarm_under_fair_null,first_alarm=0; detection_delay=-1
fair_null,929,0,0.703176540684,4,0.027027027027,0.06,20261232,1,3000,3000,0,0,-1,0.149666666667,-1,any_alarm_under_fair_null,first_alarm=0; detection_delay=-1
fair_null,930,0,0.668700111154,4,0.027027027027,0.06,20261232,1,3000,3000,0,0,-1,0.149666666667,-1,any_alarm_under_fair_null,first_alarm=0; detection_delay=-1
fair_null,931,0,0.634223681624,4,0.027027027027,0.06,20261232,1,3000,3000,0,0,-1,0.149666666667,-1,any_alarm_under_fair_null,first_alarm=0; detection_delay=-1
fair_null,932,0,0.599747252094,4,0.027027027027,0.06,20261232,1,3000,3000,0,0,-1,0.149666666667,-1,any_alarm_under_fair_null,first_alarm=0; detection_delay=-1
fair_null,933,0,0.565270822564,4,0.027027027027,0.06,20261232,1,3000,3000,0,0,-1,0.149666666667,-1,any_alarm_under_fair_null,first_alarm=0; detection_delay=-1
fair_null,934,0,0.530794393034,4,0.027027027027,0.06,20261232,1,3000,3000,0,0,-1,0.149666666667,-1,any_alarm_under_fair_null,first_alarm=0; detection_delay=-1
fair_null,935,0,0.496317963504,4,0.027027027027,0.06,20261232,1,3000,3000,0,0,-1,0.149666666667,-1,any_alarm_under_fair_null,first_alarm=0; detection_delay=-1
fair_null,936,0,0.461841533974,4,0.027027027027,0.06,20261232,1,3000,3000,0,0,-1,0.149666666667,-1,any_alarm_under_fair_null,first_alarm=0; detection_delay=-1
fair_null,937,0,0.427365104444,4,0.027027027027,0.06,20261232,1,3000,3000,0,0,-1,0.149666666667,-1,any_alarm_under_fair_null,first_alarm=0; detection_delay=-1
fair_null,938,0,0.392888674914,4,0.027027027027,0.06,20261232,1,3000,3000,0,0,-1,0.149666666667,-1,any_alarm_under_fair_null,first_alarm=0; detection_delay=-1
fair_null,939,0,0.358412245384,4,0.027027027027,0.06,20261232,1,3000,3000,0,0,-1,0.149666666667,-1,any_alarm_under_fair_null,first_alarm=0; detection_delay=-1
fair_null,940,0,0.323935815854,4,0.027027027027,0.06,20261232,1,3000,3000,0,0,-1,0.149666666667,-1,any_alarm_under_fair_null,first_alarm=0; detection_delay=-1
fair_null,941,0,0.289459386324,4,0.027027027027,0.06,20261232,1,3000,3000,0,0,-1,0.149666666667,-1,any_alarm_under_fair_null,first_alarm=0; detection_delay=-1
fair_null,942,0,0.254982956794,4,0.027027027027,0.06,20261232,1,3000,3000,0,0,-1,0.149666666667,-1,any_alarm_under_fair_null,first_alarm=0; detection_delay=-1
fair_null,943,0,0.220506527264,4,0.027027027027,0.06,20261232,1,3000,3000,0,0,-1,0.149666666667,-1,any_alarm_under_fair_null,first_alarm=0; detection_delay=-1
fair_null,944,0,0.186030097734,4,0.027027027027,0.06,20261232,1,3000,3000,0,0,-1,0.149666666667,-1,any_alarm_under_fair_null,first_alarm=0; detection_delay=-1
fair_null,945,0,0.151553668204,4,0.027027027027,0.06,20261232,1,3000,3000,0,0,-1,0.149666666667,-1,any_alarm_under_fair_null,first_alarm=0; detection_delay=-1
fair_null,946,0,0.117077238674,4,0.027027027027,0.06,20261232,1,3000,3000,0,0,-1,0.149666666667,-1,any_alarm_under_fair_null,first_alarm=0; detection_delay=-1
fair_null,947,0,0.0826008091444,4,0.027027027027,0.06,20261232,1,3000,3000,0,0,-1,0.149666666667,-1,any_alarm_under_fair_null,first_alarm=0; detection_delay=-1
fair_null,948,0,0.0481243796144,4,0.027027027027,0.06,20261232,1,3000,3000,0,0,-1,0.149666666667,-1,any_alarm_under_fair_null,first_alarm=0; detection_delay=-1
fair_null,949,0,0.0136479500844,4,0.027027027027,0.06,20261232,1,3000,3000,0,0,-1,0.149666666667,-1,any_alarm_under_fair_null,first_alarm=0; detection_delay=-1
fair_null,950,0,0,4,0.027027027027,0.06,20261232,1,3000,3000,0,0,-1,0.149666666667,-1,any_alarm_under_fair_null,first_alarm=0; detection_delay=-1
fair_null,951,0,0,4,0.027027027027,0.06,20261232,1,3000,3000,0,0,-1,0.149666666667,-1,any_alarm_under_fair_null,first_alarm=0; detection_delay=-1
fair_null,952,0,0,4,0.027027027027,0.06,20261232,1,3000,3000,0,0,-1,0.149666666667,-1,any_alarm_under_fair_null,first_alarm=0; detection_delay=-1
fair_null,953,0,0,4,0.027027027027,0.06,20261232,1,3000,3000,0,0,-1,0.149666666667,-1,any_alarm_under_fair_null,first_alarm=0; detection_delay=-1
fair_null,954,0,0,4,0.027027027027,0.06,20261232,1,3000,3000,0,0,-1,0.149666666667,-1,any_alarm_under_fair_null,first_alarm=0; detection_delay=-1
fair_null,955,0,0,4,0.027027027027,0.06,20261232,1,3000,3000,0,0,-1,0.149666666667,-1,any_alarm_under_fair_null,first_alarm=0; detection_delay=-1
fair_null,956,0,0,4,0.027027027027,0.06,20261232,1,3000,3000,0,0,-1,0.149666666667,-1,any_alarm_under_fair_null,first_alarm=0; detection_delay=-1
fair_null,957,1,0.797507195884,4,0.027027027027,0.06,20261232,1,3000,3000,0,0,-1,0.149666666667,-1,any_alarm_under_fair_null,first_alarm=0; detection_delay=-1
fair_null,958,0,0.763030766354,4,0.027027027027,0.06,20261232,1,3000,3000,0,0,-1,0.149666666667,-1,any_alarm_under_fair_null,first_alarm=0; detection_delay=-1
fair_null,959,1,1.56053796224,4,0.027027027027,0.06,20261232,1,3000,3000,0,0,-1,0.149666666667,-1,any_alarm_under_fair_null,first_alarm=0; detection_delay=-1
fair_null,960,0,1.52606153271,4,0.027027027027,0.06,20261232,1,3000,3000,0,0,-1,0.149666666667,-1,any_alarm_under_fair_null,first_alarm=0; detection_delay=-1
fair_null,961,0,1.49158510318,4,0.027027027027,0.06,20261232,1,3000,3000,0,0,-1,0.149666666667,-1,any_alarm_under_fair_null,first_alarm=0; detection_delay=-1
fair_null,962,0,1.45710867365,4,0.027027027027,0.06,20261232,1,3000,3000,0,0,-1,0.149666666667,-1,any_alarm_under_fair_null,first_alarm=0; detection_delay=-1
fair_null,963,0,1.42263224412,4,0.027027027027,0.06,20261232,1,3000,3000,0,0,-1,0.149666666667,-1,any_alarm_under_fair_null,first_alarm=0; detection_delay=-1
fair_null,964,0,1.38815581459,4,0.027027027027,0.06,20261232,1,3000,3000,0,0,-1,0.149666666667,-1,any_alarm_under_fair_null,first_alarm=0; detection_delay=-1
fair_null,965,1,2.18566301047,4,0.027027027027,0.06,20261232,1,3000,3000,0,0,-1,0.149666666667,-1,any_alarm_under_fair_null,first_alarm=0; detection_delay=-1
fair_null,966,0,2.15118658094,4,0.027027027027,0.06,20261232,1,3000,3000,0,0,-1,0.149666666667,-1,any_alarm_under_fair_null,first_alarm=0; detection_delay=-1
fair_null,967,0,2.11671015141,4,0.027027027027,0.06,20261232,1,3000,3000,0,0,-1,0.149666666667,-1,any_alarm_under_fair_null,first_alarm=0; detection_delay=-1
fair_null,968,0,2.08223372188,4,0.027027027027,0.06,20261232,1,3000,3000,0,0,-1,0.149666666667,-1,any_alarm_under_fair_null,first_alarm=0; detection_delay=-1
fair_null,969,0,2.04775729235,4,0.027027027027,0.06,20261232,1,3000,3000,0,0,-1,0.149666666667,-1,any_alarm_under_fair_null,first_alarm=0; detection_delay=-1
fair_null,970,0,2.01328086282,4,0.027027027027,0.06,20261232,1,3000,3000,0,0,-1,0.149666666667,-1,any_alarm_under_fair_null,first_alarm=0; detection_delay=-1
fair_null,971,0,1.97880443329,4,0.027027027027,0.06,20261232,1,3000,3000,0,0,-1,0.149666666667,-1,any_alarm_under_fair_null,first_alarm=0; detection_delay=-1
fair_null,972,0,1.94432800376,4,0.027027027027,0.06,20261232,1,3000,3000,0,0,-1,0.149666666667,-1,any_alarm_under_fair_null,first_alarm=0; detection_delay=-1
fair_null,973,0,1.90985157423,4,0.027027027027,0.06,20261232,1,3000,3000,0,0,-1,0.149666666667,-1,any_alarm_under_fair_null,first_alarm=0; detection_delay=-1
fair_null,974,0,1.8753751447,4,0.027027027027,0.06,20261232,1,3000,3000,0,0,-1,0.149666666667,-1,any_alarm_under_fair_null,first_alarm=0; detection_delay=-1
fair_null,975,0,1.84089871517,4,0.027027027027,0.06,20261232,1,3000,3000,0,0,-1,0.149666666667,-1,any_alarm_under_fair_null,first_alarm=0; detection_delay=-1
fair_null,976,0,1.80642228564,4,0.027027027027,0.06,20261232,1,3000,3000,0,0,-1,0.149666666667,-1,any_alarm_under_fair_null,first_alarm=0; detection_delay=-1
fair_null,977,0,1.77194585611,4,0.027027027027,0.06,20261232,1,3000,3000,0,0,-1,0.149666666667,-1,any_alarm_under_fair_null,first_alarm=0; detection_delay=-1
fair_null,978,0,1.73746942658,4,0.027027027027,0.06,20261232,1,3000,3000,0,0,-1,0.149666666667,-1,any_alarm_under_fair_null,first_alarm=0; detection_delay=-1
fair_null,979,0,1.70299299705,4,0.027027027027,0.06,20261232,1,3000,3000,0,0,-1,0.149666666667,-1,any_alarm_under_fair_null,first_alarm=0; detection_delay=-1
fair_null,980,0,1.66851656752,4,0.027027027027,0.06,20261232,1,3000,3000,0,0,-1,0.149666666667,-1,any_alarm_under_fair_null,first_alarm=0; detection_delay=-1
fair_null,981,1,2.46602376341,4,0.027027027027,0.06,20261232,1,3000,3000,0,0,-1,0.149666666667,-1,any_alarm_under_fair_null,first_alarm=0; detection_delay=-1
fair_null,982,0,2.43154733388,4,0.027027027027,0.06,20261232,1,3000,3000,0,0,-1,0.149666666667,-1,any_alarm_under_fair_null,first_alarm=0; detection_delay=-1
fair_null,983,0,2.39707090435,4,0.027027027027,0.06,20261232,1,3000,3000,0,0,-1,0.149666666667,-1,any_alarm_under_fair_null,first_alarm=0; detection_delay=-1
fair_null,984,0,2.36259447482,4,0.027027027027,0.06,20261232,1,3000,3000,0,0,-1,0.149666666667,-1,any_alarm_under_fair_null,first_alarm=0; detection_delay=-1
fair_null,985,0,2.32811804529,4,0.027027027027,0.06,20261232,1,3000,3000,0,0,-1,0.149666666667,-1,any_alarm_under_fair_null,first_alarm=0; detection_delay=-1
fair_null,986,0,2.29364161576,4,0.027027027027,0.06,20261232,1,3000,3000,0,0,-1,0.149666666667,-1,any_alarm_under_fair_null,first_alarm=0; detection_delay=-1
fair_null,987,0,2.25916518623,4,0.027027027027,0.06,20261232,1,3000,3000,0,0,-1,0.149666666667,-1,any_alarm_under_fair_null,first_alarm=0; detection_delay=-1
fair_null,988,0,2.2246887567,4,0.027027027027,0.06,20261232,1,3000,3000,0,0,-1,0.149666666667,-1,any_alarm_under_fair_null,first_alarm=0; detection_delay=-1
fair_null,989,0,2.19021232717,4,0.027027027027,0.06,20261232,1,3000,3000,0,0,-1,0.149666666667,-1,any_alarm_under_fair_null,first_alarm=0; detection_delay=-1
fair_null,990,0,2.15573589764,4,0.027027027027,0.06,20261232,1,3000,3000,0,0,-1,0.149666666667,-1,any_alarm_under_fair_null,first_alarm=0; detection_delay=-1
fair_null,991,0,2.12125946811,4,0.027027027027,0.06,20261232,1,3000,3000,0,0,-1,0.149666666667,-1,any_alarm_under_fair_null,first_alarm=0; detection_delay=-1
fair_null,992,0,2.08678303858,4,0.027027027027,0.06,20261232,1,3000,3000,0,0,-1,0.149666666667,-1,any_alarm_under_fair_null,first_alarm=0; detection_delay=-1
fair_null,993,0,2.05230660905,4,0.027027027027,0.06,20261232,1,3000,3000,0,0,-1,0.149666666667,-1,any_alarm_under_fair_null,first_alarm=0; detection_delay=-1
fair_null,994,0,2.01783017952,4,0.027027027027,0.06,20261232,1,3000,3000,0,0,-1,0.149666666667,-1,any_alarm_under_fair_null,first_alarm=0; detection_delay=-1
fair_null,995,0,1.98335374999,4,0.027027027027,0.06,20261232,1,3000,3000,0,0,-1,0.149666666667,-1,any_alarm_under_fair_null,first_alarm=0; detection_delay=-1
fair_null,996,0,1.94887732046,4,0.027027027027,0.06,20261232,1,3000,3000,0,0,-1,0.149666666667,-1,any_alarm_under_fair_null,first_alarm=0; detection_delay=-1
fair_null,997,0,1.91440089093,4,0.027027027027,0.06,20261232,1,3000,3000,0,0,-1,0.149666666667,-1,any_alarm_under_fair_null,first_alarm=0; detection_delay=-1
fair_null,998,0,1.8799244614,4,0.027027027027,0.06,20261232,1,3000,3000,0,0,-1,0.149666666667,-1,any_alarm_under_fair_null,first_alarm=0; detection_delay=-1
fair_null,999,0,1.84544803187,4,0.027027027027,0.06,20261232,1,3000,3000,0,0,-1,0.149666666667,-1,any_alarm_under_fair_null,first_alarm=0; detection_delay=-1
fair_null,1000,0,1.81097160234,4,0.027027027027,0.06,20261232,1,3000,3000,0,0,-1,0.149666666667,-1,any_alarm_under_fair_null,first_alarm=0; detection_delay=-1
changed_at_500,1,0,0,4,0.027027027027,0.06,20261233,1,3000,3000,500,910,410,0.0703333333333,153,alarm_before_true_change,first_alarm=0; detection_delay=-1
changed_at_500,2,0,0,4,0.027027027027,0.06,20261233,1,3000,3000,500,910,410,0.0703333333333,153,alarm_before_true_change,first_alarm=0; detection_delay=-1
changed_at_500,3,0,0,4,0.027027027027,0.06,20261233,1,3000,3000,500,910,410,0.0703333333333,153,alarm_before_true_change,first_alarm=0; detection_delay=-1
changed_at_500,4,1,0.797507195884,4,0.027027027027,0.06,20261233,1,3000,3000,500,910,410,0.0703333333333,153,alarm_before_true_change,first_alarm=0; detection_delay=-1
changed_at_500,5,0,0.763030766354,4,0.027027027027,0.06,20261233,1,3000,3000,500,910,410,0.0703333333333,153,alarm_before_true_change,first_alarm=0; detection_delay=-1
changed_at_500,6,0,0.728554336824,4,0.027027027027,0.06,20261233,1,3000,3000,500,910,410,0.0703333333333,153,alarm_before_true_change,first_alarm=0; detection_delay=-1
changed_at_500,7,0,0.694077907294,4,0.027027027027,0.06,20261233,1,3000,3000,500,910,410,0.0703333333333,153,alarm_before_true_change,first_alarm=0; detection_delay=-1
changed_at_500,8,0,0.659601477764,4,0.027027027027,0.06,20261233,1,3000,3000,500,910,410,0.0703333333333,153,alarm_before_true_change,first_alarm=0; detection_delay=-1
changed_at_500,9,0,0.625125048234,4,0.027027027027,0.06,20261233,1,3000,3000,500,910,410,0.0703333333333,153,alarm_before_true_change,first_alarm=0; detection_delay=-1
changed_at_500,10,0,0.590648618704,4,0.027027027027,0.06,20261233,1,3000,3000,500,910,410,0.0703333333333,153,alarm_before_true_change,first_alarm=0; detection_delay=-1
changed_at_500,11,0,0.556172189174,4,0.027027027027,0.06,20261233,1,3000,3000,500,910,410,0.0703333333333,153,alarm_before_true_change,first_alarm=0; detection_delay=-1
changed_at_500,12,0,0.521695759644,4,0.027027027027,0.06,20261233,1,3000,3000,500,910,410,0.0703333333333,153,alarm_before_true_change,first_alarm=0; detection_delay=-1
changed_at_500,13,1,1.31920295553,4,0.027027027027,0.06,20261233,1,3000,3000,500,910,410,0.0703333333333,153,alarm_before_true_change,first_alarm=0; detection_delay=-1
changed_at_500,14,0,1.284726526,4,0.027027027027,0.06,20261233,1,3000,3000,500,910,410,0.0703333333333,153,alarm_before_true_change,first_alarm=0; detection_delay=-1
changed_at_500,15,0,1.25025009647,4,0.027027027027,0.06,20261233,1,3000,3000,500,910,410,0.0703333333333,153,alarm_before_true_change,first_alarm=0; detection_delay=-1
changed_at_500,16,0,1.21577366694,4,0.027027027027,0.06,20261233,1,3000,3000,500,910,410,0.0703333333333,153,alarm_before_true_change,first_alarm=0; detection_delay=-1
changed_at_500,17,0,1.18129723741,4,0.027027027027,0.06,20261233,1,3000,3000,500,910,410,0.0703333333333,153,alarm_before_true_change,first_alarm=0; detection_delay=-1
changed_at_500,18,0,1.14682080788,4,0.027027027027,0.06,20261233,1,3000,3000,500,910,410,0.0703333333333,153,alarm_before_true_change,first_alarm=0; detection_delay=-1
changed_at_500,19,0,1.11234437835,4,0.027027027027,0.06,20261233,1,3000,3000,500,910,410,0.0703333333333,153,alarm_before_true_change,first_alarm=0; detection_delay=-1
changed_at_500,20,0,1.07786794882,4,0.027027027027,0.06,20261233,1,3000,3000,500,910,410,0.0703333333333,153,alarm_before_true_change,first_alarm=0; detection_delay=-1
changed_at_500,21,0,1.04339151929,4,0.027027027027,0.06,20261233,1,3000,3000,500,910,410,0.0703333333333,153,alarm_before_true_change,first_alarm=0; detection_delay=-1
changed_at_500,22,0,1.00891508976,4,0.027027027027,0.06,20261233,1,3000,3000,500,910,410,0.0703333333333,153,alarm_before_true_change,first_alarm=0; detection_delay=-1
changed_at_500,23,0,0.974438660229,4,0.027027027027,0.06,20261233,1,3000,3000,500,910,410,0.0703333333333,153,alarm_before_true_change,first_alarm=0; detection_delay=-1
changed_at_500,24,0,0.939962230699,4,0.027027027027,0.06,20261233,1,3000,3000,500,910,410,0.0703333333333,153,alarm_before_true_change,first_alarm=0; detection_delay=-1
changed_at_500,25,0,0.905485801169,4,0.027027027027,0.06,20261233,1,3000,3000,500,910,410,0.0703333333333,153,alarm_before_true_change,first_alarm=0; detection_delay=-1
changed_at_500,26,0,0.871009371639,4,0.027027027027,0.06,20261233,1,3000,3000,500,910,410,0.0703333333333,153,alarm_before_true_change,first_alarm=0; detection_delay=-1
changed_at_500,27,0,0.836532942109,4,0.027027027027,0.06,20261233,1,3000,3000,500,910,410,0.0703333333333,153,alarm_before_true_change,first_alarm=0; detection_delay=-1
changed_at_500,28,0,0.802056512579,4,0.027027027027,0.06,20261233,1,3000,3000,500,910,410,0.0703333333333,153,alarm_before_true_change,first_alarm=0; detection_delay=-1
changed_at_500,29,0,0.767580083049,4,0.027027027027,0.06,20261233,1,3000,3000,500,910,410,0.0703333333333,153,alarm_before_true_change,first_alarm=0; detection_delay=-1
changed_at_500,30,0,0.733103653519,4,0.027027027027,0.06,20261233,1,3000,3000,500,910,410,0.0703333333333,153,alarm_before_true_change,first_alarm=0; detection_delay=-1
changed_at_500,31,0,0.698627223989,4,0.027027027027,0.06,20261233,1,3000,3000,500,910,410,0.0703333333333,153,alarm_before_true_change,first_alarm=0; detection_delay=-1
changed_at_500,32,0,0.664150794459,4,0.027027027027,0.06,20261233,1,3000,3000,500,910,410,0.0703333333333,153,alarm_before_true_change,first_alarm=0; detection_delay=-1
changed_at_500,33,0,0.629674364929,4,0.027027027027,0.06,20261233,1,3000,3000,500,910,410,0.0703333333333,153,alarm_before_true_change,first_alarm=0; detection_delay=-1
changed_at_500,34,0,0.595197935399,4,0.027027027027,0.06,20261233,1,3000,3000,500,910,410,0.0703333333333,153,alarm_before_true_change,first_alarm=0; detection_delay=-1
changed_at_500,35,0,0.560721505869,4,0.027027027027,0.06,20261233,1,3000,3000,500,910,410,0.0703333333333,153,alarm_before_true_change,first_alarm=0; detection_delay=-1
changed_at_500,36,0,0.526245076339,4,0.027027027027,0.06,20261233,1,3000,3000,500,910,410,0.0703333333333,153,alarm_before_true_change,first_alarm=0; detection_delay=-1
changed_at_500,37,0,0.491768646809,4,0.027027027027,0.06,20261233,1,3000,3000,500,910,410,0.0703333333333,153,alarm_before_true_change,first_alarm=0; detection_delay=-1
changed_at_500,38,0,0.457292217279,4,0.027027027027,0.06,20261233,1,3000,3000,500,910,410,0.0703333333333,153,alarm_before_true_change,first_alarm=0; detection_delay=-1
changed_at_500,39,0,0.422815787749,4,0.027027027027,0.06,20261233,1,3000,3000,500,910,410,0.0703333333333,153,alarm_before_true_change,first_alarm=0; detection_delay=-1
changed_at_500,40,0,0.388339358219,4,0.027027027027,0.06,20261233,1,3000,3000,500,910,410,0.0703333333333,153,alarm_before_true_change,first_alarm=0; detection_delay=-1
changed_at_500,41,0,0.353862928689,4,0.027027027027,0.06,20261233,1,3000,3000,500,910,410,0.0703333333333,153,alarm_before_true_change,first_alarm=0; detection_delay=-1
changed_at_500,42,0,0.319386499159,4,0.027027027027,0.06,20261233,1,3000,3000,500,910,410,0.0703333333333,153,alarm_before_true_change,first_alarm=0; detection_delay=-1
changed_at_500,43,0,0.284910069629,4,0.027027027027,0.06,20261233,1,3000,3000,500,910,410,0.0703333333333,153,alarm_before_true_change,first_alarm=0; detection_delay=-1
changed_at_500,44,0,0.250433640099,4,0.027027027027,0.06,20261233,1,3000,3000,500,910,410,0.0703333333333,153,alarm_before_true_change,first_alarm=0; detection_delay=-1
changed_at_500,45,0,0.215957210569,4,0.027027027027,0.06,20261233,1,3000,3000,500,910,410,0.0703333333333,153,alarm_before_true_change,first_alarm=0; detection_delay=-1
changed_at_500,46,0,0.181480781039,4,0.027027027027,0.06,20261233,1,3000,3000,500,910,410,0.0703333333333,153,alarm_before_true_change,first_alarm=0; detection_delay=-1
changed_at_500,47,0,0.14700435151,4,0.027027027027,0.06,20261233,1,3000,3000,500,910,410,0.0703333333333,153,alarm_before_true_change,first_alarm=0; detection_delay=-1
changed_at_500,48,0,0.11252792198,4,0.027027027027,0.06,20261233,1,3000,3000,500,910,410,0.0703333333333,153,alarm_before_true_change,first_alarm=0; detection_delay=-1
changed_at_500,49,0,0.0780514924496,4,0.027027027027,0.06,20261233,1,3000,3000,500,910,410,0.0703333333333,153,alarm_before_true_change,first_alarm=0; detection_delay=-1
changed_at_500,50,0,0.0435750629196,4,0.027027027027,0.06,20261233,1,3000,3000,500,910,410,0.0703333333333,153,alarm_before_true_change,first_alarm=0; detection_delay=-1
changed_at_500,51,0,0.00909863338962,4,0.027027027027,0.06,20261233,1,3000,3000,500,910,410,0.0703333333333,153,alarm_before_true_change,first_alarm=0; detection_delay=-1
changed_at_500,52,0,0,4,0.027027027027,0.06,20261233,1,3000,3000,500,910,410,0.0703333333333,153,alarm_before_true_change,first_alarm=0; detection_delay=-1
changed_at_500,53,0,0,4,0.027027027027,0.06,20261233,1,3000,3000,500,910,410,0.0703333333333,153,alarm_before_true_change,first_alarm=0; detection_delay=-1
changed_at_500,54,0,0,4,0.027027027027,0.06,20261233,1,3000,3000,500,910,410,0.0703333333333,153,alarm_before_true_change,first_alarm=0; detection_delay=-1
changed_at_500,55,0,0,4,0.027027027027,0.06,20261233,1,3000,3000,500,910,410,0.0703333333333,153,alarm_before_true_change,first_alarm=0; detection_delay=-1
changed_at_500,56,0,0,4,0.027027027027,0.06,20261233,1,3000,3000,500,910,410,0.0703333333333,153,alarm_before_true_change,first_alarm=0; detection_delay=-1
changed_at_500,57,0,0,4,0.027027027027,0.06,20261233,1,3000,3000,500,910,410,0.0703333333333,153,alarm_before_true_change,first_alarm=0; detection_delay=-1
changed_at_500,58,0,0,4,0.027027027027,0.06,20261233,1,3000,3000,500,910,410,0.0703333333333,153,alarm_before_true_change,first_alarm=0; detection_delay=-1
changed_at_500,59,0,0,4,0.027027027027,0.06,20261233,1,3000,3000,500,910,410,0.0703333333333,153,alarm_before_true_change,first_alarm=0; detection_delay=-1
changed_at_500,60,0,0,4,0.027027027027,0.06,20261233,1,3000,3000,500,910,410,0.0703333333333,153,alarm_before_true_change,first_alarm=0; detection_delay=-1
changed_at_500,61,0,0,4,0.027027027027,0.06,20261233,1,3000,3000,500,910,410,0.0703333333333,153,alarm_before_true_change,first_alarm=0; detection_delay=-1
changed_at_500,62,0,0,4,0.027027027027,0.06,20261233,1,3000,3000,500,910,410,0.0703333333333,153,alarm_before_true_change,first_alarm=0; detection_delay=-1
changed_at_500,63,0,0,4,0.027027027027,0.06,20261233,1,3000,3000,500,910,410,0.0703333333333,153,alarm_before_true_change,first_alarm=0; detection_delay=-1
changed_at_500,64,0,0,4,0.027027027027,0.06,20261233,1,3000,3000,500,910,410,0.0703333333333,153,alarm_before_true_change,first_alarm=0; detection_delay=-1
changed_at_500,65,0,0,4,0.027027027027,0.06,20261233,1,3000,3000,500,910,410,0.0703333333333,153,alarm_before_true_change,first_alarm=0; detection_delay=-1
changed_at_500,66,0,0,4,0.027027027027,0.06,20261233,1,3000,3000,500,910,410,0.0703333333333,153,alarm_before_true_change,first_alarm=0; detection_delay=-1
changed_at_500,67,0,0,4,0.027027027027,0.06,20261233,1,3000,3000,500,910,410,0.0703333333333,153,alarm_before_true_change,first_alarm=0; detection_delay=-1
changed_at_500,68,0,0,4,0.027027027027,0.06,20261233,1,3000,3000,500,910,410,0.0703333333333,153,alarm_before_true_change,first_alarm=0; detection_delay=-1
changed_at_500,69,0,0,4,0.027027027027,0.06,20261233,1,3000,3000,500,910,410,0.0703333333333,153,alarm_before_true_change,first_alarm=0; detection_delay=-1
changed_at_500,70,0,0,4,0.027027027027,0.06,20261233,1,3000,3000,500,910,410,0.0703333333333,153,alarm_before_true_change,first_alarm=0; detection_delay=-1
changed_at_500,71,0,0,4,0.027027027027,0.06,20261233,1,3000,3000,500,910,410,0.0703333333333,153,alarm_before_true_change,first_alarm=0; detection_delay=-1
changed_at_500,72,0,0,4,0.027027027027,0.06,20261233,1,3000,3000,500,910,410,0.0703333333333,153,alarm_before_true_change,first_alarm=0; detection_delay=-1
changed_at_500,73,0,0,4,0.027027027027,0.06,20261233,1,3000,3000,500,910,410,0.0703333333333,153,alarm_before_true_change,first_alarm=0; detection_delay=-1
changed_at_500,74,0,0,4,0.027027027027,0.06,20261233,1,3000,3000,500,910,410,0.0703333333333,153,alarm_before_true_change,first_alarm=0; detection_delay=-1
changed_at_500,75,0,0,4,0.027027027027,0.06,20261233,1,3000,3000,500,910,410,0.0703333333333,153,alarm_before_true_change,first_alarm=0; detection_delay=-1
changed_at_500,76,0,0,4,0.027027027027,0.06,20261233,1,3000,3000,500,910,410,0.0703333333333,153,alarm_before_true_change,first_alarm=0; detection_delay=-1
changed_at_500,77,0,0,4,0.027027027027,0.06,20261233,1,3000,3000,500,910,410,0.0703333333333,153,alarm_before_true_change,first_alarm=0; detection_delay=-1
changed_at_500,78,0,0,4,0.027027027027,0.06,20261233,1,3000,3000,500,910,410,0.0703333333333,153,alarm_before_true_change,first_alarm=0; detection_delay=-1
changed_at_500,79,0,0,4,0.027027027027,0.06,20261233,1,3000,3000,500,910,410,0.0703333333333,153,alarm_before_true_change,first_alarm=0; detection_delay=-1
changed_at_500,80,0,0,4,0.027027027027,0.06,20261233,1,3000,3000,500,910,410,0.0703333333333,153,alarm_before_true_change,first_alarm=0; detection_delay=-1
changed_at_500,81,0,0,4,0.027027027027,0.06,20261233,1,3000,3000,500,910,410,0.0703333333333,153,alarm_before_true_change,first_alarm=0; detection_delay=-1
changed_at_500,82,0,0,4,0.027027027027,0.06,20261233,1,3000,3000,500,910,410,0.0703333333333,153,alarm_before_true_change,first_alarm=0; detection_delay=-1
changed_at_500,83,0,0,4,0.027027027027,0.06,20261233,1,3000,3000,500,910,410,0.0703333333333,153,alarm_before_true_change,first_alarm=0; detection_delay=-1
changed_at_500,84,0,0,4,0.027027027027,0.06,20261233,1,3000,3000,500,910,410,0.0703333333333,153,alarm_before_true_change,first_alarm=0; detection_delay=-1
changed_at_500,85,0,0,4,0.027027027027,0.06,20261233,1,3000,3000,500,910,410,0.0703333333333,153,alarm_before_true_change,first_alarm=0; detection_delay=-1
changed_at_500,86,0,0,4,0.027027027027,0.06,20261233,1,3000,3000,500,910,410,0.0703333333333,153,alarm_before_true_change,first_alarm=0; detection_delay=-1
changed_at_500,87,0,0,4,0.027027027027,0.06,20261233,1,3000,3000,500,910,410,0.0703333333333,153,alarm_before_true_change,first_alarm=0; detection_delay=-1
changed_at_500,88,0,0,4,0.027027027027,0.06,20261233,1,3000,3000,500,910,410,0.0703333333333,153,alarm_before_true_change,first_alarm=0; detection_delay=-1
changed_at_500,89,0,0,4,0.027027027027,0.06,20261233,1,3000,3000,500,910,410,0.0703333333333,153,alarm_before_true_change,first_alarm=0; detection_delay=-1
changed_at_500,90,0,0,4,0.027027027027,0.06,20261233,1,3000,3000,500,910,410,0.0703333333333,153,alarm_before_true_change,first_alarm=0; detection_delay=-1
changed_at_500,91,0,0,4,0.027027027027,0.06,20261233,1,3000,3000,500,910,410,0.0703333333333,153,alarm_before_true_change,first_alarm=0; detection_delay=-1
changed_at_500,92,0,0,4,0.027027027027,0.06,20261233,1,3000,3000,500,910,410,0.0703333333333,153,alarm_before_true_change,first_alarm=0; detection_delay=-1
changed_at_500,93,0,0,4,0.027027027027,0.06,20261233,1,3000,3000,500,910,410,0.0703333333333,153,alarm_before_true_change,first_alarm=0; detection_delay=-1
changed_at_500,94,0,0,4,0.027027027027,0.06,20261233,1,3000,3000,500,910,410,0.0703333333333,153,alarm_before_true_change,first_alarm=0; detection_delay=-1
changed_at_500,95,0,0,4,0.027027027027,0.06,20261233,1,3000,3000,500,910,410,0.0703333333333,153,alarm_before_true_change,first_alarm=0; detection_delay=-1
changed_at_500,96,0,0,4,0.027027027027,0.06,20261233,1,3000,3000,500,910,410,0.0703333333333,153,alarm_before_true_change,first_alarm=0; detection_delay=-1
changed_at_500,97,0,0,4,0.027027027027,0.06,20261233,1,3000,3000,500,910,410,0.0703333333333,153,alarm_before_true_change,first_alarm=0; detection_delay=-1
changed_at_500,98,0,0,4,0.027027027027,0.06,20261233,1,3000,3000,500,910,410,0.0703333333333,153,alarm_before_true_change,first_alarm=0; detection_delay=-1
changed_at_500,99,0,0,4,0.027027027027,0.06,20261233,1,3000,3000,500,910,410,0.0703333333333,153,alarm_before_true_change,first_alarm=0; detection_delay=-1
changed_at_500,100,0,0,4,0.027027027027,0.06,20261233,1,3000,3000,500,910,410,0.0703333333333,153,alarm_before_true_change,first_alarm=0; detection_delay=-1
changed_at_500,101,0,0,4,0.027027027027,0.06,20261233,1,3000,3000,500,910,410,0.0703333333333,153,alarm_before_true_change,first_alarm=0; detection_delay=-1
changed_at_500,102,0,0,4,0.027027027027,0.06,20261233,1,3000,3000,500,910,410,0.0703333333333,153,alarm_before_true_change,first_alarm=0; detection_delay=-1
changed_at_500,103,0,0,4,0.027027027027,0.06,20261233,1,3000,3000,500,910,410,0.0703333333333,153,alarm_before_true_change,first_alarm=0; detection_delay=-1
changed_at_500,104,0,0,4,0.027027027027,0.06,20261233,1,3000,3000,500,910,410,0.0703333333333,153,alarm_before_true_change,first_alarm=0; detection_delay=-1
changed_at_500,105,0,0,4,0.027027027027,0.06,20261233,1,3000,3000,500,910,410,0.0703333333333,153,alarm_before_true_change,first_alarm=0; detection_delay=-1
changed_at_500,106,0,0,4,0.027027027027,0.06,20261233,1,3000,3000,500,910,410,0.0703333333333,153,alarm_before_true_change,first_alarm=0; detection_delay=-1
changed_at_500,107,0,0,4,0.027027027027,0.06,20261233,1,3000,3000,500,910,410,0.0703333333333,153,alarm_before_true_change,first_alarm=0; detection_delay=-1
changed_at_500,108,0,0,4,0.027027027027,0.06,20261233,1,3000,3000,500,910,410,0.0703333333333,153,alarm_before_true_change,first_alarm=0; detection_delay=-1
changed_at_500,109,0,0,4,0.027027027027,0.06,20261233,1,3000,3000,500,910,410,0.0703333333333,153,alarm_before_true_change,first_alarm=0; detection_delay=-1
changed_at_500,110,0,0,4,0.027027027027,0.06,20261233,1,3000,3000,500,910,410,0.0703333333333,153,alarm_before_true_change,first_alarm=0; detection_delay=-1
changed_at_500,111,0,0,4,0.027027027027,0.06,20261233,1,3000,3000,500,910,410,0.0703333333333,153,alarm_before_true_change,first_alarm=0; detection_delay=-1
changed_at_500,112,0,0,4,0.027027027027,0.06,20261233,1,3000,3000,500,910,410,0.0703333333333,153,alarm_before_true_change,first_alarm=0; detection_delay=-1
changed_at_500,113,0,0,4,0.027027027027,0.06,20261233,1,3000,3000,500,910,410,0.0703333333333,153,alarm_before_true_change,first_alarm=0; detection_delay=-1
changed_at_500,114,0,0,4,0.027027027027,0.06,20261233,1,3000,3000,500,910,410,0.0703333333333,153,alarm_before_true_change,first_alarm=0; detection_delay=-1
changed_at_500,115,0,0,4,0.027027027027,0.06,20261233,1,3000,3000,500,910,410,0.0703333333333,153,alarm_before_true_change,first_alarm=0; detection_delay=-1
changed_at_500,116,0,0,4,0.027027027027,0.06,20261233,1,3000,3000,500,910,410,0.0703333333333,153,alarm_before_true_change,first_alarm=0; detection_delay=-1
changed_at_500,117,0,0,4,0.027027027027,0.06,20261233,1,3000,3000,500,910,410,0.0703333333333,153,alarm_before_true_change,first_alarm=0; detection_delay=-1
changed_at_500,118,0,0,4,0.027027027027,0.06,20261233,1,3000,3000,500,910,410,0.0703333333333,153,alarm_before_true_change,first_alarm=0; detection_delay=-1
changed_at_500,119,0,0,4,0.027027027027,0.06,20261233,1,3000,3000,500,910,410,0.0703333333333,153,alarm_before_true_change,first_alarm=0; detection_delay=-1
changed_at_500,120,0,0,4,0.027027027027,0.06,20261233,1,3000,3000,500,910,410,0.0703333333333,153,alarm_before_true_change,first_alarm=0; detection_delay=-1
changed_at_500,121,0,0,4,0.027027027027,0.06,20261233,1,3000,3000,500,910,410,0.0703333333333,153,alarm_before_true_change,first_alarm=0; detection_delay=-1
changed_at_500,122,0,0,4,0.027027027027,0.06,20261233,1,3000,3000,500,910,410,0.0703333333333,153,alarm_before_true_change,first_alarm=0; detection_delay=-1
changed_at_500,123,0,0,4,0.027027027027,0.06,20261233,1,3000,3000,500,910,410,0.0703333333333,153,alarm_before_true_change,first_alarm=0; detection_delay=-1
changed_at_500,124,0,0,4,0.027027027027,0.06,20261233,1,3000,3000,500,910,410,0.0703333333333,153,alarm_before_true_change,first_alarm=0; detection_delay=-1
changed_at_500,125,0,0,4,0.027027027027,0.06,20261233,1,3000,3000,500,910,410,0.0703333333333,153,alarm_before_true_change,first_alarm=0; detection_delay=-1
changed_at_500,126,0,0,4,0.027027027027,0.06,20261233,1,3000,3000,500,910,410,0.0703333333333,153,alarm_before_true_change,first_alarm=0; detection_delay=-1
changed_at_500,127,0,0,4,0.027027027027,0.06,20261233,1,3000,3000,500,910,410,0.0703333333333,153,alarm_before_true_change,first_alarm=0; detection_delay=-1
changed_at_500,128,0,0,4,0.027027027027,0.06,20261233,1,3000,3000,500,910,410,0.0703333333333,153,alarm_before_true_change,first_alarm=0; detection_delay=-1
changed_at_500,129,0,0,4,0.027027027027,0.06,20261233,1,3000,3000,500,910,410,0.0703333333333,153,alarm_before_true_change,first_alarm=0; detection_delay=-1
changed_at_500,130,0,0,4,0.027027027027,0.06,20261233,1,3000,3000,500,910,410,0.0703333333333,153,alarm_before_true_change,first_alarm=0; detection_delay=-1
changed_at_500,131,0,0,4,0.027027027027,0.06,20261233,1,3000,3000,500,910,410,0.0703333333333,153,alarm_before_true_change,first_alarm=0; detection_delay=-1
changed_at_500,132,0,0,4,0.027027027027,0.06,20261233,1,3000,3000,500,910,410,0.0703333333333,153,alarm_before_true_change,first_alarm=0; detection_delay=-1
changed_at_500,133,0,0,4,0.027027027027,0.06,20261233,1,3000,3000,500,910,410,0.0703333333333,153,alarm_before_true_change,first_alarm=0; detection_delay=-1
changed_at_500,134,0,0,4,0.027027027027,0.06,20261233,1,3000,3000,500,910,410,0.0703333333333,153,alarm_before_true_change,first_alarm=0; detection_delay=-1
changed_at_500,135,0,0,4,0.027027027027,0.06,20261233,1,3000,3000,500,910,410,0.0703333333333,153,alarm_before_true_change,first_alarm=0; detection_delay=-1
changed_at_500,136,0,0,4,0.027027027027,0.06,20261233,1,3000,3000,500,910,410,0.0703333333333,153,alarm_before_true_change,first_alarm=0; detection_delay=-1
changed_at_500,137,0,0,4,0.027027027027,0.06,20261233,1,3000,3000,500,910,410,0.0703333333333,153,alarm_before_true_change,first_alarm=0; detection_delay=-1
changed_at_500,138,0,0,4,0.027027027027,0.06,20261233,1,3000,3000,500,910,410,0.0703333333333,153,alarm_before_true_change,first_alarm=0; detection_delay=-1
changed_at_500,139,0,0,4,0.027027027027,0.06,20261233,1,3000,3000,500,910,410,0.0703333333333,153,alarm_before_true_change,first_alarm=0; detection_delay=-1
changed_at_500,140,0,0,4,0.027027027027,0.06,20261233,1,3000,3000,500,910,410,0.0703333333333,153,alarm_before_true_change,first_alarm=0; detection_delay=-1
changed_at_500,141,0,0,4,0.027027027027,0.06,20261233,1,3000,3000,500,910,410,0.0703333333333,153,alarm_before_true_change,first_alarm=0; detection_delay=-1
changed_at_500,142,0,0,4,0.027027027027,0.06,20261233,1,3000,3000,500,910,410,0.0703333333333,153,alarm_before_true_change,first_alarm=0; detection_delay=-1
changed_at_500,143,0,0,4,0.027027027027,0.06,20261233,1,3000,3000,500,910,410,0.0703333333333,153,alarm_before_true_change,first_alarm=0; detection_delay=-1
changed_at_500,144,0,0,4,0.027027027027,0.06,20261233,1,3000,3000,500,910,410,0.0703333333333,153,alarm_before_true_change,first_alarm=0; detection_delay=-1
changed_at_500,145,0,0,4,0.027027027027,0.06,20261233,1,3000,3000,500,910,410,0.0703333333333,153,alarm_before_true_change,first_alarm=0; detection_delay=-1
changed_at_500,146,0,0,4,0.027027027027,0.06,20261233,1,3000,3000,500,910,410,0.0703333333333,153,alarm_before_true_change,first_alarm=0; detection_delay=-1
changed_at_500,147,0,0,4,0.027027027027,0.06,20261233,1,3000,3000,500,910,410,0.0703333333333,153,alarm_before_true_change,first_alarm=0; detection_delay=-1
changed_at_500,148,0,0,4,0.027027027027,0.06,20261233,1,3000,3000,500,910,410,0.0703333333333,153,alarm_before_true_change,first_alarm=0; detection_delay=-1
changed_at_500,149,1,0.797507195884,4,0.027027027027,0.06,20261233,1,3000,3000,500,910,410,0.0703333333333,153,alarm_before_true_change,first_alarm=0; detection_delay=-1
changed_at_500,150,0,0.763030766354,4,0.027027027027,0.06,20261233,1,3000,3000,500,910,410,0.0703333333333,153,alarm_before_true_change,first_alarm=0; detection_delay=-1
changed_at_500,151,0,0.728554336824,4,0.027027027027,0.06,20261233,1,3000,3000,500,910,410,0.0703333333333,153,alarm_before_true_change,first_alarm=0; detection_delay=-1
changed_at_500,152,0,0.694077907294,4,0.027027027027,0.06,20261233,1,3000,3000,500,910,410,0.0703333333333,153,alarm_before_true_change,first_alarm=0; detection_delay=-1
changed_at_500,153,0,0.659601477764,4,0.027027027027,0.06,20261233,1,3000,3000,500,910,410,0.0703333333333,153,alarm_before_true_change,first_alarm=0; detection_delay=-1
changed_at_500,154,0,0.625125048234,4,0.027027027027,0.06,20261233,1,3000,3000,500,910,410,0.0703333333333,153,alarm_before_true_change,first_alarm=0; detection_delay=-1
changed_at_500,155,0,0.590648618704,4,0.027027027027,0.06,20261233,1,3000,3000,500,910,410,0.0703333333333,153,alarm_before_true_change,first_alarm=0; detection_delay=-1
changed_at_500,156,0,0.556172189174,4,0.027027027027,0.06,20261233,1,3000,3000,500,910,410,0.0703333333333,153,alarm_before_true_change,first_alarm=0; detection_delay=-1
changed_at_500,157,0,0.521695759644,4,0.027027027027,0.06,20261233,1,3000,3000,500,910,410,0.0703333333333,153,alarm_before_true_change,first_alarm=0; detection_delay=-1
changed_at_500,158,0,0.487219330114,4,0.027027027027,0.06,20261233,1,3000,3000,500,910,410,0.0703333333333,153,alarm_before_true_change,first_alarm=0; detection_delay=-1
changed_at_500,159,0,0.452742900584,4,0.027027027027,0.06,20261233,1,3000,3000,500,910,410,0.0703333333333,153,alarm_before_true_change,first_alarm=0; detection_delay=-1
changed_at_500,160,0,0.418266471054,4,0.027027027027,0.06,20261233,1,3000,3000,500,910,410,0.0703333333333,153,alarm_before_true_change,first_alarm=0; detection_delay=-1
changed_at_500,161,0,0.383790041525,4,0.027027027027,0.06,20261233,1,3000,3000,500,910,410,0.0703333333333,153,alarm_before_true_change,first_alarm=0; detection_delay=-1
changed_at_500,162,0,0.349313611995,4,0.027027027027,0.06,20261233,1,3000,3000,500,910,410,0.0703333333333,153,alarm_before_true_change,first_alarm=0; detection_delay=-1
changed_at_500,163,0,0.314837182465,4,0.027027027027,0.06,20261233,1,3000,3000,500,910,410,0.0703333333333,153,alarm_before_true_change,first_alarm=0; detection_delay=-1
changed_at_500,164,1,1.11234437835,4,0.027027027027,0.06,20261233,1,3000,3000,500,910,410,0.0703333333333,153,alarm_before_true_change,first_alarm=0; detection_delay=-1
changed_at_500,165,0,1.07786794882,4,0.027027027027,0.06,20261233,1,3000,3000,500,910,410,0.0703333333333,153,alarm_before_true_change,first_alarm=0; detection_delay=-1
changed_at_500,166,0,1.04339151929,4,0.027027027027,0.06,20261233,1,3000,3000,500,910,410,0.0703333333333,153,alarm_before_true_change,first_alarm=0; detection_delay=-1
changed_at_500,167,0,1.00891508976,4,0.027027027027,0.06,20261233,1,3000,3000,500,910,410,0.0703333333333,153,alarm_before_true_change,first_alarm=0; detection_delay=-1
changed_at_500,168,0,0.974438660229,4,0.027027027027,0.06,20261233,1,3000,3000,500,910,410,0.0703333333333,153,alarm_before_true_change,first_alarm=0; detection_delay=-1
changed_at_500,169,0,0.939962230699,4,0.027027027027,0.06,20261233,1,3000,3000,500,910,410,0.0703333333333,153,alarm_before_true_change,first_alarm=0; detection_delay=-1
changed_at_500,170,0,0.905485801169,4,0.027027027027,0.06,20261233,1,3000,3000,500,910,410,0.0703333333333,153,alarm_before_true_change,first_alarm=0; detection_delay=-1
changed_at_500,171,0,0.871009371639,4,0.027027027027,0.06,20261233,1,3000,3000,500,910,410,0.0703333333333,153,alarm_before_true_change,first_alarm=0; detection_delay=-1
changed_at_500,172,0,0.836532942109,4,0.027027027027,0.06,20261233,1,3000,3000,500,910,410,0.0703333333333,153,alarm_before_true_change,first_alarm=0; detection_delay=-1
changed_at_500,173,0,0.802056512579,4,0.027027027027,0.06,20261233,1,3000,3000,500,910,410,0.0703333333333,153,alarm_before_true_change,first_alarm=0; detection_delay=-1
changed_at_500,174,0,0.767580083049,4,0.027027027027,0.06,20261233,1,3000,3000,500,910,410,0.0703333333333,153,alarm_before_true_change,first_alarm=0; detection_delay=-1
changed_at_500,175,0,0.733103653519,4,0.027027027027,0.06,20261233,1,3000,3000,500,910,410,0.0703333333333,153,alarm_before_true_change,first_alarm=0; detection_delay=-1
changed_at_500,176,0,0.698627223989,4,0.027027027027,0.06,20261233,1,3000,3000,500,910,410,0.0703333333333,153,alarm_before_true_change,first_alarm=0; detection_delay=-1
changed_at_500,177,0,0.664150794459,4,0.027027027027,0.06,20261233,1,3000,3000,500,910,410,0.0703333333333,153,alarm_before_true_change,first_alarm=0; detection_delay=-1
changed_at_500,178,0,0.629674364929,4,0.027027027027,0.06,20261233,1,3000,3000,500,910,410,0.0703333333333,153,alarm_before_true_change,first_alarm=0; detection_delay=-1
changed_at_500,179,0,0.595197935399,4,0.027027027027,0.06,20261233,1,3000,3000,500,910,410,0.0703333333333,153,alarm_before_true_change,first_alarm=0; detection_delay=-1
changed_at_500,180,1,1.39270513128,4,0.027027027027,0.06,20261233,1,3000,3000,500,910,410,0.0703333333333,153,alarm_before_true_change,first_alarm=0; detection_delay=-1
changed_at_500,181,0,1.35822870175,4,0.027027027027,0.06,20261233,1,3000,3000,500,910,410,0.0703333333333,153,alarm_before_true_change,first_alarm=0; detection_delay=-1
changed_at_500,182,0,1.32375227222,4,0.027027027027,0.06,20261233,1,3000,3000,500,910,410,0.0703333333333,153,alarm_before_true_change,first_alarm=0; detection_delay=-1
changed_at_500,183,0,1.28927584269,4,0.027027027027,0.06,20261233,1,3000,3000,500,910,410,0.0703333333333,153,alarm_before_true_change,first_alarm=0; detection_delay=-1
changed_at_500,184,0,1.25479941316,4,0.027027027027,0.06,20261233,1,3000,3000,500,910,410,0.0703333333333,153,alarm_before_true_change,first_alarm=0; detection_delay=-1
changed_at_500,185,0,1.22032298363,4,0.027027027027,0.06,20261233,1,3000,3000,500,910,410,0.0703333333333,153,alarm_before_true_change,first_alarm=0; detection_delay=-1
changed_at_500,186,0,1.1858465541,4,0.027027027027,0.06,20261233,1,3000,3000,500,910,410,0.0703333333333,153,alarm_before_true_change,first_alarm=0; detection_delay=-1
changed_at_500,187,0,1.15137012457,4,0.027027027027,0.06,20261233,1,3000,3000,500,910,410,0.0703333333333,153,alarm_before_true_change,first_alarm=0; detection_delay=-1
changed_at_500,188,0,1.11689369504,4,0.027027027027,0.06,20261233,1,3000,3000,500,910,410,0.0703333333333,153,alarm_before_true_change,first_alarm=0; detection_delay=-1
changed_at_500,189,0,1.08241726551,4,0.027027027027,0.06,20261233,1,3000,3000,500,910,410,0.0703333333333,153,alarm_before_true_change,first_alarm=0; detection_delay=-1
changed_at_500,190,0,1.04794083598,4,0.027027027027,0.06,20261233,1,3000,3000,500,910,410,0.0703333333333,153,alarm_before_true_change,first_alarm=0; detection_delay=-1
changed_at_500,191,0,1.01346440645,4,0.027027027027,0.06,20261233,1,3000,3000,500,910,410,0.0703333333333,153,alarm_before_true_change,first_alarm=0; detection_delay=-1
changed_at_500,192,0,0.978987976924,4,0.027027027027,0.06,20261233,1,3000,3000,500,910,410,0.0703333333333,153,alarm_before_true_change,first_alarm=0; detection_delay=-1
changed_at_500,193,0,0.944511547394,4,0.027027027027,0.06,20261233,1,3000,3000,500,910,410,0.0703333333333,153,alarm_before_true_change,first_alarm=0; detection_delay=-1
changed_at_500,194,0,0.910035117864,4,0.027027027027,0.06,20261233,1,3000,3000,500,910,410,0.0703333333333,153,alarm_before_true_change,first_alarm=0; detection_delay=-1
changed_at_500,195,0,0.875558688334,4,0.027027027027,0.06,20261233,1,3000,3000,500,910,410,0.0703333333333,153,alarm_before_true_change,first_alarm=0; detection_delay=-1
changed_at_500,196,0,0.841082258804,4,0.027027027027,0.06,20261233,1,3000,3000,500,910,410,0.0703333333333,153,alarm_before_true_change,first_alarm=0; detection_delay=-1
changed_at_500,197,0,0.806605829274,4,0.027027027027,0.06,20261233,1,3000,3000,500,910,410,0.0703333333333,153,alarm_before_true_change,first_alarm=0; detection_delay=-1
changed_at_500,198,0,0.772129399744,4,0.027027027027,0.06,20261233,1,3000,3000,500,910,410,0.0703333333333,153,alarm_before_true_change,first_alarm=0; detection_delay=-1
changed_at_500,199,0,0.737652970214,4,0.027027027027,0.06,20261233,1,3000,3000,500,910,410,0.0703333333333,153,alarm_before_true_change,first_alarm=0; detection_delay=-1
changed_at_500,200,0,0.703176540684,4,0.027027027027,0.06,20261233,1,3000,3000,500,910,410,0.0703333333333,153,alarm_before_true_change,first_alarm=0; detection_delay=-1
changed_at_500,201,0,0.668700111154,4,0.027027027027,0.06,20261233,1,3000,3000,500,910,410,0.0703333333333,153,alarm_before_true_change,first_alarm=0; detection_delay=-1
changed_at_500,202,0,0.634223681624,4,0.027027027027,0.06,20261233,1,3000,3000,500,910,410,0.0703333333333,153,alarm_before_true_change,first_alarm=0; detection_delay=-1
changed_at_500,203,0,0.599747252094,4,0.027027027027,0.06,20261233,1,3000,3000,500,910,410,0.0703333333333,153,alarm_before_true_change,first_alarm=0; detection_delay=-1
changed_at_500,204,0,0.565270822564,4,0.027027027027,0.06,20261233,1,3000,3000,500,910,410,0.0703333333333,153,alarm_before_true_change,first_alarm=0; detection_delay=-1
changed_at_500,205,0,0.530794393034,4,0.027027027027,0.06,20261233,1,3000,3000,500,910,410,0.0703333333333,153,alarm_before_true_change,first_alarm=0; detection_delay=-1
changed_at_500,206,0,0.496317963504,4,0.027027027027,0.06,20261233,1,3000,3000,500,910,410,0.0703333333333,153,alarm_before_true_change,first_alarm=0; detection_delay=-1
changed_at_500,207,0,0.461841533974,4,0.027027027027,0.06,20261233,1,3000,3000,500,910,410,0.0703333333333,153,alarm_before_true_change,first_alarm=0; detection_delay=-1
changed_at_500,208,0,0.427365104444,4,0.027027027027,0.06,20261233,1,3000,3000,500,910,410,0.0703333333333,153,alarm_before_true_change,first_alarm=0; detection_delay=-1
changed_at_500,209,0,0.392888674914,4,0.027027027027,0.06,20261233,1,3000,3000,500,910,410,0.0703333333333,153,alarm_before_true_change,first_alarm=0; detection_delay=-1
changed_at_500,210,0,0.358412245384,4,0.027027027027,0.06,20261233,1,3000,3000,500,910,410,0.0703333333333,153,alarm_before_true_change,first_alarm=0; detection_delay=-1
changed_at_500,211,0,0.323935815854,4,0.027027027027,0.06,20261233,1,3000,3000,500,910,410,0.0703333333333,153,alarm_before_true_change,first_alarm=0; detection_delay=-1
changed_at_500,212,0,0.289459386324,4,0.027027027027,0.06,20261233,1,3000,3000,500,910,410,0.0703333333333,153,alarm_before_true_change,first_alarm=0; detection_delay=-1
changed_at_500,213,0,0.254982956794,4,0.027027027027,0.06,20261233,1,3000,3000,500,910,410,0.0703333333333,153,alarm_before_true_change,first_alarm=0; detection_delay=-1
changed_at_500,214,0,0.220506527264,4,0.027027027027,0.06,20261233,1,3000,3000,500,910,410,0.0703333333333,153,alarm_before_true_change,first_alarm=0; detection_delay=-1
changed_at_500,215,0,0.186030097734,4,0.027027027027,0.06,20261233,1,3000,3000,500,910,410,0.0703333333333,153,alarm_before_true_change,first_alarm=0; detection_delay=-1
changed_at_500,216,0,0.151553668204,4,0.027027027027,0.06,20261233,1,3000,3000,500,910,410,0.0703333333333,153,alarm_before_true_change,first_alarm=0; detection_delay=-1
changed_at_500,217,0,0.117077238674,4,0.027027027027,0.06,20261233,1,3000,3000,500,910,410,0.0703333333333,153,alarm_before_true_change,first_alarm=0; detection_delay=-1
changed_at_500,218,0,0.0826008091444,4,0.027027027027,0.06,20261233,1,3000,3000,500,910,410,0.0703333333333,153,alarm_before_true_change,first_alarm=0; detection_delay=-1
changed_at_500,219,0,0.0481243796144,4,0.027027027027,0.06,20261233,1,3000,3000,500,910,410,0.0703333333333,153,alarm_before_true_change,first_alarm=0; detection_delay=-1
changed_at_500,220,0,0.0136479500844,4,0.027027027027,0.06,20261233,1,3000,3000,500,910,410,0.0703333333333,153,alarm_before_true_change,first_alarm=0; detection_delay=-1
changed_at_500,221,0,0,4,0.027027027027,0.06,20261233,1,3000,3000,500,910,410,0.0703333333333,153,alarm_before_true_change,first_alarm=0; detection_delay=-1
changed_at_500,222,0,0,4,0.027027027027,0.06,20261233,1,3000,3000,500,910,410,0.0703333333333,153,alarm_before_true_change,first_alarm=0; detection_delay=-1
changed_at_500,223,0,0,4,0.027027027027,0.06,20261233,1,3000,3000,500,910,410,0.0703333333333,153,alarm_before_true_change,first_alarm=0; detection_delay=-1
changed_at_500,224,0,0,4,0.027027027027,0.06,20261233,1,3000,3000,500,910,410,0.0703333333333,153,alarm_before_true_change,first_alarm=0; detection_delay=-1
changed_at_500,225,0,0,4,0.027027027027,0.06,20261233,1,3000,3000,500,910,410,0.0703333333333,153,alarm_before_true_change,first_alarm=0; detection_delay=-1
changed_at_500,226,0,0,4,0.027027027027,0.06,20261233,1,3000,3000,500,910,410,0.0703333333333,153,alarm_before_true_change,first_alarm=0; detection_delay=-1
changed_at_500,227,0,0,4,0.027027027027,0.06,20261233,1,3000,3000,500,910,410,0.0703333333333,153,alarm_before_true_change,first_alarm=0; detection_delay=-1
changed_at_500,228,0,0,4,0.027027027027,0.06,20261233,1,3000,3000,500,910,410,0.0703333333333,153,alarm_before_true_change,first_alarm=0; detection_delay=-1
changed_at_500,229,0,0,4,0.027027027027,0.06,20261233,1,3000,3000,500,910,410,0.0703333333333,153,alarm_before_true_change,first_alarm=0; detection_delay=-1
changed_at_500,230,0,0,4,0.027027027027,0.06,20261233,1,3000,3000,500,910,410,0.0703333333333,153,alarm_before_true_change,first_alarm=0; detection_delay=-1
changed_at_500,231,0,0,4,0.027027027027,0.06,20261233,1,3000,3000,500,910,410,0.0703333333333,153,alarm_before_true_change,first_alarm=0; detection_delay=-1
changed_at_500,232,0,0,4,0.027027027027,0.06,20261233,1,3000,3000,500,910,410,0.0703333333333,153,alarm_before_true_change,first_alarm=0; detection_delay=-1
changed_at_500,233,0,0,4,0.027027027027,0.06,20261233,1,3000,3000,500,910,410,0.0703333333333,153,alarm_before_true_change,first_alarm=0; detection_delay=-1
changed_at_500,234,0,0,4,0.027027027027,0.06,20261233,1,3000,3000,500,910,410,0.0703333333333,153,alarm_before_true_change,first_alarm=0; detection_delay=-1
changed_at_500,235,0,0,4,0.027027027027,0.06,20261233,1,3000,3000,500,910,410,0.0703333333333,153,alarm_before_true_change,first_alarm=0; detection_delay=-1
changed_at_500,236,0,0,4,0.027027027027,0.06,20261233,1,3000,3000,500,910,410,0.0703333333333,153,alarm_before_true_change,first_alarm=0; detection_delay=-1
changed_at_500,237,0,0,4,0.027027027027,0.06,20261233,1,3000,3000,500,910,410,0.0703333333333,153,alarm_before_true_change,first_alarm=0; detection_delay=-1
changed_at_500,238,0,0,4,0.027027027027,0.06,20261233,1,3000,3000,500,910,410,0.0703333333333,153,alarm_before_true_change,first_alarm=0; detection_delay=-1
changed_at_500,239,0,0,4,0.027027027027,0.06,20261233,1,3000,3000,500,910,410,0.0703333333333,153,alarm_before_true_change,first_alarm=0; detection_delay=-1
changed_at_500,240,0,0,4,0.027027027027,0.06,20261233,1,3000,3000,500,910,410,0.0703333333333,153,alarm_before_true_change,first_alarm=0; detection_delay=-1
changed_at_500,241,0,0,4,0.027027027027,0.06,20261233,1,3000,3000,500,910,410,0.0703333333333,153,alarm_before_true_change,first_alarm=0; detection_delay=-1
changed_at_500,242,0,0,4,0.027027027027,0.06,20261233,1,3000,3000,500,910,410,0.0703333333333,153,alarm_before_true_change,first_alarm=0; detection_delay=-1
changed_at_500,243,0,0,4,0.027027027027,0.06,20261233,1,3000,3000,500,910,410,0.0703333333333,153,alarm_before_true_change,first_alarm=0; detection_delay=-1
changed_at_500,244,0,0,4,0.027027027027,0.06,20261233,1,3000,3000,500,910,410,0.0703333333333,153,alarm_before_true_change,first_alarm=0; detection_delay=-1
changed_at_500,245,0,0,4,0.027027027027,0.06,20261233,1,3000,3000,500,910,410,0.0703333333333,153,alarm_before_true_change,first_alarm=0; detection_delay=-1
changed_at_500,246,1,0.797507195884,4,0.027027027027,0.06,20261233,1,3000,3000,500,910,410,0.0703333333333,153,alarm_before_true_change,first_alarm=0; detection_delay=-1
changed_at_500,247,0,0.763030766354,4,0.027027027027,0.06,20261233,1,3000,3000,500,910,410,0.0703333333333,153,alarm_before_true_change,first_alarm=0; detection_delay=-1
changed_at_500,248,0,0.728554336824,4,0.027027027027,0.06,20261233,1,3000,3000,500,910,410,0.0703333333333,153,alarm_before_true_change,first_alarm=0; detection_delay=-1
changed_at_500,249,0,0.694077907294,4,0.027027027027,0.06,20261233,1,3000,3000,500,910,410,0.0703333333333,153,alarm_before_true_change,first_alarm=0; detection_delay=-1
changed_at_500,250,0,0.659601477764,4,0.027027027027,0.06,20261233,1,3000,3000,500,910,410,0.0703333333333,153,alarm_before_true_change,first_alarm=0; detection_delay=-1
changed_at_500,251,0,0.625125048234,4,0.027027027027,0.06,20261233,1,3000,3000,500,910,410,0.0703333333333,153,alarm_before_true_change,first_alarm=0; detection_delay=-1
changed_at_500,252,0,0.590648618704,4,0.027027027027,0.06,20261233,1,3000,3000,500,910,410,0.0703333333333,153,alarm_before_true_change,first_alarm=0; detection_delay=-1
changed_at_500,253,0,0.556172189174,4,0.027027027027,0.06,20261233,1,3000,3000,500,910,410,0.0703333333333,153,alarm_before_true_change,first_alarm=0; detection_delay=-1
changed_at_500,254,0,0.521695759644,4,0.027027027027,0.06,20261233,1,3000,3000,500,910,410,0.0703333333333,153,alarm_before_true_change,first_alarm=0; detection_delay=-1
changed_at_500,255,0,0.487219330114,4,0.027027027027,0.06,20261233,1,3000,3000,500,910,410,0.0703333333333,153,alarm_before_true_change,first_alarm=0; detection_delay=-1
changed_at_500,256,0,0.452742900584,4,0.027027027027,0.06,20261233,1,3000,3000,500,910,410,0.0703333333333,153,alarm_before_true_change,first_alarm=0; detection_delay=-1
changed_at_500,257,0,0.418266471054,4,0.027027027027,0.06,20261233,1,3000,3000,500,910,410,0.0703333333333,153,alarm_before_true_change,first_alarm=0; detection_delay=-1
changed_at_500,258,0,0.383790041525,4,0.027027027027,0.06,20261233,1,3000,3000,500,910,410,0.0703333333333,153,alarm_before_true_change,first_alarm=0; detection_delay=-1
changed_at_500,259,0,0.349313611995,4,0.027027027027,0.06,20261233,1,3000,3000,500,910,410,0.0703333333333,153,alarm_before_true_change,first_alarm=0; detection_delay=-1
changed_at_500,260,0,0.314837182465,4,0.027027027027,0.06,20261233,1,3000,3000,500,910,410,0.0703333333333,153,alarm_before_true_change,first_alarm=0; detection_delay=-1
changed_at_500,261,0,0.280360752935,4,0.027027027027,0.06,20261233,1,3000,3000,500,910,410,0.0703333333333,153,alarm_before_true_change,first_alarm=0; detection_delay=-1
changed_at_500,262,0,0.245884323405,4,0.027027027027,0.06,20261233,1,3000,3000,500,910,410,0.0703333333333,153,alarm_before_true_change,first_alarm=0; detection_delay=-1
changed_at_500,263,0,0.211407893875,4,0.027027027027,0.06,20261233,1,3000,3000,500,910,410,0.0703333333333,153,alarm_before_true_change,first_alarm=0; detection_delay=-1
changed_at_500,264,0,0.176931464345,4,0.027027027027,0.06,20261233,1,3000,3000,500,910,410,0.0703333333333,153,alarm_before_true_change,first_alarm=0; detection_delay=-1
changed_at_500,265,0,0.142455034815,4,0.027027027027,0.06,20261233,1,3000,3000,500,910,410,0.0703333333333,153,alarm_before_true_change,first_alarm=0; detection_delay=-1
changed_at_500,266,0,0.107978605285,4,0.027027027027,0.06,20261233,1,3000,3000,500,910,410,0.0703333333333,153,alarm_before_true_change,first_alarm=0; detection_delay=-1
changed_at_500,267,0,0.0735021757548,4,0.027027027027,0.06,20261233,1,3000,3000,500,910,410,0.0703333333333,153,alarm_before_true_change,first_alarm=0; detection_delay=-1
changed_at_500,268,0,0.0390257462248,4,0.027027027027,0.06,20261233,1,3000,3000,500,910,410,0.0703333333333,153,alarm_before_true_change,first_alarm=0; detection_delay=-1
changed_at_500,269,0,0.00454931669481,4,0.027027027027,0.06,20261233,1,3000,3000,500,910,410,0.0703333333333,153,alarm_before_true_change,first_alarm=0; detection_delay=-1
changed_at_500,270,0,0,4,0.027027027027,0.06,20261233,1,3000,3000,500,910,410,0.0703333333333,153,alarm_before_true_change,first_alarm=0; detection_delay=-1
changed_at_500,271,0,0,4,0.027027027027,0.06,20261233,1,3000,3000,500,910,410,0.0703333333333,153,alarm_before_true_change,first_alarm=0; detection_delay=-1
changed_at_500,272,0,0,4,0.027027027027,0.06,20261233,1,3000,3000,500,910,410,0.0703333333333,153,alarm_before_true_change,first_alarm=0; detection_delay=-1
changed_at_500,273,0,0,4,0.027027027027,0.06,20261233,1,3000,3000,500,910,410,0.0703333333333,153,alarm_before_true_change,first_alarm=0; detection_delay=-1
changed_at_500,274,0,0,4,0.027027027027,0.06,20261233,1,3000,3000,500,910,410,0.0703333333333,153,alarm_before_true_change,first_alarm=0; detection_delay=-1
changed_at_500,275,0,0,4,0.027027027027,0.06,20261233,1,3000,3000,500,910,410,0.0703333333333,153,alarm_before_true_change,first_alarm=0; detection_delay=-1
changed_at_500,276,0,0,4,0.027027027027,0.06,20261233,1,3000,3000,500,910,410,0.0703333333333,153,alarm_before_true_change,first_alarm=0; detection_delay=-1
changed_at_500,277,0,0,4,0.027027027027,0.06,20261233,1,3000,3000,500,910,410,0.0703333333333,153,alarm_before_true_change,first_alarm=0; detection_delay=-1
changed_at_500,278,0,0,4,0.027027027027,0.06,20261233,1,3000,3000,500,910,410,0.0703333333333,153,alarm_before_true_change,first_alarm=0; detection_delay=-1
changed_at_500,279,0,0,4,0.027027027027,0.06,20261233,1,3000,3000,500,910,410,0.0703333333333,153,alarm_before_true_change,first_alarm=0; detection_delay=-1
changed_at_500,280,0,0,4,0.027027027027,0.06,20261233,1,3000,3000,500,910,410,0.0703333333333,153,alarm_before_true_change,first_alarm=0; detection_delay=-1
changed_at_500,281,0,0,4,0.027027027027,0.06,20261233,1,3000,3000,500,910,410,0.0703333333333,153,alarm_before_true_change,first_alarm=0; detection_delay=-1
changed_at_500,282,0,0,4,0.027027027027,0.06,20261233,1,3000,3000,500,910,410,0.0703333333333,153,alarm_before_true_change,first_alarm=0; detection_delay=-1
changed_at_500,283,0,0,4,0.027027027027,0.06,20261233,1,3000,3000,500,910,410,0.0703333333333,153,alarm_before_true_change,first_alarm=0; detection_delay=-1
changed_at_500,284,0,0,4,0.027027027027,0.06,20261233,1,3000,3000,500,910,410,0.0703333333333,153,alarm_before_true_change,first_alarm=0; detection_delay=-1
changed_at_500,285,0,0,4,0.027027027027,0.06,20261233,1,3000,3000,500,910,410,0.0703333333333,153,alarm_before_true_change,first_alarm=0; detection_delay=-1
changed_at_500,286,0,0,4,0.027027027027,0.06,20261233,1,3000,3000,500,910,410,0.0703333333333,153,alarm_before_true_change,first_alarm=0; detection_delay=-1
changed_at_500,287,0,0,4,0.027027027027,0.06,20261233,1,3000,3000,500,910,410,0.0703333333333,153,alarm_before_true_change,first_alarm=0; detection_delay=-1
changed_at_500,288,0,0,4,0.027027027027,0.06,20261233,1,3000,3000,500,910,410,0.0703333333333,153,alarm_before_true_change,first_alarm=0; detection_delay=-1
changed_at_500,289,0,0,4,0.027027027027,0.06,20261233,1,3000,3000,500,910,410,0.0703333333333,153,alarm_before_true_change,first_alarm=0; detection_delay=-1
changed_at_500,290,0,0,4,0.027027027027,0.06,20261233,1,3000,3000,500,910,410,0.0703333333333,153,alarm_before_true_change,first_alarm=0; detection_delay=-1
changed_at_500,291,0,0,4,0.027027027027,0.06,20261233,1,3000,3000,500,910,410,0.0703333333333,153,alarm_before_true_change,first_alarm=0; detection_delay=-1
changed_at_500,292,0,0,4,0.027027027027,0.06,20261233,1,3000,3000,500,910,410,0.0703333333333,153,alarm_before_true_change,first_alarm=0; detection_delay=-1
changed_at_500,293,0,0,4,0.027027027027,0.06,20261233,1,3000,3000,500,910,410,0.0703333333333,153,alarm_before_true_change,first_alarm=0; detection_delay=-1
changed_at_500,294,0,0,4,0.027027027027,0.06,20261233,1,3000,3000,500,910,410,0.0703333333333,153,alarm_before_true_change,first_alarm=0; detection_delay=-1
changed_at_500,295,0,0,4,0.027027027027,0.06,20261233,1,3000,3000,500,910,410,0.0703333333333,153,alarm_before_true_change,first_alarm=0; detection_delay=-1
changed_at_500,296,1,0.797507195884,4,0.027027027027,0.06,20261233,1,3000,3000,500,910,410,0.0703333333333,153,alarm_before_true_change,first_alarm=0; detection_delay=-1
changed_at_500,297,1,1.59501439177,4,0.027027027027,0.06,20261233,1,3000,3000,500,910,410,0.0703333333333,153,alarm_before_true_change,first_alarm=0; detection_delay=-1
changed_at_500,298,0,1.56053796224,4,0.027027027027,0.06,20261233,1,3000,3000,500,910,410,0.0703333333333,153,alarm_before_true_change,first_alarm=0; detection_delay=-1
changed_at_500,299,0,1.52606153271,4,0.027027027027,0.06,20261233,1,3000,3000,500,910,410,0.0703333333333,153,alarm_before_true_change,first_alarm=0; detection_delay=-1
changed_at_500,300,0,1.49158510318,4,0.027027027027,0.06,20261233,1,3000,3000,500,910,410,0.0703333333333,153,alarm_before_true_change,first_alarm=0; detection_delay=-1
changed_at_500,301,0,1.45710867365,4,0.027027027027,0.06,20261233,1,3000,3000,500,910,410,0.0703333333333,153,alarm_before_true_change,first_alarm=0; detection_delay=-1
changed_at_500,302,0,1.42263224412,4,0.027027027027,0.06,20261233,1,3000,3000,500,910,410,0.0703333333333,153,alarm_before_true_change,first_alarm=0; detection_delay=-1
changed_at_500,303,0,1.38815581459,4,0.027027027027,0.06,20261233,1,3000,3000,500,910,410,0.0703333333333,153,alarm_before_true_change,first_alarm=0; detection_delay=-1
changed_at_500,304,0,1.35367938506,4,0.027027027027,0.06,20261233,1,3000,3000,500,910,410,0.0703333333333,153,alarm_before_true_change,first_alarm=0; detection_delay=-1
changed_at_500,305,0,1.31920295553,4,0.027027027027,0.06,20261233,1,3000,3000,500,910,410,0.0703333333333,153,alarm_before_true_change,first_alarm=0; detection_delay=-1
changed_at_500,306,0,1.284726526,4,0.027027027027,0.06,20261233,1,3000,3000,500,910,410,0.0703333333333,153,alarm_before_true_change,first_alarm=0; detection_delay=-1
changed_at_500,307,0,1.25025009647,4,0.027027027027,0.06,20261233,1,3000,3000,500,910,410,0.0703333333333,153,alarm_before_true_change,first_alarm=0; detection_delay=-1
changed_at_500,308,0,1.21577366694,4,0.027027027027,0.06,20261233,1,3000,3000,500,910,410,0.0703333333333,153,alarm_before_true_change,first_alarm=0; detection_delay=-1
changed_at_500,309,0,1.18129723741,4,0.027027027027,0.06,20261233,1,3000,3000,500,910,410,0.0703333333333,153,alarm_before_true_change,first_alarm=0; detection_delay=-1
changed_at_500,310,0,1.14682080788,4,0.027027027027,0.06,20261233,1,3000,3000,500,910,410,0.0703333333333,153,alarm_before_true_change,first_alarm=0; detection_delay=-1
changed_at_500,311,0,1.11234437835,4,0.027027027027,0.06,20261233,1,3000,3000,500,910,410,0.0703333333333,153,alarm_before_true_change,first_alarm=0; detection_delay=-1
changed_at_500,312,0,1.07786794882,4,0.027027027027,0.06,20261233,1,3000,3000,500,910,410,0.0703333333333,153,alarm_before_true_change,first_alarm=0; detection_delay=-1
changed_at_500,313,0,1.04339151929,4,0.027027027027,0.06,20261233,1,3000,3000,500,910,410,0.0703333333333,153,alarm_before_true_change,first_alarm=0; detection_delay=-1
changed_at_500,314,0,1.00891508976,4,0.027027027027,0.06,20261233,1,3000,3000,500,910,410,0.0703333333333,153,alarm_before_true_change,first_alarm=0; detection_delay=-1
changed_at_500,315,0,0.974438660229,4,0.027027027027,0.06,20261233,1,3000,3000,500,910,410,0.0703333333333,153,alarm_before_true_change,first_alarm=0; detection_delay=-1
changed_at_500,316,0,0.939962230699,4,0.027027027027,0.06,20261233,1,3000,3000,500,910,410,0.0703333333333,153,alarm_before_true_change,first_alarm=0; detection_delay=-1
changed_at_500,317,0,0.905485801169,4,0.027027027027,0.06,20261233,1,3000,3000,500,910,410,0.0703333333333,153,alarm_before_true_change,first_alarm=0; detection_delay=-1
changed_at_500,318,0,0.871009371639,4,0.027027027027,0.06,20261233,1,3000,3000,500,910,410,0.0703333333333,153,alarm_before_true_change,first_alarm=0; detection_delay=-1
changed_at_500,319,0,0.836532942109,4,0.027027027027,0.06,20261233,1,3000,3000,500,910,410,0.0703333333333,153,alarm_before_true_change,first_alarm=0; detection_delay=-1
changed_at_500,320,0,0.802056512579,4,0.027027027027,0.06,20261233,1,3000,3000,500,910,410,0.0703333333333,153,alarm_before_true_change,first_alarm=0; detection_delay=-1
changed_at_500,321,0,0.767580083049,4,0.027027027027,0.06,20261233,1,3000,3000,500,910,410,0.0703333333333,153,alarm_before_true_change,first_alarm=0; detection_delay=-1
changed_at_500,322,0,0.733103653519,4,0.027027027027,0.06,20261233,1,3000,3000,500,910,410,0.0703333333333,153,alarm_before_true_change,first_alarm=0; detection_delay=-1
changed_at_500,323,0,0.698627223989,4,0.027027027027,0.06,20261233,1,3000,3000,500,910,410,0.0703333333333,153,alarm_before_true_change,first_alarm=0; detection_delay=-1
changed_at_500,324,0,0.664150794459,4,0.027027027027,0.06,20261233,1,3000,3000,500,910,410,0.0703333333333,153,alarm_before_true_change,first_alarm=0; detection_delay=-1
changed_at_500,325,0,0.629674364929,4,0.027027027027,0.06,20261233,1,3000,3000,500,910,410,0.0703333333333,153,alarm_before_true_change,first_alarm=0; detection_delay=-1
changed_at_500,326,0,0.595197935399,4,0.027027027027,0.06,20261233,1,3000,3000,500,910,410,0.0703333333333,153,alarm_before_true_change,first_alarm=0; detection_delay=-1
changed_at_500,327,0,0.560721505869,4,0.027027027027,0.06,20261233,1,3000,3000,500,910,410,0.0703333333333,153,alarm_before_true_change,first_alarm=0; detection_delay=-1
changed_at_500,328,0,0.526245076339,4,0.027027027027,0.06,20261233,1,3000,3000,500,910,410,0.0703333333333,153,alarm_before_true_change,first_alarm=0; detection_delay=-1
changed_at_500,329,0,0.491768646809,4,0.027027027027,0.06,20261233,1,3000,3000,500,910,410,0.0703333333333,153,alarm_before_true_change,first_alarm=0; detection_delay=-1
changed_at_500,330,0,0.457292217279,4,0.027027027027,0.06,20261233,1,3000,3000,500,910,410,0.0703333333333,153,alarm_before_true_change,first_alarm=0; detection_delay=-1
changed_at_500,331,0,0.422815787749,4,0.027027027027,0.06,20261233,1,3000,3000,500,910,410,0.0703333333333,153,alarm_before_true_change,first_alarm=0; detection_delay=-1
changed_at_500,332,0,0.388339358219,4,0.027027027027,0.06,20261233,1,3000,3000,500,910,410,0.0703333333333,153,alarm_before_true_change,first_alarm=0; detection_delay=-1
changed_at_500,333,0,0.353862928689,4,0.027027027027,0.06,20261233,1,3000,3000,500,910,410,0.0703333333333,153,alarm_before_true_change,first_alarm=0; detection_delay=-1
changed_at_500,334,0,0.319386499159,4,0.027027027027,0.06,20261233,1,3000,3000,500,910,410,0.0703333333333,153,alarm_before_true_change,first_alarm=0; detection_delay=-1
changed_at_500,335,0,0.284910069629,4,0.027027027027,0.06,20261233,1,3000,3000,500,910,410,0.0703333333333,153,alarm_before_true_change,first_alarm=0; detection_delay=-1
changed_at_500,336,1,1.08241726551,4,0.027027027027,0.06,20261233,1,3000,3000,500,910,410,0.0703333333333,153,alarm_before_true_change,first_alarm=0; detection_delay=-1
changed_at_500,337,0,1.04794083598,4,0.027027027027,0.06,20261233,1,3000,3000,500,910,410,0.0703333333333,153,alarm_before_true_change,first_alarm=0; detection_delay=-1
changed_at_500,338,0,1.01346440645,4,0.027027027027,0.06,20261233,1,3000,3000,500,910,410,0.0703333333333,153,alarm_before_true_change,first_alarm=0; detection_delay=-1
changed_at_500,339,0,0.978987976924,4,0.027027027027,0.06,20261233,1,3000,3000,500,910,410,0.0703333333333,153,alarm_before_true_change,first_alarm=0; detection_delay=-1
changed_at_500,340,0,0.944511547394,4,0.027027027027,0.06,20261233,1,3000,3000,500,910,410,0.0703333333333,153,alarm_before_true_change,first_alarm=0; detection_delay=-1
changed_at_500,341,0,0.910035117864,4,0.027027027027,0.06,20261233,1,3000,3000,500,910,410,0.0703333333333,153,alarm_before_true_change,first_alarm=0; detection_delay=-1
changed_at_500,342,0,0.875558688334,4,0.027027027027,0.06,20261233,1,3000,3000,500,910,410,0.0703333333333,153,alarm_before_true_change,first_alarm=0; detection_delay=-1
changed_at_500,343,0,0.841082258804,4,0.027027027027,0.06,20261233,1,3000,3000,500,910,410,0.0703333333333,153,alarm_before_true_change,first_alarm=0; detection_delay=-1
changed_at_500,344,0,0.806605829274,4,0.027027027027,0.06,20261233,1,3000,3000,500,910,410,0.0703333333333,153,alarm_before_true_change,first_alarm=0; detection_delay=-1
changed_at_500,345,0,0.772129399744,4,0.027027027027,0.06,20261233,1,3000,3000,500,910,410,0.0703333333333,153,alarm_before_true_change,first_alarm=0; detection_delay=-1
changed_at_500,346,0,0.737652970214,4,0.027027027027,0.06,20261233,1,3000,3000,500,910,410,0.0703333333333,153,alarm_before_true_change,first_alarm=0; detection_delay=-1
changed_at_500,347,0,0.703176540684,4,0.027027027027,0.06,20261233,1,3000,3000,500,910,410,0.0703333333333,153,alarm_before_true_change,first_alarm=0; detection_delay=-1
changed_at_500,348,0,0.668700111154,4,0.027027027027,0.06,20261233,1,3000,3000,500,910,410,0.0703333333333,153,alarm_before_true_change,first_alarm=0; detection_delay=-1
changed_at_500,349,0,0.634223681624,4,0.027027027027,0.06,20261233,1,3000,3000,500,910,410,0.0703333333333,153,alarm_before_true_change,first_alarm=0; detection_delay=-1
changed_at_500,350,0,0.599747252094,4,0.027027027027,0.06,20261233,1,3000,3000,500,910,410,0.0703333333333,153,alarm_before_true_change,first_alarm=0; detection_delay=-1
changed_at_500,351,0,0.565270822564,4,0.027027027027,0.06,20261233,1,3000,3000,500,910,410,0.0703333333333,153,alarm_before_true_change,first_alarm=0; detection_delay=-1
changed_at_500,352,0,0.530794393034,4,0.027027027027,0.06,20261233,1,3000,3000,500,910,410,0.0703333333333,153,alarm_before_true_change,first_alarm=0; detection_delay=-1
changed_at_500,353,0,0.496317963504,4,0.027027027027,0.06,20261233,1,3000,3000,500,910,410,0.0703333333333,153,alarm_before_true_change,first_alarm=0; detection_delay=-1
changed_at_500,354,0,0.461841533974,4,0.027027027027,0.06,20261233,1,3000,3000,500,910,410,0.0703333333333,153,alarm_before_true_change,first_alarm=0; detection_delay=-1
changed_at_500,355,0,0.427365104444,4,0.027027027027,0.06,20261233,1,3000,3000,500,910,410,0.0703333333333,153,alarm_before_true_change,first_alarm=0; detection_delay=-1
changed_at_500,356,0,0.392888674914,4,0.027027027027,0.06,20261233,1,3000,3000,500,910,410,0.0703333333333,153,alarm_before_true_change,first_alarm=0; detection_delay=-1
changed_at_500,357,0,0.358412245384,4,0.027027027027,0.06,20261233,1,3000,3000,500,910,410,0.0703333333333,153,alarm_before_true_change,first_alarm=0; detection_delay=-1
changed_at_500,358,0,0.323935815854,4,0.027027027027,0.06,20261233,1,3000,3000,500,910,410,0.0703333333333,153,alarm_before_true_change,first_alarm=0; detection_delay=-1
changed_at_500,359,0,0.289459386324,4,0.027027027027,0.06,20261233,1,3000,3000,500,910,410,0.0703333333333,153,alarm_before_true_change,first_alarm=0; detection_delay=-1
changed_at_500,360,0,0.254982956794,4,0.027027027027,0.06,20261233,1,3000,3000,500,910,410,0.0703333333333,153,alarm_before_true_change,first_alarm=0; detection_delay=-1
changed_at_500,361,0,0.220506527264,4,0.027027027027,0.06,20261233,1,3000,3000,500,910,410,0.0703333333333,153,alarm_before_true_change,first_alarm=0; detection_delay=-1
changed_at_500,362,0,0.186030097734,4,0.027027027027,0.06,20261233,1,3000,3000,500,910,410,0.0703333333333,153,alarm_before_true_change,first_alarm=0; detection_delay=-1
changed_at_500,363,0,0.151553668204,4,0.027027027027,0.06,20261233,1,3000,3000,500,910,410,0.0703333333333,153,alarm_before_true_change,first_alarm=0; detection_delay=-1
changed_at_500,364,0,0.117077238674,4,0.027027027027,0.06,20261233,1,3000,3000,500,910,410,0.0703333333333,153,alarm_before_true_change,first_alarm=0; detection_delay=-1
changed_at_500,365,0,0.0826008091444,4,0.027027027027,0.06,20261233,1,3000,3000,500,910,410,0.0703333333333,153,alarm_before_true_change,first_alarm=0; detection_delay=-1
changed_at_500,366,0,0.0481243796144,4,0.027027027027,0.06,20261233,1,3000,3000,500,910,410,0.0703333333333,153,alarm_before_true_change,first_alarm=0; detection_delay=-1
changed_at_500,367,0,0.0136479500844,4,0.027027027027,0.06,20261233,1,3000,3000,500,910,410,0.0703333333333,153,alarm_before_true_change,first_alarm=0; detection_delay=-1
changed_at_500,368,0,0,4,0.027027027027,0.06,20261233,1,3000,3000,500,910,410,0.0703333333333,153,alarm_before_true_change,first_alarm=0; detection_delay=-1
changed_at_500,369,0,0,4,0.027027027027,0.06,20261233,1,3000,3000,500,910,410,0.0703333333333,153,alarm_before_true_change,first_alarm=0; detection_delay=-1
changed_at_500,370,0,0,4,0.027027027027,0.06,20261233,1,3000,3000,500,910,410,0.0703333333333,153,alarm_before_true_change,first_alarm=0; detection_delay=-1
changed_at_500,371,0,0,4,0.027027027027,0.06,20261233,1,3000,3000,500,910,410,0.0703333333333,153,alarm_before_true_change,first_alarm=0; detection_delay=-1
changed_at_500,372,0,0,4,0.027027027027,0.06,20261233,1,3000,3000,500,910,410,0.0703333333333,153,alarm_before_true_change,first_alarm=0; detection_delay=-1
changed_at_500,373,0,0,4,0.027027027027,0.06,20261233,1,3000,3000,500,910,410,0.0703333333333,153,alarm_before_true_change,first_alarm=0; detection_delay=-1
changed_at_500,374,0,0,4,0.027027027027,0.06,20261233,1,3000,3000,500,910,410,0.0703333333333,153,alarm_before_true_change,first_alarm=0; detection_delay=-1
changed_at_500,375,0,0,4,0.027027027027,0.06,20261233,1,3000,3000,500,910,410,0.0703333333333,153,alarm_before_true_change,first_alarm=0; detection_delay=-1
changed_at_500,376,0,0,4,0.027027027027,0.06,20261233,1,3000,3000,500,910,410,0.0703333333333,153,alarm_before_true_change,first_alarm=0; detection_delay=-1
changed_at_500,377,0,0,4,0.027027027027,0.06,20261233,1,3000,3000,500,910,410,0.0703333333333,153,alarm_before_true_change,first_alarm=0; detection_delay=-1
changed_at_500,378,0,0,4,0.027027027027,0.06,20261233,1,3000,3000,500,910,410,0.0703333333333,153,alarm_before_true_change,first_alarm=0; detection_delay=-1
changed_at_500,379,0,0,4,0.027027027027,0.06,20261233,1,3000,3000,500,910,410,0.0703333333333,153,alarm_before_true_change,first_alarm=0; detection_delay=-1
changed_at_500,380,0,0,4,0.027027027027,0.06,20261233,1,3000,3000,500,910,410,0.0703333333333,153,alarm_before_true_change,first_alarm=0; detection_delay=-1
changed_at_500,381,0,0,4,0.027027027027,0.06,20261233,1,3000,3000,500,910,410,0.0703333333333,153,alarm_before_true_change,first_alarm=0; detection_delay=-1
changed_at_500,382,0,0,4,0.027027027027,0.06,20261233,1,3000,3000,500,910,410,0.0703333333333,153,alarm_before_true_change,first_alarm=0; detection_delay=-1
changed_at_500,383,0,0,4,0.027027027027,0.06,20261233,1,3000,3000,500,910,410,0.0703333333333,153,alarm_before_true_change,first_alarm=0; detection_delay=-1
changed_at_500,384,0,0,4,0.027027027027,0.06,20261233,1,3000,3000,500,910,410,0.0703333333333,153,alarm_before_true_change,first_alarm=0; detection_delay=-1
changed_at_500,385,0,0,4,0.027027027027,0.06,20261233,1,3000,3000,500,910,410,0.0703333333333,153,alarm_before_true_change,first_alarm=0; detection_delay=-1
changed_at_500,386,0,0,4,0.027027027027,0.06,20261233,1,3000,3000,500,910,410,0.0703333333333,153,alarm_before_true_change,first_alarm=0; detection_delay=-1
changed_at_500,387,0,0,4,0.027027027027,0.06,20261233,1,3000,3000,500,910,410,0.0703333333333,153,alarm_before_true_change,first_alarm=0; detection_delay=-1
changed_at_500,388,0,0,4,0.027027027027,0.06,20261233,1,3000,3000,500,910,410,0.0703333333333,153,alarm_before_true_change,first_alarm=0; detection_delay=-1
changed_at_500,389,0,0,4,0.027027027027,0.06,20261233,1,3000,3000,500,910,410,0.0703333333333,153,alarm_before_true_change,first_alarm=0; detection_delay=-1
changed_at_500,390,0,0,4,0.027027027027,0.06,20261233,1,3000,3000,500,910,410,0.0703333333333,153,alarm_before_true_change,first_alarm=0; detection_delay=-1
changed_at_500,391,0,0,4,0.027027027027,0.06,20261233,1,3000,3000,500,910,410,0.0703333333333,153,alarm_before_true_change,first_alarm=0; detection_delay=-1
changed_at_500,392,0,0,4,0.027027027027,0.06,20261233,1,3000,3000,500,910,410,0.0703333333333,153,alarm_before_true_change,first_alarm=0; detection_delay=-1
changed_at_500,393,0,0,4,0.027027027027,0.06,20261233,1,3000,3000,500,910,410,0.0703333333333,153,alarm_before_true_change,first_alarm=0; detection_delay=-1
changed_at_500,394,0,0,4,0.027027027027,0.06,20261233,1,3000,3000,500,910,410,0.0703333333333,153,alarm_before_true_change,first_alarm=0; detection_delay=-1
changed_at_500,395,0,0,4,0.027027027027,0.06,20261233,1,3000,3000,500,910,410,0.0703333333333,153,alarm_before_true_change,first_alarm=0; detection_delay=-1
changed_at_500,396,0,0,4,0.027027027027,0.06,20261233,1,3000,3000,500,910,410,0.0703333333333,153,alarm_before_true_change,first_alarm=0; detection_delay=-1
changed_at_500,397,0,0,4,0.027027027027,0.06,20261233,1,3000,3000,500,910,410,0.0703333333333,153,alarm_before_true_change,first_alarm=0; detection_delay=-1
changed_at_500,398,0,0,4,0.027027027027,0.06,20261233,1,3000,3000,500,910,410,0.0703333333333,153,alarm_before_true_change,first_alarm=0; detection_delay=-1
changed_at_500,399,0,0,4,0.027027027027,0.06,20261233,1,3000,3000,500,910,410,0.0703333333333,153,alarm_before_true_change,first_alarm=0; detection_delay=-1
changed_at_500,400,0,0,4,0.027027027027,0.06,20261233,1,3000,3000,500,910,410,0.0703333333333,153,alarm_before_true_change,first_alarm=0; detection_delay=-1
changed_at_500,401,0,0,4,0.027027027027,0.06,20261233,1,3000,3000,500,910,410,0.0703333333333,153,alarm_before_true_change,first_alarm=0; detection_delay=-1
changed_at_500,402,0,0,4,0.027027027027,0.06,20261233,1,3000,3000,500,910,410,0.0703333333333,153,alarm_before_true_change,first_alarm=0; detection_delay=-1
changed_at_500,403,0,0,4,0.027027027027,0.06,20261233,1,3000,3000,500,910,410,0.0703333333333,153,alarm_before_true_change,first_alarm=0; detection_delay=-1
changed_at_500,404,0,0,4,0.027027027027,0.06,20261233,1,3000,3000,500,910,410,0.0703333333333,153,alarm_before_true_change,first_alarm=0; detection_delay=-1
changed_at_500,405,0,0,4,0.027027027027,0.06,20261233,1,3000,3000,500,910,410,0.0703333333333,153,alarm_before_true_change,first_alarm=0; detection_delay=-1
changed_at_500,406,0,0,4,0.027027027027,0.06,20261233,1,3000,3000,500,910,410,0.0703333333333,153,alarm_before_true_change,first_alarm=0; detection_delay=-1
changed_at_500,407,0,0,4,0.027027027027,0.06,20261233,1,3000,3000,500,910,410,0.0703333333333,153,alarm_before_true_change,first_alarm=0; detection_delay=-1
changed_at_500,408,0,0,4,0.027027027027,0.06,20261233,1,3000,3000,500,910,410,0.0703333333333,153,alarm_before_true_change,first_alarm=0; detection_delay=-1
changed_at_500,409,0,0,4,0.027027027027,0.06,20261233,1,3000,3000,500,910,410,0.0703333333333,153,alarm_before_true_change,first_alarm=0; detection_delay=-1
changed_at_500,410,0,0,4,0.027027027027,0.06,20261233,1,3000,3000,500,910,410,0.0703333333333,153,alarm_before_true_change,first_alarm=0; detection_delay=-1
changed_at_500,411,0,0,4,0.027027027027,0.06,20261233,1,3000,3000,500,910,410,0.0703333333333,153,alarm_before_true_change,first_alarm=0; detection_delay=-1
changed_at_500,412,0,0,4,0.027027027027,0.06,20261233,1,3000,3000,500,910,410,0.0703333333333,153,alarm_before_true_change,first_alarm=0; detection_delay=-1
changed_at_500,413,0,0,4,0.027027027027,0.06,20261233,1,3000,3000,500,910,410,0.0703333333333,153,alarm_before_true_change,first_alarm=0; detection_delay=-1
changed_at_500,414,0,0,4,0.027027027027,0.06,20261233,1,3000,3000,500,910,410,0.0703333333333,153,alarm_before_true_change,first_alarm=0; detection_delay=-1
changed_at_500,415,0,0,4,0.027027027027,0.06,20261233,1,3000,3000,500,910,410,0.0703333333333,153,alarm_before_true_change,first_alarm=0; detection_delay=-1
changed_at_500,416,0,0,4,0.027027027027,0.06,20261233,1,3000,3000,500,910,410,0.0703333333333,153,alarm_before_true_change,first_alarm=0; detection_delay=-1
changed_at_500,417,0,0,4,0.027027027027,0.06,20261233,1,3000,3000,500,910,410,0.0703333333333,153,alarm_before_true_change,first_alarm=0; detection_delay=-1
changed_at_500,418,0,0,4,0.027027027027,0.06,20261233,1,3000,3000,500,910,410,0.0703333333333,153,alarm_before_true_change,first_alarm=0; detection_delay=-1
changed_at_500,419,0,0,4,0.027027027027,0.06,20261233,1,3000,3000,500,910,410,0.0703333333333,153,alarm_before_true_change,first_alarm=0; detection_delay=-1
changed_at_500,420,0,0,4,0.027027027027,0.06,20261233,1,3000,3000,500,910,410,0.0703333333333,153,alarm_before_true_change,first_alarm=0; detection_delay=-1
changed_at_500,421,0,0,4,0.027027027027,0.06,20261233,1,3000,3000,500,910,410,0.0703333333333,153,alarm_before_true_change,first_alarm=0; detection_delay=-1
changed_at_500,422,0,0,4,0.027027027027,0.06,20261233,1,3000,3000,500,910,410,0.0703333333333,153,alarm_before_true_change,first_alarm=0; detection_delay=-1
changed_at_500,423,0,0,4,0.027027027027,0.06,20261233,1,3000,3000,500,910,410,0.0703333333333,153,alarm_before_true_change,first_alarm=0; detection_delay=-1
changed_at_500,424,0,0,4,0.027027027027,0.06,20261233,1,3000,3000,500,910,410,0.0703333333333,153,alarm_before_true_change,first_alarm=0; detection_delay=-1
changed_at_500,425,0,0,4,0.027027027027,0.06,20261233,1,3000,3000,500,910,410,0.0703333333333,153,alarm_before_true_change,first_alarm=0; detection_delay=-1
changed_at_500,426,0,0,4,0.027027027027,0.06,20261233,1,3000,3000,500,910,410,0.0703333333333,153,alarm_before_true_change,first_alarm=0; detection_delay=-1
changed_at_500,427,0,0,4,0.027027027027,0.06,20261233,1,3000,3000,500,910,410,0.0703333333333,153,alarm_before_true_change,first_alarm=0; detection_delay=-1
changed_at_500,428,0,0,4,0.027027027027,0.06,20261233,1,3000,3000,500,910,410,0.0703333333333,153,alarm_before_true_change,first_alarm=0; detection_delay=-1
changed_at_500,429,0,0,4,0.027027027027,0.06,20261233,1,3000,3000,500,910,410,0.0703333333333,153,alarm_before_true_change,first_alarm=0; detection_delay=-1
changed_at_500,430,0,0,4,0.027027027027,0.06,20261233,1,3000,3000,500,910,410,0.0703333333333,153,alarm_before_true_change,first_alarm=0; detection_delay=-1
changed_at_500,431,0,0,4,0.027027027027,0.06,20261233,1,3000,3000,500,910,410,0.0703333333333,153,alarm_before_true_change,first_alarm=0; detection_delay=-1
changed_at_500,432,0,0,4,0.027027027027,0.06,20261233,1,3000,3000,500,910,410,0.0703333333333,153,alarm_before_true_change,first_alarm=0; detection_delay=-1
changed_at_500,433,0,0,4,0.027027027027,0.06,20261233,1,3000,3000,500,910,410,0.0703333333333,153,alarm_before_true_change,first_alarm=0; detection_delay=-1
changed_at_500,434,1,0.797507195884,4,0.027027027027,0.06,20261233,1,3000,3000,500,910,410,0.0703333333333,153,alarm_before_true_change,first_alarm=0; detection_delay=-1
changed_at_500,435,0,0.763030766354,4,0.027027027027,0.06,20261233,1,3000,3000,500,910,410,0.0703333333333,153,alarm_before_true_change,first_alarm=0; detection_delay=-1
changed_at_500,436,0,0.728554336824,4,0.027027027027,0.06,20261233,1,3000,3000,500,910,410,0.0703333333333,153,alarm_before_true_change,first_alarm=0; detection_delay=-1
changed_at_500,437,1,1.52606153271,4,0.027027027027,0.06,20261233,1,3000,3000,500,910,410,0.0703333333333,153,alarm_before_true_change,first_alarm=0; detection_delay=-1
changed_at_500,438,0,1.49158510318,4,0.027027027027,0.06,20261233,1,3000,3000,500,910,410,0.0703333333333,153,alarm_before_true_change,first_alarm=0; detection_delay=-1
changed_at_500,439,0,1.45710867365,4,0.027027027027,0.06,20261233,1,3000,3000,500,910,410,0.0703333333333,153,alarm_before_true_change,first_alarm=0; detection_delay=-1
changed_at_500,440,0,1.42263224412,4,0.027027027027,0.06,20261233,1,3000,3000,500,910,410,0.0703333333333,153,alarm_before_true_change,first_alarm=0; detection_delay=-1
changed_at_500,441,0,1.38815581459,4,0.027027027027,0.06,20261233,1,3000,3000,500,910,410,0.0703333333333,153,alarm_before_true_change,first_alarm=0; detection_delay=-1
changed_at_500,442,0,1.35367938506,4,0.027027027027,0.06,20261233,1,3000,3000,500,910,410,0.0703333333333,153,alarm_before_true_change,first_alarm=0; detection_delay=-1
changed_at_500,443,0,1.31920295553,4,0.027027027027,0.06,20261233,1,3000,3000,500,910,410,0.0703333333333,153,alarm_before_true_change,first_alarm=0; detection_delay=-1
changed_at_500,444,0,1.284726526,4,0.027027027027,0.06,20261233,1,3000,3000,500,910,410,0.0703333333333,153,alarm_before_true_change,first_alarm=0; detection_delay=-1
changed_at_500,445,0,1.25025009647,4,0.027027027027,0.06,20261233,1,3000,3000,500,910,410,0.0703333333333,153,alarm_before_true_change,first_alarm=0; detection_delay=-1
changed_at_500,446,0,1.21577366694,4,0.027027027027,0.06,20261233,1,3000,3000,500,910,410,0.0703333333333,153,alarm_before_true_change,first_alarm=0; detection_delay=-1
changed_at_500,447,0,1.18129723741,4,0.027027027027,0.06,20261233,1,3000,3000,500,910,410,0.0703333333333,153,alarm_before_true_change,first_alarm=0; detection_delay=-1
changed_at_500,448,0,1.14682080788,4,0.027027027027,0.06,20261233,1,3000,3000,500,910,410,0.0703333333333,153,alarm_before_true_change,first_alarm=0; detection_delay=-1
changed_at_500,449,0,1.11234437835,4,0.027027027027,0.06,20261233,1,3000,3000,500,910,410,0.0703333333333,153,alarm_before_true_change,first_alarm=0; detection_delay=-1
changed_at_500,450,0,1.07786794882,4,0.027027027027,0.06,20261233,1,3000,3000,500,910,410,0.0703333333333,153,alarm_before_true_change,first_alarm=0; detection_delay=-1
changed_at_500,451,0,1.04339151929,4,0.027027027027,0.06,20261233,1,3000,3000,500,910,410,0.0703333333333,153,alarm_before_true_change,first_alarm=0; detection_delay=-1
changed_at_500,452,0,1.00891508976,4,0.027027027027,0.06,20261233,1,3000,3000,500,910,410,0.0703333333333,153,alarm_before_true_change,first_alarm=0; detection_delay=-1
changed_at_500,453,0,0.974438660229,4,0.027027027027,0.06,20261233,1,3000,3000,500,910,410,0.0703333333333,153,alarm_before_true_change,first_alarm=0; detection_delay=-1
changed_at_500,454,0,0.939962230699,4,0.027027027027,0.06,20261233,1,3000,3000,500,910,410,0.0703333333333,153,alarm_before_true_change,first_alarm=0; detection_delay=-1
changed_at_500,455,1,1.73746942658,4,0.027027027027,0.06,20261233,1,3000,3000,500,910,410,0.0703333333333,153,alarm_before_true_change,first_alarm=0; detection_delay=-1
changed_at_500,456,0,1.70299299705,4,0.027027027027,0.06,20261233,1,3000,3000,500,910,410,0.0703333333333,153,alarm_before_true_change,first_alarm=0; detection_delay=-1
changed_at_500,457,0,1.66851656752,4,0.027027027027,0.06,20261233,1,3000,3000,500,910,410,0.0703333333333,153,alarm_before_true_change,first_alarm=0; detection_delay=-1
changed_at_500,458,0,1.63404013799,4,0.027027027027,0.06,20261233,1,3000,3000,500,910,410,0.0703333333333,153,alarm_before_true_change,first_alarm=0; detection_delay=-1
changed_at_500,459,0,1.59956370846,4,0.027027027027,0.06,20261233,1,3000,3000,500,910,410,0.0703333333333,153,alarm_before_true_change,first_alarm=0; detection_delay=-1
changed_at_500,460,0,1.56508727893,4,0.027027027027,0.06,20261233,1,3000,3000,500,910,410,0.0703333333333,153,alarm_before_true_change,first_alarm=0; detection_delay=-1
changed_at_500,461,0,1.5306108494,4,0.027027027027,0.06,20261233,1,3000,3000,500,910,410,0.0703333333333,153,alarm_before_true_change,first_alarm=0; detection_delay=-1
changed_at_500,462,0,1.49613441987,4,0.027027027027,0.06,20261233,1,3000,3000,500,910,410,0.0703333333333,153,alarm_before_true_change,first_alarm=0; detection_delay=-1
changed_at_500,463,0,1.46165799034,4,0.027027027027,0.06,20261233,1,3000,3000,500,910,410,0.0703333333333,153,alarm_before_true_change,first_alarm=0; detection_delay=-1
changed_at_500,464,0,1.42718156081,4,0.027027027027,0.06,20261233,1,3000,3000,500,910,410,0.0703333333333,153,alarm_before_true_change,first_alarm=0; detection_delay=-1
changed_at_500,465,0,1.39270513128,4,0.027027027027,0.06,20261233,1,3000,3000,500,910,410,0.0703333333333,153,alarm_before_true_change,first_alarm=0; detection_delay=-1
changed_at_500,466,0,1.35822870175,4,0.027027027027,0.06,20261233,1,3000,3000,500,910,410,0.0703333333333,153,alarm_before_true_change,first_alarm=0; detection_delay=-1
changed_at_500,467,0,1.32375227222,4,0.027027027027,0.06,20261233,1,3000,3000,500,910,410,0.0703333333333,153,alarm_before_true_change,first_alarm=0; detection_delay=-1
changed_at_500,468,0,1.28927584269,4,0.027027027027,0.06,20261233,1,3000,3000,500,910,410,0.0703333333333,153,alarm_before_true_change,first_alarm=0; detection_delay=-1
changed_at_500,469,0,1.25479941316,4,0.027027027027,0.06,20261233,1,3000,3000,500,910,410,0.0703333333333,153,alarm_before_true_change,first_alarm=0; detection_delay=-1
changed_at_500,470,0,1.22032298363,4,0.027027027027,0.06,20261233,1,3000,3000,500,910,410,0.0703333333333,153,alarm_before_true_change,first_alarm=0; detection_delay=-1
changed_at_500,471,0,1.1858465541,4,0.027027027027,0.06,20261233,1,3000,3000,500,910,410,0.0703333333333,153,alarm_before_true_change,first_alarm=0; detection_delay=-1
changed_at_500,472,0,1.15137012457,4,0.027027027027,0.06,20261233,1,3000,3000,500,910,410,0.0703333333333,153,alarm_before_true_change,first_alarm=0; detection_delay=-1
changed_at_500,473,0,1.11689369504,4,0.027027027027,0.06,20261233,1,3000,3000,500,910,410,0.0703333333333,153,alarm_before_true_change,first_alarm=0; detection_delay=-1
changed_at_500,474,0,1.08241726551,4,0.027027027027,0.06,20261233,1,3000,3000,500,910,410,0.0703333333333,153,alarm_before_true_change,first_alarm=0; detection_delay=-1
changed_at_500,475,0,1.04794083598,4,0.027027027027,0.06,20261233,1,3000,3000,500,910,410,0.0703333333333,153,alarm_before_true_change,first_alarm=0; detection_delay=-1
changed_at_500,476,0,1.01346440645,4,0.027027027027,0.06,20261233,1,3000,3000,500,910,410,0.0703333333333,153,alarm_before_true_change,first_alarm=0; detection_delay=-1
changed_at_500,477,0,0.978987976924,4,0.027027027027,0.06,20261233,1,3000,3000,500,910,410,0.0703333333333,153,alarm_before_true_change,first_alarm=0; detection_delay=-1
changed_at_500,478,0,0.944511547394,4,0.027027027027,0.06,20261233,1,3000,3000,500,910,410,0.0703333333333,153,alarm_before_true_change,first_alarm=0; detection_delay=-1
changed_at_500,479,0,0.910035117864,4,0.027027027027,0.06,20261233,1,3000,3000,500,910,410,0.0703333333333,153,alarm_before_true_change,first_alarm=0; detection_delay=-1
changed_at_500,480,0,0.875558688334,4,0.027027027027,0.06,20261233,1,3000,3000,500,910,410,0.0703333333333,153,alarm_before_true_change,first_alarm=0; detection_delay=-1
changed_at_500,481,0,0.841082258804,4,0.027027027027,0.06,20261233,1,3000,3000,500,910,410,0.0703333333333,153,alarm_before_true_change,first_alarm=0; detection_delay=-1
changed_at_500,482,0,0.806605829274,4,0.027027027027,0.06,20261233,1,3000,3000,500,910,410,0.0703333333333,153,alarm_before_true_change,first_alarm=0; detection_delay=-1
changed_at_500,483,0,0.772129399744,4,0.027027027027,0.06,20261233,1,3000,3000,500,910,410,0.0703333333333,153,alarm_before_true_change,first_alarm=0; detection_delay=-1
changed_at_500,484,0,0.737652970214,4,0.027027027027,0.06,20261233,1,3000,3000,500,910,410,0.0703333333333,153,alarm_before_true_change,first_alarm=0; detection_delay=-1
changed_at_500,485,0,0.703176540684,4,0.027027027027,0.06,20261233,1,3000,3000,500,910,410,0.0703333333333,153,alarm_before_true_change,first_alarm=0; detection_delay=-1
changed_at_500,486,0,0.668700111154,4,0.027027027027,0.06,20261233,1,3000,3000,500,910,410,0.0703333333333,153,alarm_before_true_change,first_alarm=0; detection_delay=-1
changed_at_500,487,0,0.634223681624,4,0.027027027027,0.06,20261233,1,3000,3000,500,910,410,0.0703333333333,153,alarm_before_true_change,first_alarm=0; detection_delay=-1
changed_at_500,488,0,0.599747252094,4,0.027027027027,0.06,20261233,1,3000,3000,500,910,410,0.0703333333333,153,alarm_before_true_change,first_alarm=0; detection_delay=-1
changed_at_500,489,0,0.565270822564,4,0.027027027027,0.06,20261233,1,3000,3000,500,910,410,0.0703333333333,153,alarm_before_true_change,first_alarm=0; detection_delay=-1
changed_at_500,490,0,0.530794393034,4,0.027027027027,0.06,20261233,1,3000,3000,500,910,410,0.0703333333333,153,alarm_before_true_change,first_alarm=0; detection_delay=-1
changed_at_500,491,0,0.496317963504,4,0.027027027027,0.06,20261233,1,3000,3000,500,910,410,0.0703333333333,153,alarm_before_true_change,first_alarm=0; detection_delay=-1
changed_at_500,492,0,0.461841533974,4,0.027027027027,0.06,20261233,1,3000,3000,500,910,410,0.0703333333333,153,alarm_before_true_change,first_alarm=0; detection_delay=-1
changed_at_500,493,0,0.427365104444,4,0.027027027027,0.06,20261233,1,3000,3000,500,910,410,0.0703333333333,153,alarm_before_true_change,first_alarm=0; detection_delay=-1
changed_at_500,494,0,0.392888674914,4,0.027027027027,0.06,20261233,1,3000,3000,500,910,410,0.0703333333333,153,alarm_before_true_change,first_alarm=0; detection_delay=-1
changed_at_500,495,0,0.358412245384,4,0.027027027027,0.06,20261233,1,3000,3000,500,910,410,0.0703333333333,153,alarm_before_true_change,first_alarm=0; detection_delay=-1
changed_at_500,496,0,0.323935815854,4,0.027027027027,0.06,20261233,1,3000,3000,500,910,410,0.0703333333333,153,alarm_before_true_change,first_alarm=0; detection_delay=-1
changed_at_500,497,0,0.289459386324,4,0.027027027027,0.06,20261233,1,3000,3000,500,910,410,0.0703333333333,153,alarm_before_true_change,first_alarm=0; detection_delay=-1
changed_at_500,498,0,0.254982956794,4,0.027027027027,0.06,20261233,1,3000,3000,500,910,410,0.0703333333333,153,alarm_before_true_change,first_alarm=0; detection_delay=-1
changed_at_500,499,0,0.220506527264,4,0.027027027027,0.06,20261233,1,3000,3000,500,910,410,0.0703333333333,153,alarm_before_true_change,first_alarm=0; detection_delay=-1
changed_at_500,500,1,1.01801372315,4,0.027027027027,0.06,20261233,1,3000,3000,500,910,410,0.0703333333333,153,alarm_before_true_change,first_alarm=0; detection_delay=-1
changed_at_500,501,0,0.983537293618,4,0.027027027027,0.06,20261233,1,3000,3000,500,910,410,0.0703333333333,153,alarm_before_true_change,first_alarm=0; detection_delay=-1
changed_at_500,502,0,0.949060864089,4,0.027027027027,0.06,20261233,1,3000,3000,500,910,410,0.0703333333333,153,alarm_before_true_change,first_alarm=0; detection_delay=-1
changed_at_500,503,0,0.914584434559,4,0.027027027027,0.06,20261233,1,3000,3000,500,910,410,0.0703333333333,153,alarm_before_true_change,first_alarm=0; detection_delay=-1
changed_at_500,504,0,0.880108005029,4,0.027027027027,0.06,20261233,1,3000,3000,500,910,410,0.0703333333333,153,alarm_before_true_change,first_alarm=0; detection_delay=-1
changed_at_500,505,0,0.845631575499,4,0.027027027027,0.06,20261233,1,3000,3000,500,910,410,0.0703333333333,153,alarm_before_true_change,first_alarm=0; detection_delay=-1
changed_at_500,506,0,0.811155145969,4,0.027027027027,0.06,20261233,1,3000,3000,500,910,410,0.0703333333333,153,alarm_before_true_change,first_alarm=0; detection_delay=-1
changed_at_500,507,0,0.776678716439,4,0.027027027027,0.06,20261233,1,3000,3000,500,910,410,0.0703333333333,153,alarm_before_true_change,first_alarm=0; detection_delay=-1
changed_at_500,508,0,0.742202286909,4,0.027027027027,0.06,20261233,1,3000,3000,500,910,410,0.0703333333333,153,alarm_before_true_change,first_alarm=0; detection_delay=-1
changed_at_500,509,0,0.707725857379,4,0.027027027027,0.06,20261233,1,3000,3000,500,910,410,0.0703333333333,153,alarm_before_true_change,first_alarm=0; detection_delay=-1
changed_at_500,510,0,0.673249427849,4,0.027027027027,0.06,20261233,1,3000,3000,500,910,410,0.0703333333333,153,alarm_before_true_change,first_alarm=0; detection_delay=-1
changed_at_500,511,0,0.638772998319,4,0.027027027027,0.06,20261233,1,3000,3000,500,910,410,0.0703333333333,153,alarm_before_true_change,first_alarm=0; detection_delay=-1
changed_at_500,512,0,0.604296568789,4,0.027027027027,0.06,20261233,1,3000,3000,500,910,410,0.0703333333333,153,alarm_before_true_change,first_alarm=0; detection_delay=-1
changed_at_500,513,0,0.569820139259,4,0.027027027027,0.06,20261233,1,3000,3000,500,910,410,0.0703333333333,153,alarm_before_true_change,first_alarm=0; detection_delay=-1
changed_at_500,514,0,0.535343709729,4,0.027027027027,0.06,20261233,1,3000,3000,500,910,410,0.0703333333333,153,alarm_before_true_change,first_alarm=0; detection_delay=-1
changed_at_500,515,1,1.33285090561,4,0.027027027027,0.06,20261233,1,3000,3000,500,910,410,0.0703333333333,153,alarm_before_true_change,first_alarm=0; detection_delay=-1
changed_at_500,516,0,1.29837447608,4,0.027027027027,0.06,20261233,1,3000,3000,500,910,410,0.0703333333333,153,alarm_before_true_change,first_alarm=0; detection_delay=-1
changed_at_500,517,0,1.26389804655,4,0.027027027027,0.06,20261233,1,3000,3000,500,910,410,0.0703333333333,153,alarm_before_true_change,first_alarm=0; detection_delay=-1
changed_at_500,518,0,1.22942161702,4,0.027027027027,0.06,20261233,1,3000,3000,500,910,410,0.0703333333333,153,alarm_before_true_change,first_alarm=0; detection_delay=-1
changed_at_500,519,0,1.19494518749,4,0.027027027027,0.06,20261233,1,3000,3000,500,910,410,0.0703333333333,153,alarm_before_true_change,first_alarm=0; detection_delay=-1
changed_at_500,520,0,1.16046875796,4,0.027027027027,0.06,20261233,1,3000,3000,500,910,410,0.0703333333333,153,alarm_before_true_change,first_alarm=0; detection_delay=-1
changed_at_500,521,0,1.12599232843,4,0.027027027027,0.06,20261233,1,3000,3000,500,910,410,0.0703333333333,153,alarm_before_true_change,first_alarm=0; detection_delay=-1
changed_at_500,522,0,1.0915158989,4,0.027027027027,0.06,20261233,1,3000,3000,500,910,410,0.0703333333333,153,alarm_before_true_change,first_alarm=0; detection_delay=-1
changed_at_500,523,0,1.05703946937,4,0.027027027027,0.06,20261233,1,3000,3000,500,910,410,0.0703333333333,153,alarm_before_true_change,first_alarm=0; detection_delay=-1
changed_at_500,524,0,1.02256303984,4,0.027027027027,0.06,20261233,1,3000,3000,500,910,410,0.0703333333333,153,alarm_before_true_change,first_alarm=0; detection_delay=-1
changed_at_500,525,0,0.988086610313,4,0.027027027027,0.06,20261233,1,3000,3000,500,910,410,0.0703333333333,153,alarm_before_true_change,first_alarm=0; detection_delay=-1
changed_at_500,526,0,0.953610180783,4,0.027027027027,0.06,20261233,1,3000,3000,500,910,410,0.0703333333333,153,alarm_before_true_change,first_alarm=0; detection_delay=-1
changed_at_500,527,0,0.919133751253,4,0.027027027027,0.06,20261233,1,3000,3000,500,910,410,0.0703333333333,153,alarm_before_true_change,first_alarm=0; detection_delay=-1
changed_at_500,528,1,1.71664094714,4,0.027027027027,0.06,20261233,1,3000,3000,500,910,410,0.0703333333333,153,alarm_before_true_change,first_alarm=0; detection_delay=-1
changed_at_500,529,0,1.68216451761,4,0.027027027027,0.06,20261233,1,3000,3000,500,910,410,0.0703333333333,153,alarm_before_true_change,first_alarm=0; detection_delay=-1
changed_at_500,530,0,1.64768808808,4,0.027027027027,0.06,20261233,1,3000,3000,500,910,410,0.0703333333333,153,alarm_before_true_change,first_alarm=0; detection_delay=-1
changed_at_500,531,0,1.61321165855,4,0.027027027027,0.06,20261233,1,3000,3000,500,910,410,0.0703333333333,153,alarm_before_true_change,first_alarm=0; detection_delay=-1
changed_at_500,532,0,1.57873522902,4,0.027027027027,0.06,20261233,1,3000,3000,500,910,410,0.0703333333333,153,alarm_before_true_change,first_alarm=0; detection_delay=-1
changed_at_500,533,0,1.54425879949,4,0.027027027027,0.06,20261233,1,3000,3000,500,910,410,0.0703333333333,153,alarm_before_true_change,first_alarm=0; detection_delay=-1
changed_at_500,534,0,1.50978236996,4,0.027027027027,0.06,20261233,1,3000,3000,500,910,410,0.0703333333333,153,alarm_before_true_change,first_alarm=0; detection_delay=-1
changed_at_500,535,0,1.47530594043,4,0.027027027027,0.06,20261233,1,3000,3000,500,910,410,0.0703333333333,153,alarm_before_true_change,first_alarm=0; detection_delay=-1
changed_at_500,536,0,1.4408295109,4,0.027027027027,0.06,20261233,1,3000,3000,500,910,410,0.0703333333333,153,alarm_before_true_change,first_alarm=0; detection_delay=-1
changed_at_500,537,0,1.40635308137,4,0.027027027027,0.06,20261233,1,3000,3000,500,910,410,0.0703333333333,153,alarm_before_true_change,first_alarm=0; detection_delay=-1
changed_at_500,538,0,1.37187665184,4,0.027027027027,0.06,20261233,1,3000,3000,500,910,410,0.0703333333333,153,alarm_before_true_change,first_alarm=0; detection_delay=-1
changed_at_500,539,0,1.33740022231,4,0.027027027027,0.06,20261233,1,3000,3000,500,910,410,0.0703333333333,153,alarm_before_true_change,first_alarm=0; detection_delay=-1
changed_at_500,540,0,1.30292379278,4,0.027027027027,0.06,20261233,1,3000,3000,500,910,410,0.0703333333333,153,alarm_before_true_change,first_alarm=0; detection_delay=-1
changed_at_500,541,0,1.26844736325,4,0.027027027027,0.06,20261233,1,3000,3000,500,910,410,0.0703333333333,153,alarm_before_true_change,first_alarm=0; detection_delay=-1
changed_at_500,542,0,1.23397093372,4,0.027027027027,0.06,20261233,1,3000,3000,500,910,410,0.0703333333333,153,alarm_before_true_change,first_alarm=0; detection_delay=-1
changed_at_500,543,0,1.19949450419,4,0.027027027027,0.06,20261233,1,3000,3000,500,910,410,0.0703333333333,153,alarm_before_true_change,first_alarm=0; detection_delay=-1
changed_at_500,544,1,1.99700170007,4,0.027027027027,0.06,20261233,1,3000,3000,500,910,410,0.0703333333333,153,alarm_before_true_change,first_alarm=0; detection_delay=-1
changed_at_500,545,0,1.96252527054,4,0.027027027027,0.06,20261233,1,3000,3000,500,910,410,0.0703333333333,153,alarm_before_true_change,first_alarm=0; detection_delay=-1
changed_at_500,546,0,1.92804884101,4,0.027027027027,0.06,20261233,1,3000,3000,500,910,410,0.0703333333333,153,alarm_before_true_change,first_alarm=0; detection_delay=-1
changed_at_500,547,0,1.89357241148,4,0.027027027027,0.06,20261233,1,3000,3000,500,910,410,0.0703333333333,153,alarm_before_true_change,first_alarm=0; detection_delay=-1
changed_at_500,548,1,2.69107960737,4,0.027027027027,0.06,20261233,1,3000,3000,500,910,410,0.0703333333333,153,alarm_before_true_change,first_alarm=0; detection_delay=-1
changed_at_500,549,0,2.65660317784,4,0.027027027027,0.06,20261233,1,3000,3000,500,910,410,0.0703333333333,153,alarm_before_true_change,first_alarm=0; detection_delay=-1
changed_at_500,550,0,2.62212674831,4,0.027027027027,0.06,20261233,1,3000,3000,500,910,410,0.0703333333333,153,alarm_before_true_change,first_alarm=0; detection_delay=-1
changed_at_500,551,0,2.58765031878,4,0.027027027027,0.06,20261233,1,3000,3000,500,910,410,0.0703333333333,153,alarm_before_true_change,first_alarm=0; detection_delay=-1
changed_at_500,552,0,2.55317388925,4,0.027027027027,0.06,20261233,1,3000,3000,500,910,410,0.0703333333333,153,alarm_before_true_change,first_alarm=0; detection_delay=-1
changed_at_500,553,0,2.51869745972,4,0.027027027027,0.06,20261233,1,3000,3000,500,910,410,0.0703333333333,153,alarm_before_true_change,first_alarm=0; detection_delay=-1
changed_at_500,554,1,3.3162046556,4,0.027027027027,0.06,20261233,1,3000,3000,500,910,410,0.0703333333333,153,alarm_before_true_change,first_alarm=0; detection_delay=-1
changed_at_500,555,0,3.28172822607,4,0.027027027027,0.06,20261233,1,3000,3000,500,910,410,0.0703333333333,153,alarm_before_true_change,first_alarm=0; detection_delay=-1
changed_at_500,556,0,3.24725179654,4,0.027027027027,0.06,20261233,1,3000,3000,500,910,410,0.0703333333333,153,alarm_before_true_change,first_alarm=0; detection_delay=-1
changed_at_500,557,0,3.21277536701,4,0.027027027027,0.06,20261233,1,3000,3000,500,910,410,0.0703333333333,153,alarm_before_true_change,first_alarm=0; detection_delay=-1
changed_at_500,558,0,3.17829893748,4,0.027027027027,0.06,20261233,1,3000,3000,500,910,410,0.0703333333333,153,alarm_before_true_change,first_alarm=0; detection_delay=-1
changed_at_500,559,0,3.14382250795,4,0.027027027027,0.06,20261233,1,3000,3000,500,910,410,0.0703333333333,153,alarm_before_true_change,first_alarm=0; detection_delay=-1
changed_at_500,560,0,3.10934607842,4,0.027027027027,0.06,20261233,1,3000,3000,500,910,410,0.0703333333333,153,alarm_before_true_change,first_alarm=0; detection_delay=-1
changed_at_500,561,0,3.07486964889,4,0.027027027027,0.06,20261233,1,3000,3000,500,910,410,0.0703333333333,153,alarm_before_true_change,first_alarm=0; detection_delay=-1
changed_at_500,562,0,3.04039321936,4,0.027027027027,0.06,20261233,1,3000,3000,500,910,410,0.0703333333333,153,alarm_before_true_change,first_alarm=0; detection_delay=-1
changed_at_500,563,0,3.00591678983,4,0.027027027027,0.06,20261233,1,3000,3000,500,910,410,0.0703333333333,153,alarm_before_true_change,first_alarm=0; detection_delay=-1
changed_at_500,564,0,2.9714403603,4,0.027027027027,0.06,20261233,1,3000,3000,500,910,410,0.0703333333333,153,alarm_before_true_change,first_alarm=0; detection_delay=-1
changed_at_500,565,0,2.93696393077,4,0.027027027027,0.06,20261233,1,3000,3000,500,910,410,0.0703333333333,153,alarm_before_true_change,first_alarm=0; detection_delay=-1
changed_at_500,566,0,2.90248750124,4,0.027027027027,0.06,20261233,1,3000,3000,500,910,410,0.0703333333333,153,alarm_before_true_change,first_alarm=0; detection_delay=-1
changed_at_500,567,0,2.86801107171,4,0.027027027027,0.06,20261233,1,3000,3000,500,910,410,0.0703333333333,153,alarm_before_true_change,first_alarm=0; detection_delay=-1
changed_at_500,568,0,2.83353464218,4,0.027027027027,0.06,20261233,1,3000,3000,500,910,410,0.0703333333333,153,alarm_before_true_change,first_alarm=0; detection_delay=-1
changed_at_500,569,0,2.79905821265,4,0.027027027027,0.06,20261233,1,3000,3000,500,910,410,0.0703333333333,153,alarm_before_true_change,first_alarm=0; detection_delay=-1
changed_at_500,570,0,2.76458178312,4,0.027027027027,0.06,20261233,1,3000,3000,500,910,410,0.0703333333333,153,alarm_before_true_change,first_alarm=0; detection_delay=-1
changed_at_500,571,0,2.73010535359,4,0.027027027027,0.06,20261233,1,3000,3000,500,910,410,0.0703333333333,153,alarm_before_true_change,first_alarm=0; detection_delay=-1
changed_at_500,572,0,2.69562892406,4,0.027027027027,0.06,20261233,1,3000,3000,500,910,410,0.0703333333333,153,alarm_before_true_change,first_alarm=0; detection_delay=-1
changed_at_500,573,0,2.66115249453,4,0.027027027027,0.06,20261233,1,3000,3000,500,910,410,0.0703333333333,153,alarm_before_true_change,first_alarm=0; detection_delay=-1
changed_at_500,574,1,3.45865969042,4,0.027027027027,0.06,20261233,1,3000,3000,500,910,410,0.0703333333333,153,alarm_before_true_change,first_alarm=0; detection_delay=-1
changed_at_500,575,0,3.42418326089,4,0.027027027027,0.06,20261233,1,3000,3000,500,910,410,0.0703333333333,153,alarm_before_true_change,first_alarm=0; detection_delay=-1
changed_at_500,576,0,3.38970683136,4,0.027027027027,0.06,20261233,1,3000,3000,500,910,410,0.0703333333333,153,alarm_before_true_change,first_alarm=0; detection_delay=-1
changed_at_500,577,0,3.35523040183,4,0.027027027027,0.06,20261233,1,3000,3000,500,910,410,0.0703333333333,153,alarm_before_true_change,first_alarm=0; detection_delay=-1
changed_at_500,578,0,3.3207539723,4,0.027027027027,0.06,20261233,1,3000,3000,500,910,410,0.0703333333333,153,alarm_before_true_change,first_alarm=0; detection_delay=-1
changed_at_500,579,0,3.28627754277,4,0.027027027027,0.06,20261233,1,3000,3000,500,910,410,0.0703333333333,153,alarm_before_true_change,first_alarm=0; detection_delay=-1
changed_at_500,580,0,3.25180111324,4,0.027027027027,0.06,20261233,1,3000,3000,500,910,410,0.0703333333333,153,alarm_before_true_change,first_alarm=0; detection_delay=-1
changed_at_500,581,0,3.21732468371,4,0.027027027027,0.06,20261233,1,3000,3000,500,910,410,0.0703333333333,153,alarm_before_true_change,first_alarm=0; detection_delay=-1
changed_at_500,582,0,3.18284825418,4,0.027027027027,0.06,20261233,1,3000,3000,500,910,410,0.0703333333333,153,alarm_before_true_change,first_alarm=0; detection_delay=-1
changed_at_500,583,0,3.14837182465,4,0.027027027027,0.06,20261233,1,3000,3000,500,910,410,0.0703333333333,153,alarm_before_true_change,first_alarm=0; detection_delay=-1
changed_at_500,584,0,3.11389539512,4,0.027027027027,0.06,20261233,1,3000,3000,500,910,410,0.0703333333333,153,alarm_before_true_change,first_alarm=0; detection_delay=-1
changed_at_500,585,0,3.07941896559,4,0.027027027027,0.06,20261233,1,3000,3000,500,910,410,0.0703333333333,153,alarm_before_true_change,first_alarm=0; detection_delay=-1
changed_at_500,586,0,3.04494253606,4,0.027027027027,0.06,20261233,1,3000,3000,500,910,410,0.0703333333333,153,alarm_before_true_change,first_alarm=0; detection_delay=-1
changed_at_500,587,0,3.01046610653,4,0.027027027027,0.06,20261233,1,3000,3000,500,910,410,0.0703333333333,153,alarm_before_true_change,first_alarm=0; detection_delay=-1
changed_at_500,588,0,2.975989677,4,0.027027027027,0.06,20261233,1,3000,3000,500,910,410,0.0703333333333,153,alarm_before_true_change,first_alarm=0; detection_delay=-1
changed_at_500,589,0,2.94151324747,4,0.027027027027,0.06,20261233,1,3000,3000,500,910,410,0.0703333333333,153,alarm_before_true_change,first_alarm=0; detection_delay=-1
changed_at_500,590,0,2.90703681794,4,0.027027027027,0.06,20261233,1,3000,3000,500,910,410,0.0703333333333,153,alarm_before_true_change,first_alarm=0; detection_delay=-1
changed_at_500,591,0,2.87256038841,4,0.027027027027,0.06,20261233,1,3000,3000,500,910,410,0.0703333333333,153,alarm_before_true_change,first_alarm=0; detection_delay=-1
changed_at_500,592,0,2.83808395888,4,0.027027027027,0.06,20261233,1,3000,3000,500,910,410,0.0703333333333,153,alarm_before_true_change,first_alarm=0; detection_delay=-1
changed_at_500,593,0,2.80360752935,4,0.027027027027,0.06,20261233,1,3000,3000,500,910,410,0.0703333333333,153,alarm_before_true_change,first_alarm=0; detection_delay=-1
changed_at_500,594,0,2.76913109982,4,0.027027027027,0.06,20261233,1,3000,3000,500,910,410,0.0703333333333,153,alarm_before_true_change,first_alarm=0; detection_delay=-1
changed_at_500,595,0,2.73465467029,4,0.027027027027,0.06,20261233,1,3000,3000,500,910,410,0.0703333333333,153,alarm_before_true_change,first_alarm=0; detection_delay=-1
changed_at_500,596,0,2.70017824076,4,0.027027027027,0.06,20261233,1,3000,3000,500,910,410,0.0703333333333,153,alarm_before_true_change,first_alarm=0; detection_delay=-1
changed_at_500,597,0,2.66570181123,4,0.027027027027,0.06,20261233,1,3000,3000,500,910,410,0.0703333333333,153,alarm_before_true_change,first_alarm=0; detection_delay=-1
changed_at_500,598,0,2.6312253817,4,0.027027027027,0.06,20261233,1,3000,3000,500,910,410,0.0703333333333,153,alarm_before_true_change,first_alarm=0; detection_delay=-1
changed_at_500,599,0,2.59674895217,4,0.027027027027,0.06,20261233,1,3000,3000,500,910,410,0.0703333333333,153,alarm_before_true_change,first_alarm=0; detection_delay=-1
changed_at_500,600,0,2.56227252264,4,0.027027027027,0.06,20261233,1,3000,3000,500,910,410,0.0703333333333,153,alarm_before_true_change,first_alarm=0; detection_delay=-1
changed_at_500,601,0,2.52779609311,4,0.027027027027,0.06,20261233,1,3000,3000,500,910,410,0.0703333333333,153,alarm_before_true_change,first_alarm=0; detection_delay=-1
changed_at_500,602,0,2.49331966358,4,0.027027027027,0.06,20261233,1,3000,3000,500,910,410,0.0703333333333,153,alarm_before_true_change,first_alarm=0; detection_delay=-1
changed_at_500,603,0,2.45884323405,4,0.027027027027,0.06,20261233,1,3000,3000,500,910,410,0.0703333333333,153,alarm_before_true_change,first_alarm=0; detection_delay=-1
changed_at_500,604,0,2.42436680452,4,0.027027027027,0.06,20261233,1,3000,3000,500,910,410,0.0703333333333,153,alarm_before_true_change,first_alarm=0; detection_delay=-1
changed_at_500,605,0,2.38989037499,4,0.027027027027,0.06,20261233,1,3000,3000,500,910,410,0.0703333333333,153,alarm_before_true_change,first_alarm=0; detection_delay=-1
changed_at_500,606,0,2.35541394546,4,0.027027027027,0.06,20261233,1,3000,3000,500,910,410,0.0703333333333,153,alarm_before_true_change,first_alarm=0; detection_delay=-1
changed_at_500,607,0,2.32093751593,4,0.027027027027,0.06,20261233,1,3000,3000,500,910,410,0.0703333333333,153,alarm_before_true_change,first_alarm=0; detection_delay=-1
changed_at_500,608,0,2.2864610864,4,0.027027027027,0.06,20261233,1,3000,3000,500,910,410,0.0703333333333,153,alarm_before_true_change,first_alarm=0; detection_delay=-1
changed_at_500,609,0,2.25198465687,4,0.027027027027,0.06,20261233,1,3000,3000,500,910,410,0.0703333333333,153,alarm_before_true_change,first_alarm=0; detection_delay=-1
changed_at_500,610,0,2.21750822734,4,0.027027027027,0.06,20261233,1,3000,3000,500,910,410,0.0703333333333,153,alarm_before_true_change,first_alarm=0; detection_delay=-1
changed_at_500,611,0,2.18303179781,4,0.027027027027,0.06,20261233,1,3000,3000,500,910,410,0.0703333333333,153,alarm_before_true_change,first_alarm=0; detection_delay=-1
changed_at_500,612,0,2.14855536828,4,0.027027027027,0.06,20261233,1,3000,3000,500,910,410,0.0703333333333,153,alarm_before_true_change,first_alarm=0; detection_delay=-1
changed_at_500,613,0,2.11407893875,4,0.027027027027,0.06,20261233,1,3000,3000,500,910,410,0.0703333333333,153,alarm_before_true_change,first_alarm=0; detection_delay=-1
changed_at_500,614,0,2.07960250922,4,0.027027027027,0.06,20261233,1,3000,3000,500,910,410,0.0703333333333,153,alarm_before_true_change,first_alarm=0; detection_delay=-1
changed_at_500,615,0,2.04512607969,4,0.027027027027,0.06,20261233,1,3000,3000,500,910,410,0.0703333333333,153,alarm_before_true_change,first_alarm=0; detection_delay=-1
changed_at_500,616,0,2.01064965016,4,0.027027027027,0.06,20261233,1,3000,3000,500,910,410,0.0703333333333,153,alarm_before_true_change,first_alarm=0; detection_delay=-1
changed_at_500,617,0,1.97617322063,4,0.027027027027,0.06,20261233,1,3000,3000,500,910,410,0.0703333333333,153,alarm_before_true_change,first_alarm=0; detection_delay=-1
changed_at_500,618,0,1.9416967911,4,0.027027027027,0.06,20261233,1,3000,3000,500,910,410,0.0703333333333,153,alarm_before_true_change,first_alarm=0; detection_delay=-1
changed_at_500,619,0,1.90722036157,4,0.027027027027,0.06,20261233,1,3000,3000,500,910,410,0.0703333333333,153,alarm_before_true_change,first_alarm=0; detection_delay=-1
changed_at_500,620,0,1.87274393204,4,0.027027027027,0.06,20261233,1,3000,3000,500,910,410,0.0703333333333,153,alarm_before_true_change,first_alarm=0; detection_delay=-1
changed_at_500,621,0,1.83826750251,4,0.027027027027,0.06,20261233,1,3000,3000,500,910,410,0.0703333333333,153,alarm_before_true_change,first_alarm=0; detection_delay=-1
changed_at_500,622,0,1.80379107298,4,0.027027027027,0.06,20261233,1,3000,3000,500,910,410,0.0703333333333,153,alarm_before_true_change,first_alarm=0; detection_delay=-1
changed_at_500,623,0,1.76931464345,4,0.027027027027,0.06,20261233,1,3000,3000,500,910,410,0.0703333333333,153,alarm_before_true_change,first_alarm=0; detection_delay=-1
changed_at_500,624,0,1.73483821392,4,0.027027027027,0.06,20261233,1,3000,3000,500,910,410,0.0703333333333,153,alarm_before_true_change,first_alarm=0; detection_delay=-1
changed_at_500,625,0,1.70036178439,4,0.027027027027,0.06,20261233,1,3000,3000,500,910,410,0.0703333333333,153,alarm_before_true_change,first_alarm=0; detection_delay=-1
changed_at_500,626,0,1.66588535486,4,0.027027027027,0.06,20261233,1,3000,3000,500,910,410,0.0703333333333,153,alarm_before_true_change,first_alarm=0; detection_delay=-1
changed_at_500,627,0,1.63140892533,4,0.027027027027,0.06,20261233,1,3000,3000,500,910,410,0.0703333333333,153,alarm_before_true_change,first_alarm=0; detection_delay=-1
changed_at_500,628,0,1.5969324958,4,0.027027027027,0.06,20261233,1,3000,3000,500,910,410,0.0703333333333,153,alarm_before_true_change,first_alarm=0; detection_delay=-1
changed_at_500,629,0,1.56245606627,4,0.027027027027,0.06,20261233,1,3000,3000,500,910,410,0.0703333333333,153,alarm_before_true_change,first_alarm=0; detection_delay=-1
changed_at_500,630,0,1.52797963674,4,0.027027027027,0.06,20261233,1,3000,3000,500,910,410,0.0703333333333,153,alarm_before_true_change,first_alarm=0; detection_delay=-1
changed_at_500,631,0,1.49350320721,4,0.027027027027,0.06,20261233,1,3000,3000,500,910,410,0.0703333333333,153,alarm_before_true_change,first_alarm=0; detection_delay=-1
changed_at_500,632,1,2.29101040309,4,0.027027027027,0.06,20261233,1,3000,3000,500,910,410,0.0703333333333,153,alarm_before_true_change,first_alarm=0; detection_delay=-1
changed_at_500,633,0,2.25653397356,4,0.027027027027,0.06,20261233,1,3000,3000,500,910,410,0.0703333333333,153,alarm_before_true_change,first_alarm=0; detection_delay=-1
changed_at_500,634,0,2.22205754403,4,0.027027027027,0.06,20261233,1,3000,3000,500,910,410,0.0703333333333,153,alarm_before_true_change,first_alarm=0; detection_delay=-1
changed_at_500,635,0,2.1875811145,4,0.027027027027,0.06,20261233,1,3000,3000,500,910,410,0.0703333333333,153,alarm_before_true_change,first_alarm=0; detection_delay=-1
changed_at_500,636,0,2.15310468497,4,0.027027027027,0.06,20261233,1,3000,3000,500,910,410,0.0703333333333,153,alarm_before_true_change,first_alarm=0; detection_delay=-1
changed_at_500,637,0,2.11862825544,4,0.027027027027,0.06,20261233,1,3000,3000,500,910,410,0.0703333333333,153,alarm_before_true_change,first_alarm=0; detection_delay=-1
changed_at_500,638,0,2.08415182591,4,0.027027027027,0.06,20261233,1,3000,3000,500,910,410,0.0703333333333,153,alarm_before_true_change,first_alarm=0; detection_delay=-1
changed_at_500,639,0,2.04967539638,4,0.027027027027,0.06,20261233,1,3000,3000,500,910,410,0.0703333333333,153,alarm_before_true_change,first_alarm=0; detection_delay=-1
changed_at_500,640,0,2.01519896685,4,0.027027027027,0.06,20261233,1,3000,3000,500,910,410,0.0703333333333,153,alarm_before_true_change,first_alarm=0; detection_delay=-1
changed_at_500,641,0,1.98072253732,4,0.027027027027,0.06,20261233,1,3000,3000,500,910,410,0.0703333333333,153,alarm_before_true_change,first_alarm=0; detection_delay=-1
changed_at_500,642,0,1.94624610779,4,0.027027027027,0.06,20261233,1,3000,3000,500,910,410,0.0703333333333,153,alarm_before_true_change,first_alarm=0; detection_delay=-1
changed_at_500,643,0,1.91176967826,4,0.027027027027,0.06,20261233,1,3000,3000,500,910,410,0.0703333333333,153,alarm_before_true_change,first_alarm=0; detection_delay=-1
changed_at_500,644,0,1.87729324873,4,0.027027027027,0.06,20261233,1,3000,3000,500,910,410,0.0703333333333,153,alarm_before_true_change,first_alarm=0; detection_delay=-1
changed_at_500,645,0,1.8428168192,4,0.027027027027,0.06,20261233,1,3000,3000,500,910,410,0.0703333333333,153,alarm_before_true_change,first_alarm=0; detection_delay=-1
changed_at_500,646,0,1.80834038967,4,0.027027027027,0.06,20261233,1,3000,3000,500,910,410,0.0703333333333,153,alarm_before_true_change,first_alarm=0; detection_delay=-1
changed_at_500,647,0,1.77386396014,4,0.027027027027,0.06,20261233,1,3000,3000,500,910,410,0.0703333333333,153,alarm_before_true_change,first_alarm=0; detection_delay=-1
changed_at_500,648,0,1.73938753061,4,0.027027027027,0.06,20261233,1,3000,3000,500,910,410,0.0703333333333,153,alarm_before_true_change,first_alarm=0; detection_delay=-1
changed_at_500,649,0,1.70491110108,4,0.027027027027,0.06,20261233,1,3000,3000,500,910,410,0.0703333333333,153,alarm_before_true_change,first_alarm=0; detection_delay=-1
changed_at_500,650,0,1.67043467155,4,0.027027027027,0.06,20261233,1,3000,3000,500,910,410,0.0703333333333,153,alarm_before_true_change,first_alarm=0; detection_delay=-1
changed_at_500,651,0,1.63595824202,4,0.027027027027,0.06,20261233,1,3000,3000,500,910,410,0.0703333333333,153,alarm_before_true_change,first_alarm=0; detection_delay=-1
changed_at_500,652,0,1.60148181249,4,0.027027027027,0.06,20261233,1,3000,3000,500,910,410,0.0703333333333,153,alarm_before_true_change,first_alarm=0; detection_delay=-1
changed_at_500,653,0,1.56700538296,4,0.027027027027,0.06,20261233,1,3000,3000,500,910,410,0.0703333333333,153,alarm_before_true_change,first_alarm=0; detection_delay=-1
changed_at_500,654,0,1.53252895343,4,0.027027027027,0.06,20261233,1,3000,3000,500,910,410,0.0703333333333,153,alarm_before_true_change,first_alarm=0; detection_delay=-1
changed_at_500,655,0,1.4980525239,4,0.027027027027,0.06,20261233,1,3000,3000,500,910,410,0.0703333333333,153,alarm_before_true_change,first_alarm=0; detection_delay=-1
changed_at_500,656,0,1.46357609437,4,0.027027027027,0.06,20261233,1,3000,3000,500,910,410,0.0703333333333,153,alarm_before_true_change,first_alarm=0; detection_delay=-1
changed_at_500,657,0,1.42909966484,4,0.027027027027,0.06,20261233,1,3000,3000,500,910,410,0.0703333333333,153,alarm_before_true_change,first_alarm=0; detection_delay=-1
changed_at_500,658,0,1.39462323531,4,0.027027027027,0.06,20261233,1,3000,3000,500,910,410,0.0703333333333,153,alarm_before_true_change,first_alarm=0; detection_delay=-1
changed_at_500,659,0,1.36014680578,4,0.027027027027,0.06,20261233,1,3000,3000,500,910,410,0.0703333333333,153,alarm_before_true_change,first_alarm=0; detection_delay=-1
changed_at_500,660,0,1.32567037625,4,0.027027027027,0.06,20261233,1,3000,3000,500,910,410,0.0703333333333,153,alarm_before_true_change,first_alarm=0; detection_delay=-1
changed_at_500,661,0,1.29119394672,4,0.027027027027,0.06,20261233,1,3000,3000,500,910,410,0.0703333333333,153,alarm_before_true_change,first_alarm=0; detection_delay=-1
changed_at_500,662,0,1.25671751719,4,0.027027027027,0.06,20261233,1,3000,3000,500,910,410,0.0703333333333,153,alarm_before_true_change,first_alarm=0; detection_delay=-1
changed_at_500,663,0,1.22224108766,4,0.027027027027,0.06,20261233,1,3000,3000,500,910,410,0.0703333333333,153,alarm_before_true_change,first_alarm=0; detection_delay=-1
changed_at_500,664,0,1.18776465813,4,0.027027027027,0.06,20261233,1,3000,3000,500,910,410,0.0703333333333,153,alarm_before_true_change,first_alarm=0; detection_delay=-1
changed_at_500,665,0,1.1532882286,4,0.027027027027,0.06,20261233,1,3000,3000,500,910,410,0.0703333333333,153,alarm_before_true_change,first_alarm=0; detection_delay=-1
changed_at_500,666,0,1.11881179907,4,0.027027027027,0.06,20261233,1,3000,3000,500,910,410,0.0703333333333,153,alarm_before_true_change,first_alarm=0; detection_delay=-1
changed_at_500,667,0,1.08433536954,4,0.027027027027,0.06,20261233,1,3000,3000,500,910,410,0.0703333333333,153,alarm_before_true_change,first_alarm=0; detection_delay=-1
changed_at_500,668,0,1.04985894001,4,0.027027027027,0.06,20261233,1,3000,3000,500,910,410,0.0703333333333,153,alarm_before_true_change,first_alarm=0; detection_delay=-1
changed_at_500,669,1,1.8473661359,4,0.027027027027,0.06,20261233,1,3000,3000,500,910,410,0.0703333333333,153,alarm_before_true_change,first_alarm=0; detection_delay=-1
changed_at_500,670,0,1.81288970637,4,0.027027027027,0.06,20261233,1,3000,3000,500,910,410,0.0703333333333,153,alarm_before_true_change,first_alarm=0; detection_delay=-1
changed_at_500,671,0,1.77841327684,4,0.027027027027,0.06,20261233,1,3000,3000,500,910,410,0.0703333333333,153,alarm_before_true_change,first_alarm=0; detection_delay=-1
changed_at_500,672,0,1.74393684731,4,0.027027027027,0.06,20261233,1,3000,3000,500,910,410,0.0703333333333,153,alarm_before_true_change,first_alarm=0; detection_delay=-1
changed_at_500,673,0,1.70946041778,4,0.027027027027,0.06,20261233,1,3000,3000,500,910,410,0.0703333333333,153,alarm_before_true_change,first_alarm=0; detection_delay=-1
changed_at_500,674,0,1.67498398825,4,0.027027027027,0.06,20261233,1,3000,3000,500,910,410,0.0703333333333,153,alarm_before_true_change,first_alarm=0; detection_delay=-1
changed_at_500,675,0,1.64050755872,4,0.027027027027,0.06,20261233,1,3000,3000,500,910,410,0.0703333333333,153,alarm_before_true_change,first_alarm=0; detection_delay=-1
changed_at_500,676,0,1.60603112919,4,0.027027027027,0.06,20261233,1,3000,3000,500,910,410,0.0703333333333,153,alarm_before_true_change,first_alarm=0; detection_delay=-1
changed_at_500,677,0,1.57155469966,4,0.027027027027,0.06,20261233,1,3000,3000,500,910,410,0.0703333333333,153,alarm_before_true_change,first_alarm=0; detection_delay=-1
changed_at_500,678,0,1.53707827013,4,0.027027027027,0.06,20261233,1,3000,3000,500,910,410,0.0703333333333,153,alarm_before_true_change,first_alarm=0; detection_delay=-1
changed_at_500,679,0,1.5026018406,4,0.027027027027,0.06,20261233,1,3000,3000,500,910,410,0.0703333333333,153,alarm_before_true_change,first_alarm=0; detection_delay=-1
changed_at_500,680,0,1.46812541107,4,0.027027027027,0.06,20261233,1,3000,3000,500,910,410,0.0703333333333,153,alarm_before_true_change,first_alarm=0; detection_delay=-1
changed_at_500,681,0,1.43364898154,4,0.027027027027,0.06,20261233,1,3000,3000,500,910,410,0.0703333333333,153,alarm_before_true_change,first_alarm=0; detection_delay=-1
changed_at_500,682,0,1.39917255201,4,0.027027027027,0.06,20261233,1,3000,3000,500,910,410,0.0703333333333,153,alarm_before_true_change,first_alarm=0; detection_delay=-1
changed_at_500,683,0,1.36469612248,4,0.027027027027,0.06,20261233,1,3000,3000,500,910,410,0.0703333333333,153,alarm_before_true_change,first_alarm=0; detection_delay=-1
changed_at_500,684,0,1.33021969295,4,0.027027027027,0.06,20261233,1,3000,3000,500,910,410,0.0703333333333,153,alarm_before_true_change,first_alarm=0; detection_delay=-1
changed_at_500,685,0,1.29574326342,4,0.027027027027,0.06,20261233,1,3000,3000,500,910,410,0.0703333333333,153,alarm_before_true_change,first_alarm=0; detection_delay=-1
changed_at_500,686,0,1.26126683389,4,0.027027027027,0.06,20261233,1,3000,3000,500,910,410,0.0703333333333,153,alarm_before_true_change,first_alarm=0; detection_delay=-1
changed_at_500,687,0,1.22679040436,4,0.027027027027,0.06,20261233,1,3000,3000,500,910,410,0.0703333333333,153,alarm_before_true_change,first_alarm=0; detection_delay=-1
changed_at_500,688,0,1.19231397483,4,0.027027027027,0.06,20261233,1,3000,3000,500,910,410,0.0703333333333,153,alarm_before_true_change,first_alarm=0; detection_delay=-1
changed_at_500,689,0,1.1578375453,4,0.027027027027,0.06,20261233,1,3000,3000,500,910,410,0.0703333333333,153,alarm_before_true_change,first_alarm=0; detection_delay=-1
changed_at_500,690,0,1.12336111577,4,0.027027027027,0.06,20261233,1,3000,3000,500,910,410,0.0703333333333,153,alarm_before_true_change,first_alarm=0; detection_delay=-1
changed_at_500,691,0,1.08888468624,4,0.027027027027,0.06,20261233,1,3000,3000,500,910,410,0.0703333333333,153,alarm_before_true_change,first_alarm=0; detection_delay=-1
changed_at_500,692,0,1.05440825671,4,0.027027027027,0.06,20261233,1,3000,3000,500,910,410,0.0703333333333,153,alarm_before_true_change,first_alarm=0; detection_delay=-1
changed_at_500,693,0,1.01993182718,4,0.027027027027,0.06,20261233,1,3000,3000,500,910,410,0.0703333333333,153,alarm_before_true_change,first_alarm=0; detection_delay=-1
changed_at_500,694,0,0.985455397647,4,0.027027027027,0.06,20261233,1,3000,3000,500,910,410,0.0703333333333,153,alarm_before_true_change,first_alarm=0; detection_delay=-1
changed_at_500,695,0,0.950978968117,4,0.027027027027,0.06,20261233,1,3000,3000,500,910,410,0.0703333333333,153,alarm_before_true_change,first_alarm=0; detection_delay=-1
changed_at_500,696,0,0.916502538587,4,0.027027027027,0.06,20261233,1,3000,3000,500,910,410,0.0703333333333,153,alarm_before_true_change,first_alarm=0; detection_delay=-1
changed_at_500,697,1,1.71400973447,4,0.027027027027,0.06,20261233,1,3000,3000,500,910,410,0.0703333333333,153,alarm_before_true_change,first_alarm=0; detection_delay=-1
changed_at_500,698,0,1.67953330494,4,0.027027027027,0.06,20261233,1,3000,3000,500,910,410,0.0703333333333,153,alarm_before_true_change,first_alarm=0; detection_delay=-1
changed_at_500,699,0,1.64505687541,4,0.027027027027,0.06,20261233,1,3000,3000,500,910,410,0.0703333333333,153,alarm_before_true_change,first_alarm=0; detection_delay=-1
changed_at_500,700,0,1.61058044588,4,0.027027027027,0.06,20261233,1,3000,3000,500,910,410,0.0703333333333,153,alarm_before_true_change,first_alarm=0; detection_delay=-1
changed_at_500,701,0,1.57610401635,4,0.027027027027,0.06,20261233,1,3000,3000,500,910,410,0.0703333333333,153,alarm_before_true_change,first_alarm=0; detection_delay=-1
changed_at_500,702,0,1.54162758682,4,0.027027027027,0.06,20261233,1,3000,3000,500,910,410,0.0703333333333,153,alarm_before_true_change,first_alarm=0; detection_delay=-1
changed_at_500,703,0,1.50715115729,4,0.027027027027,0.06,20261233,1,3000,3000,500,910,410,0.0703333333333,153,alarm_before_true_change,first_alarm=0; detection_delay=-1
changed_at_500,704,0,1.47267472776,4,0.027027027027,0.06,20261233,1,3000,3000,500,910,410,0.0703333333333,153,alarm_before_true_change,first_alarm=0; detection_delay=-1
changed_at_500,705,0,1.43819829823,4,0.027027027027,0.06,20261233,1,3000,3000,500,910,410,0.0703333333333,153,alarm_before_true_change,first_alarm=0; detection_delay=-1
changed_at_500,706,0,1.4037218687,4,0.027027027027,0.06,20261233,1,3000,3000,500,910,410,0.0703333333333,153,alarm_before_true_change,first_alarm=0; detection_delay=-1
changed_at_500,707,0,1.36924543917,4,0.027027027027,0.06,20261233,1,3000,3000,500,910,410,0.0703333333333,153,alarm_before_true_change,first_alarm=0; detection_delay=-1
changed_at_500,708,0,1.33476900964,4,0.027027027027,0.06,20261233,1,3000,3000,500,910,410,0.0703333333333,153,alarm_before_true_change,first_alarm=0; detection_delay=-1
changed_at_500,709,0,1.30029258011,4,0.027027027027,0.06,20261233,1,3000,3000,500,910,410,0.0703333333333,153,alarm_before_true_change,first_alarm=0; detection_delay=-1
changed_at_500,710,0,1.26581615058,4,0.027027027027,0.06,20261233,1,3000,3000,500,910,410,0.0703333333333,153,alarm_before_true_change,first_alarm=0; detection_delay=-1
changed_at_500,711,0,1.23133972105,4,0.027027027027,0.06,20261233,1,3000,3000,500,910,410,0.0703333333333,153,alarm_before_true_change,first_alarm=0; detection_delay=-1
changed_at_500,712,0,1.19686329152,4,0.027027027027,0.06,20261233,1,3000,3000,500,910,410,0.0703333333333,153,alarm_before_true_change,first_alarm=0; detection_delay=-1
changed_at_500,713,0,1.16238686199,4,0.027027027027,0.06,20261233,1,3000,3000,500,910,410,0.0703333333333,153,alarm_before_true_change,first_alarm=0; detection_delay=-1
changed_at_500,714,0,1.12791043246,4,0.027027027027,0.06,20261233,1,3000,3000,500,910,410,0.0703333333333,153,alarm_before_true_change,first_alarm=0; detection_delay=-1
changed_at_500,715,0,1.09343400293,4,0.027027027027,0.06,20261233,1,3000,3000,500,910,410,0.0703333333333,153,alarm_before_true_change,first_alarm=0; detection_delay=-1
changed_at_500,716,0,1.0589575734,4,0.027027027027,0.06,20261233,1,3000,3000,500,910,410,0.0703333333333,153,alarm_before_true_change,first_alarm=0; detection_delay=-1
changed_at_500,717,1,1.85646476929,4,0.027027027027,0.06,20261233,1,3000,3000,500,910,410,0.0703333333333,153,alarm_before_true_change,first_alarm=0; detection_delay=-1
changed_at_500,718,1,2.65397196517,4,0.027027027027,0.06,20261233,1,3000,3000,500,910,410,0.0703333333333,153,alarm_before_true_change,first_alarm=0; detection_delay=-1
changed_at_500,719,0,2.61949553564,4,0.027027027027,0.06,20261233,1,3000,3000,500,910,410,0.0703333333333,153,alarm_before_true_change,first_alarm=0; detection_delay=-1
changed_at_500,720,0,2.58501910611,4,0.027027027027,0.06,20261233,1,3000,3000,500,910,410,0.0703333333333,153,alarm_before_true_change,first_alarm=0; detection_delay=-1
changed_at_500,721,0,2.55054267658,4,0.027027027027,0.06,20261233,1,3000,3000,500,910,410,0.0703333333333,153,alarm_before_true_change,first_alarm=0; detection_delay=-1
changed_at_500,722,0,2.51606624705,4,0.027027027027,0.06,20261233,1,3000,3000,500,910,410,0.0703333333333,153,alarm_before_true_change,first_alarm=0; detection_delay=-1
changed_at_500,723,0,2.48158981752,4,0.027027027027,0.06,20261233,1,3000,3000,500,910,410,0.0703333333333,153,alarm_before_true_change,first_alarm=0; detection_delay=-1
changed_at_500,724,0,2.44711338799,4,0.027027027027,0.06,20261233,1,3000,3000,500,910,410,0.0703333333333,153,alarm_before_true_change,first_alarm=0; detection_delay=-1
changed_at_500,725,0,2.41263695846,4,0.027027027027,0.06,20261233,1,3000,3000,500,910,410,0.0703333333333,153,alarm_before_true_change,first_alarm=0; detection_delay=-1
changed_at_500,726,0,2.37816052893,4,0.027027027027,0.06,20261233,1,3000,3000,500,910,410,0.0703333333333,153,alarm_before_true_change,first_alarm=0; detection_delay=-1
changed_at_500,727,0,2.3436840994,4,0.027027027027,0.06,20261233,1,3000,3000,500,910,410,0.0703333333333,153,alarm_before_true_change,first_alarm=0; detection_delay=-1
changed_at_500,728,0,2.30920766987,4,0.027027027027,0.06,20261233,1,3000,3000,500,910,410,0.0703333333333,153,alarm_before_true_change,first_alarm=0; detection_delay=-1
changed_at_500,729,0,2.27473124034,4,0.027027027027,0.06,20261233,1,3000,3000,500,910,410,0.0703333333333,153,alarm_before_true_change,first_alarm=0; detection_delay=-1
changed_at_500,730,0,2.24025481081,4,0.027027027027,0.06,20261233,1,3000,3000,500,910,410,0.0703333333333,153,alarm_before_true_change,first_alarm=0; detection_delay=-1
changed_at_500,731,0,2.20577838128,4,0.027027027027,0.06,20261233,1,3000,3000,500,910,410,0.0703333333333,153,alarm_before_true_change,first_alarm=0; detection_delay=-1
changed_at_500,732,0,2.17130195175,4,0.027027027027,0.06,20261233,1,3000,3000,500,910,410,0.0703333333333,153,alarm_before_true_change,first_alarm=0; detection_delay=-1
changed_at_500,733,0,2.13682552222,4,0.027027027027,0.06,20261233,1,3000,3000,500,910,410,0.0703333333333,153,alarm_before_true_change,first_alarm=0; detection_delay=-1
changed_at_500,734,0,2.10234909269,4,0.027027027027,0.06,20261233,1,3000,3000,500,910,410,0.0703333333333,153,alarm_before_true_change,first_alarm=0; detection_delay=-1
changed_at_500,735,0,2.06787266316,4,0.027027027027,0.06,20261233,1,3000,3000,500,910,410,0.0703333333333,153,alarm_before_true_change,first_alarm=0; detection_delay=-1
changed_at_500,736,0,2.03339623363,4,0.027027027027,0.06,20261233,1,3000,3000,500,910,410,0.0703333333333,153,alarm_before_true_change,first_alarm=0; detection_delay=-1
changed_at_500,737,0,1.9989198041,4,0.027027027027,0.06,20261233,1,3000,3000,500,910,410,0.0703333333333,153,alarm_before_true_change,first_alarm=0; detection_delay=-1
changed_at_500,738,0,1.96444337457,4,0.027027027027,0.06,20261233,1,3000,3000,500,910,410,0.0703333333333,153,alarm_before_true_change,first_alarm=0; detection_delay=-1
changed_at_500,739,0,1.92996694504,4,0.027027027027,0.06,20261233,1,3000,3000,500,910,410,0.0703333333333,153,alarm_before_true_change,first_alarm=0; detection_delay=-1
changed_at_500,740,0,1.89549051551,4,0.027027027027,0.06,20261233,1,3000,3000,500,910,410,0.0703333333333,153,alarm_before_true_change,first_alarm=0; detection_delay=-1
changed_at_500,741,0,1.86101408598,4,0.027027027027,0.06,20261233,1,3000,3000,500,910,410,0.0703333333333,153,alarm_before_true_change,first_alarm=0; detection_delay=-1
changed_at_500,742,0,1.82653765645,4,0.027027027027,0.06,20261233,1,3000,3000,500,910,410,0.0703333333333,153,alarm_before_true_change,first_alarm=0; detection_delay=-1
changed_at_500,743,0,1.79206122692,4,0.027027027027,0.06,20261233,1,3000,3000,500,910,410,0.0703333333333,153,alarm_before_true_change,first_alarm=0; detection_delay=-1
changed_at_500,744,0,1.75758479739,4,0.027027027027,0.06,20261233,1,3000,3000,500,910,410,0.0703333333333,153,alarm_before_true_change,first_alarm=0; detection_delay=-1
changed_at_500,745,0,1.72310836786,4,0.027027027027,0.06,20261233,1,3000,3000,500,910,410,0.0703333333333,153,alarm_before_true_change,first_alarm=0; detection_delay=-1
changed_at_500,746,0,1.68863193833,4,0.027027027027,0.06,20261233,1,3000,3000,500,910,410,0.0703333333333,153,alarm_before_true_change,first_alarm=0; detection_delay=-1
changed_at_500,747,0,1.6541555088,4,0.027027027027,0.06,20261233,1,3000,3000,500,910,410,0.0703333333333,153,alarm_before_true_change,first_alarm=0; detection_delay=-1
changed_at_500,748,0,1.61967907927,4,0.027027027027,0.06,20261233,1,3000,3000,500,910,410,0.0703333333333,153,alarm_before_true_change,first_alarm=0; detection_delay=-1
changed_at_500,749,0,1.58520264974,4,0.027027027027,0.06,20261233,1,3000,3000,500,910,410,0.0703333333333,153,alarm_before_true_change,first_alarm=0; detection_delay=-1
changed_at_500,750,0,1.55072622021,4,0.027027027027,0.06,20261233,1,3000,3000,500,910,410,0.0703333333333,153,alarm_before_true_change,first_alarm=0; detection_delay=-1
changed_at_500,751,0,1.51624979068,4,0.027027027027,0.06,20261233,1,3000,3000,500,910,410,0.0703333333333,153,alarm_before_true_change,first_alarm=0; detection_delay=-1
changed_at_500,752,0,1.48177336115,4,0.027027027027,0.06,20261233,1,3000,3000,500,910,410,0.0703333333333,153,alarm_before_true_change,first_alarm=0; detection_delay=-1
changed_at_500,753,0,1.44729693162,4,0.027027027027,0.06,20261233,1,3000,3000,500,910,410,0.0703333333333,153,alarm_before_true_change,first_alarm=0; detection_delay=-1
changed_at_500,754,0,1.41282050209,4,0.027027027027,0.06,20261233,1,3000,3000,500,910,410,0.0703333333333,153,alarm_before_true_change,first_alarm=0; detection_delay=-1
changed_at_500,755,0,1.37834407256,4,0.027027027027,0.06,20261233,1,3000,3000,500,910,410,0.0703333333333,153,alarm_before_true_change,first_alarm=0; detection_delay=-1
changed_at_500,756,0,1.34386764303,4,0.027027027027,0.06,20261233,1,3000,3000,500,910,410,0.0703333333333,153,alarm_before_true_change,first_alarm=0; detection_delay=-1
changed_at_500,757,0,1.3093912135,4,0.027027027027,0.06,20261233,1,3000,3000,500,910,410,0.0703333333333,153,alarm_before_true_change,first_alarm=0; detection_delay=-1
changed_at_500,758,0,1.27491478397,4,0.027027027027,0.06,20261233,1,3000,3000,500,910,410,0.0703333333333,153,alarm_before_true_change,first_alarm=0; detection_delay=-1
changed_at_500,759,0,1.24043835444,4,0.027027027027,0.06,20261233,1,3000,3000,500,910,410,0.0703333333333,153,alarm_before_true_change,first_alarm=0; detection_delay=-1
changed_at_500,760,0,1.20596192491,4,0.027027027027,0.06,20261233,1,3000,3000,500,910,410,0.0703333333333,153,alarm_before_true_change,first_alarm=0; detection_delay=-1
changed_at_500,761,1,2.0034691208,4,0.027027027027,0.06,20261233,1,3000,3000,500,910,410,0.0703333333333,153,alarm_before_true_change,first_alarm=0; detection_delay=-1
changed_at_500,762,0,1.96899269127,4,0.027027027027,0.06,20261233,1,3000,3000,500,910,410,0.0703333333333,153,alarm_before_true_change,first_alarm=0; detection_delay=-1
changed_at_500,763,0,1.93451626174,4,0.027027027027,0.06,20261233,1,3000,3000,500,910,410,0.0703333333333,153,alarm_before_true_change,first_alarm=0; detection_delay=-1
changed_at_500,764,0,1.90003983221,4,0.027027027027,0.06,20261233,1,3000,3000,500,910,410,0.0703333333333,153,alarm_before_true_change,first_alarm=0; detection_delay=-1
changed_at_500,765,0,1.86556340268,4,0.027027027027,0.06,20261233,1,3000,3000,500,910,410,0.0703333333333,153,alarm_before_true_change,first_alarm=0; detection_delay=-1
changed_at_500,766,0,1.83108697315,4,0.027027027027,0.06,20261233,1,3000,3000,500,910,410,0.0703333333333,153,alarm_before_true_change,first_alarm=0; detection_delay=-1
changed_at_500,767,0,1.79661054362,4,0.027027027027,0.06,20261233,1,3000,3000,500,910,410,0.0703333333333,153,alarm_before_true_change,first_alarm=0; detection_delay=-1
changed_at_500,768,0,1.76213411409,4,0.027027027027,0.06,20261233,1,3000,3000,500,910,410,0.0703333333333,153,alarm_before_true_change,first_alarm=0; detection_delay=-1
changed_at_500,769,0,1.72765768456,4,0.027027027027,0.06,20261233,1,3000,3000,500,910,410,0.0703333333333,153,alarm_before_true_change,first_alarm=0; detection_delay=-1
changed_at_500,770,0,1.69318125503,4,0.027027027027,0.06,20261233,1,3000,3000,500,910,410,0.0703333333333,153,alarm_before_true_change,first_alarm=0; detection_delay=-1
changed_at_500,771,0,1.6587048255,4,0.027027027027,0.06,20261233,1,3000,3000,500,910,410,0.0703333333333,153,alarm_before_true_change,first_alarm=0; detection_delay=-1
changed_at_500,772,0,1.62422839597,4,0.027027027027,0.06,20261233,1,3000,3000,500,910,410,0.0703333333333,153,alarm_before_true_change,first_alarm=0; detection_delay=-1
changed_at_500,773,0,1.58975196644,4,0.027027027027,0.06,20261233,1,3000,3000,500,910,410,0.0703333333333,153,alarm_before_true_change,first_alarm=0; detection_delay=-1
changed_at_500,774,0,1.55527553691,4,0.027027027027,0.06,20261233,1,3000,3000,500,910,410,0.0703333333333,153,alarm_before_true_change,first_alarm=0; detection_delay=-1
changed_at_500,775,0,1.52079910738,4,0.027027027027,0.06,20261233,1,3000,3000,500,910,410,0.0703333333333,153,alarm_before_true_change,first_alarm=0; detection_delay=-1
changed_at_500,776,0,1.48632267785,4,0.027027027027,0.06,20261233,1,3000,3000,500,910,410,0.0703333333333,153,alarm_before_true_change,first_alarm=0; detection_delay=-1
changed_at_500,777,0,1.45184624832,4,0.027027027027,0.06,20261233,1,3000,3000,500,910,410,0.0703333333333,153,alarm_before_true_change,first_alarm=0; detection_delay=-1
changed_at_500,778,0,1.41736981879,4,0.027027027027,0.06,20261233,1,3000,3000,500,910,410,0.0703333333333,153,alarm_before_true_change,first_alarm=0; detection_delay=-1
changed_at_500,779,0,1.38289338926,4,0.027027027027,0.06,20261233,1,3000,3000,500,910,410,0.0703333333333,153,alarm_before_true_change,first_alarm=0; detection_delay=-1
changed_at_500,780,0,1.34841695973,4,0.027027027027,0.06,20261233,1,3000,3000,500,910,410,0.0703333333333,153,alarm_before_true_change,first_alarm=0; detection_delay=-1
changed_at_500,781,0,1.3139405302,4,0.027027027027,0.06,20261233,1,3000,3000,500,910,410,0.0703333333333,153,alarm_before_true_change,first_alarm=0; detection_delay=-1
changed_at_500,782,0,1.27946410067,4,0.027027027027,0.06,20261233,1,3000,3000,500,910,410,0.0703333333333,153,alarm_before_true_change,first_alarm=0; detection_delay=-1
changed_at_500,783,0,1.24498767114,4,0.027027027027,0.06,20261233,1,3000,3000,500,910,410,0.0703333333333,153,alarm_before_true_change,first_alarm=0; detection_delay=-1
changed_at_500,784,0,1.21051124161,4,0.027027027027,0.06,20261233,1,3000,3000,500,910,410,0.0703333333333,153,alarm_before_true_change,first_alarm=0; detection_delay=-1
changed_at_500,785,0,1.17603481208,4,0.027027027027,0.06,20261233,1,3000,3000,500,910,410,0.0703333333333,153,alarm_before_true_change,first_alarm=0; detection_delay=-1
changed_at_500,786,0,1.14155838255,4,0.027027027027,0.06,20261233,1,3000,3000,500,910,410,0.0703333333333,153,alarm_before_true_change,first_alarm=0; detection_delay=-1
changed_at_500,787,0,1.10708195302,4,0.027027027027,0.06,20261233,1,3000,3000,500,910,410,0.0703333333333,153,alarm_before_true_change,first_alarm=0; detection_delay=-1
changed_at_500,788,0,1.07260552349,4,0.027027027027,0.06,20261233,1,3000,3000,500,910,410,0.0703333333333,153,alarm_before_true_change,first_alarm=0; detection_delay=-1
changed_at_500,789,1,1.87011271937,4,0.027027027027,0.06,20261233,1,3000,3000,500,910,410,0.0703333333333,153,alarm_before_true_change,first_alarm=0; detection_delay=-1
changed_at_500,790,0,1.83563628984,4,0.027027027027,0.06,20261233,1,3000,3000,500,910,410,0.0703333333333,153,alarm_before_true_change,first_alarm=0; detection_delay=-1
changed_at_500,791,0,1.80115986031,4,0.027027027027,0.06,20261233,1,3000,3000,500,910,410,0.0703333333333,153,alarm_before_true_change,first_alarm=0; detection_delay=-1
changed_at_500,792,0,1.76668343078,4,0.027027027027,0.06,20261233,1,3000,3000,500,910,410,0.0703333333333,153,alarm_before_true_change,first_alarm=0; detection_delay=-1
changed_at_500,793,0,1.73220700125,4,0.027027027027,0.06,20261233,1,3000,3000,500,910,410,0.0703333333333,153,alarm_before_true_change,first_alarm=0; detection_delay=-1
changed_at_500,794,0,1.69773057172,4,0.027027027027,0.06,20261233,1,3000,3000,500,910,410,0.0703333333333,153,alarm_before_true_change,first_alarm=0; detection_delay=-1
changed_at_500,795,0,1.66325414219,4,0.027027027027,0.06,20261233,1,3000,3000,500,910,410,0.0703333333333,153,alarm_before_true_change,first_alarm=0; detection_delay=-1
changed_at_500,796,0,1.62877771266,4,0.027027027027,0.06,20261233,1,3000,3000,500,910,410,0.0703333333333,153,alarm_before_true_change,first_alarm=0; detection_delay=-1
changed_at_500,797,0,1.59430128313,4,0.027027027027,0.06,20261233,1,3000,3000,500,910,410,0.0703333333333,153,alarm_before_true_change,first_alarm=0; detection_delay=-1
changed_at_500,798,0,1.5598248536,4,0.027027027027,0.06,20261233,1,3000,3000,500,910,410,0.0703333333333,153,alarm_before_true_change,first_alarm=0; detection_delay=-1
changed_at_500,799,0,1.52534842407,4,0.027027027027,0.06,20261233,1,3000,3000,500,910,410,0.0703333333333,153,alarm_before_true_change,first_alarm=0; detection_delay=-1
changed_at_500,800,1,2.32285561995,4,0.027027027027,0.06,20261233,1,3000,3000,500,910,410,0.0703333333333,153,alarm_before_true_change,first_alarm=0; detection_delay=-1
changed_at_500,801,0,2.28837919042,4,0.027027027027,0.06,20261233,1,3000,3000,500,910,410,0.0703333333333,153,alarm_before_true_change,first_alarm=0; detection_delay=-1
changed_at_500,802,0,2.25390276089,4,0.027027027027,0.06,20261233,1,3000,3000,500,910,410,0.0703333333333,153,alarm_before_true_change,first_alarm=0; detection_delay=-1
changed_at_500,803,0,2.21942633136,4,0.027027027027,0.06,20261233,1,3000,3000,500,910,410,0.0703333333333,153,alarm_before_true_change,first_alarm=0; detection_delay=-1
changed_at_500,804,0,2.18494990183,4,0.027027027027,0.06,20261233,1,3000,3000,500,910,410,0.0703333333333,153,alarm_before_true_change,first_alarm=0; detection_delay=-1
changed_at_500,805,0,2.1504734723,4,0.027027027027,0.06,20261233,1,3000,3000,500,910,410,0.0703333333333,153,alarm_before_true_change,first_alarm=0; detection_delay=-1
changed_at_500,806,0,2.11599704277,4,0.027027027027,0.06,20261233,1,3000,3000,500,910,410,0.0703333333333,153,alarm_before_true_change,first_alarm=0; detection_delay=-1
changed_at_500,807,0,2.08152061324,4,0.027027027027,0.06,20261233,1,3000,3000,500,910,410,0.0703333333333,153,alarm_before_true_change,first_alarm=0; detection_delay=-1
changed_at_500,808,0,2.04704418371,4,0.027027027027,0.06,20261233,1,3000,3000,500,910,410,0.0703333333333,153,alarm_before_true_change,first_alarm=0; detection_delay=-1
changed_at_500,809,0,2.01256775419,4,0.027027027027,0.06,20261233,1,3000,3000,500,910,410,0.0703333333333,153,alarm_before_true_change,first_alarm=0; detection_delay=-1
changed_at_500,810,0,1.97809132466,4,0.027027027027,0.06,20261233,1,3000,3000,500,910,410,0.0703333333333,153,alarm_before_true_change,first_alarm=0; detection_delay=-1
changed_at_500,811,0,1.94361489513,4,0.027027027027,0.06,20261233,1,3000,3000,500,910,410,0.0703333333333,153,alarm_before_true_change,first_alarm=0; detection_delay=-1
changed_at_500,812,0,1.9091384656,4,0.027027027027,0.06,20261233,1,3000,3000,500,910,410,0.0703333333333,153,alarm_before_true_change,first_alarm=0; detection_delay=-1
changed_at_500,813,0,1.87466203607,4,0.027027027027,0.06,20261233,1,3000,3000,500,910,410,0.0703333333333,153,alarm_before_true_change,first_alarm=0; detection_delay=-1
changed_at_500,814,0,1.84018560654,4,0.027027027027,0.06,20261233,1,3000,3000,500,910,410,0.0703333333333,153,alarm_before_true_change,first_alarm=0; detection_delay=-1
changed_at_500,815,0,1.80570917701,4,0.027027027027,0.06,20261233,1,3000,3000,500,910,410,0.0703333333333,153,alarm_before_true_change,first_alarm=0; detection_delay=-1
changed_at_500,816,0,1.77123274748,4,0.027027027027,0.06,20261233,1,3000,3000,500,910,410,0.0703333333333,153,alarm_before_true_change,first_alarm=0; detection_delay=-1
changed_at_500,817,0,1.73675631795,4,0.027027027027,0.06,20261233,1,3000,3000,500,910,410,0.0703333333333,153,alarm_before_true_change,first_alarm=0; detection_delay=-1
changed_at_500,818,0,1.70227988842,4,0.027027027027,0.06,20261233,1,3000,3000,500,910,410,0.0703333333333,153,alarm_before_true_change,first_alarm=0; detection_delay=-1
changed_at_500,819,0,1.66780345889,4,0.027027027027,0.06,20261233,1,3000,3000,500,910,410,0.0703333333333,153,alarm_before_true_change,first_alarm=0; detection_delay=-1
changed_at_500,820,0,1.63332702936,4,0.027027027027,0.06,20261233,1,3000,3000,500,910,410,0.0703333333333,153,alarm_before_true_change,first_alarm=0; detection_delay=-1
changed_at_500,821,0,1.59885059983,4,0.027027027027,0.06,20261233,1,3000,3000,500,910,410,0.0703333333333,153,alarm_before_true_change,first_alarm=0; detection_delay=-1
changed_at_500,822,0,1.5643741703,4,0.027027027027,0.06,20261233,1,3000,3000,500,910,410,0.0703333333333,153,alarm_before_true_change,first_alarm=0; detection_delay=-1
changed_at_500,823,0,1.52989774077,4,0.027027027027,0.06,20261233,1,3000,3000,500,910,410,0.0703333333333,153,alarm_before_true_change,first_alarm=0; detection_delay=-1
changed_at_500,824,0,1.49542131124,4,0.027027027027,0.06,20261233,1,3000,3000,500,910,410,0.0703333333333,153,alarm_before_true_change,first_alarm=0; detection_delay=-1
changed_at_500,825,0,1.46094488171,4,0.027027027027,0.06,20261233,1,3000,3000,500,910,410,0.0703333333333,153,alarm_before_true_change,first_alarm=0; detection_delay=-1
changed_at_500,826,0,1.42646845218,4,0.027027027027,0.06,20261233,1,3000,3000,500,910,410,0.0703333333333,153,alarm_before_true_change,first_alarm=0; detection_delay=-1
changed_at_500,827,0,1.39199202265,4,0.027027027027,0.06,20261233,1,3000,3000,500,910,410,0.0703333333333,153,alarm_before_true_change,first_alarm=0; detection_delay=-1
changed_at_500,828,0,1.35751559312,4,0.027027027027,0.06,20261233,1,3000,3000,500,910,410,0.0703333333333,153,alarm_before_true_change,first_alarm=0; detection_delay=-1
changed_at_500,829,0,1.32303916359,4,0.027027027027,0.06,20261233,1,3000,3000,500,910,410,0.0703333333333,153,alarm_before_true_change,first_alarm=0; detection_delay=-1
changed_at_500,830,0,1.28856273406,4,0.027027027027,0.06,20261233,1,3000,3000,500,910,410,0.0703333333333,153,alarm_before_true_change,first_alarm=0; detection_delay=-1
changed_at_500,831,0,1.25408630453,4,0.027027027027,0.06,20261233,1,3000,3000,500,910,410,0.0703333333333,153,alarm_before_true_change,first_alarm=0; detection_delay=-1
changed_at_500,832,0,1.219609875,4,0.027027027027,0.06,20261233,1,3000,3000,500,910,410,0.0703333333333,153,alarm_before_true_change,first_alarm=0; detection_delay=-1
changed_at_500,833,0,1.18513344547,4,0.027027027027,0.06,20261233,1,3000,3000,500,910,410,0.0703333333333,153,alarm_before_true_change,first_alarm=0; detection_delay=-1
changed_at_500,834,1,1.98264064135,4,0.027027027027,0.06,20261233,1,3000,3000,500,910,410,0.0703333333333,153,alarm_before_true_change,first_alarm=0; detection_delay=-1
changed_at_500,835,0,1.94816421182,4,0.027027027027,0.06,20261233,1,3000,3000,500,910,410,0.0703333333333,153,alarm_before_true_change,first_alarm=0; detection_delay=-1
changed_at_500,836,0,1.91368778229,4,0.027027027027,0.06,20261233,1,3000,3000,500,910,410,0.0703333333333,153,alarm_before_true_change,first_alarm=0; detection_delay=-1
changed_at_500,837,0,1.87921135276,4,0.027027027027,0.06,20261233,1,3000,3000,500,910,410,0.0703333333333,153,alarm_before_true_change,first_alarm=0; detection_delay=-1
changed_at_500,838,0,1.84473492323,4,0.027027027027,0.06,20261233,1,3000,3000,500,910,410,0.0703333333333,153,alarm_before_true_change,first_alarm=0; detection_delay=-1
changed_at_500,839,0,1.8102584937,4,0.027027027027,0.06,20261233,1,3000,3000,500,910,410,0.0703333333333,153,alarm_before_true_change,first_alarm=0; detection_delay=-1
changed_at_500,840,0,1.77578206417,4,0.027027027027,0.06,20261233,1,3000,3000,500,910,410,0.0703333333333,153,alarm_before_true_change,first_alarm=0; detection_delay=-1
changed_at_500,841,0,1.74130563464,4,0.027027027027,0.06,20261233,1,3000,3000,500,910,410,0.0703333333333,153,alarm_before_true_change,first_alarm=0; detection_delay=-1
changed_at_500,842,0,1.70682920511,4,0.027027027027,0.06,20261233,1,3000,3000,500,910,410,0.0703333333333,153,alarm_before_true_change,first_alarm=0; detection_delay=-1
changed_at_500,843,0,1.67235277558,4,0.027027027027,0.06,20261233,1,3000,3000,500,910,410,0.0703333333333,153,alarm_before_true_change,first_alarm=0; detection_delay=-1
changed_at_500,844,0,1.63787634605,4,0.027027027027,0.06,20261233,1,3000,3000,500,910,410,0.0703333333333,153,alarm_before_true_change,first_alarm=0; detection_delay=-1
changed_at_500,845,0,1.60339991652,4,0.027027027027,0.06,20261233,1,3000,3000,500,910,410,0.0703333333333,153,alarm_before_true_change,first_alarm=0; detection_delay=-1
changed_at_500,846,0,1.56892348699,4,0.027027027027,0.06,20261233,1,3000,3000,500,910,410,0.0703333333333,153,alarm_before_true_change,first_alarm=0; detection_delay=-1
changed_at_500,847,0,1.53444705746,4,0.027027027027,0.06,20261233,1,3000,3000,500,910,410,0.0703333333333,153,alarm_before_true_change,first_alarm=0; detection_delay=-1
changed_at_500,848,0,1.49997062793,4,0.027027027027,0.06,20261233,1,3000,3000,500,910,410,0.0703333333333,153,alarm_before_true_change,first_alarm=0; detection_delay=-1
changed_at_500,849,0,1.4654941984,4,0.027027027027,0.06,20261233,1,3000,3000,500,910,410,0.0703333333333,153,alarm_before_true_change,first_alarm=0; detection_delay=-1
changed_at_500,850,0,1.43101776887,4,0.027027027027,0.06,20261233,1,3000,3000,500,910,410,0.0703333333333,153,alarm_before_true_change,first_alarm=0; detection_delay=-1
changed_at_500,851,0,1.39654133934,4,0.027027027027,0.06,20261233,1,3000,3000,500,910,410,0.0703333333333,153,alarm_before_true_change,first_alarm=0; detection_delay=-1
changed_at_500,852,0,1.36206490981,4,0.027027027027,0.06,20261233,1,3000,3000,500,910,410,0.0703333333333,153,alarm_before_true_change,first_alarm=0; detection_delay=-1
changed_at_500,853,0,1.32758848028,4,0.027027027027,0.06,20261233,1,3000,3000,500,910,410,0.0703333333333,153,alarm_before_true_change,first_alarm=0; detection_delay=-1
changed_at_500,854,0,1.29311205075,4,0.027027027027,0.06,20261233,1,3000,3000,500,910,410,0.0703333333333,153,alarm_before_true_change,first_alarm=0; detection_delay=-1
changed_at_500,855,0,1.25863562122,4,0.027027027027,0.06,20261233,1,3000,3000,500,910,410,0.0703333333333,153,alarm_before_true_change,first_alarm=0; detection_delay=-1
changed_at_500,856,0,1.22415919169,4,0.027027027027,0.06,20261233,1,3000,3000,500,910,410,0.0703333333333,153,alarm_before_true_change,first_alarm=0; detection_delay=-1
changed_at_500,857,0,1.18968276216,4,0.027027027027,0.06,20261233,1,3000,3000,500,910,410,0.0703333333333,153,alarm_before_true_change,first_alarm=0; detection_delay=-1
changed_at_500,858,0,1.15520633263,4,0.027027027027,0.06,20261233,1,3000,3000,500,910,410,0.0703333333333,153,alarm_before_true_change,first_alarm=0; detection_delay=-1
changed_at_500,859,0,1.1207299031,4,0.027027027027,0.06,20261233,1,3000,3000,500,910,410,0.0703333333333,153,alarm_before_true_change,first_alarm=0; detection_delay=-1
changed_at_500,860,0,1.08625347357,4,0.027027027027,0.06,20261233,1,3000,3000,500,910,410,0.0703333333333,153,alarm_before_true_change,first_alarm=0; detection_delay=-1
changed_at_500,861,0,1.05177704404,4,0.027027027027,0.06,20261233,1,3000,3000,500,910,410,0.0703333333333,153,alarm_before_true_change,first_alarm=0; detection_delay=-1
changed_at_500,862,0,1.01730061451,4,0.027027027027,0.06,20261233,1,3000,3000,500,910,410,0.0703333333333,153,alarm_before_true_change,first_alarm=0; detection_delay=-1
changed_at_500,863,0,0.982824184981,4,0.027027027027,0.06,20261233,1,3000,3000,500,910,410,0.0703333333333,153,alarm_before_true_change,first_alarm=0; detection_delay=-1
changed_at_500,864,0,0.948347755451,4,0.027027027027,0.06,20261233,1,3000,3000,500,910,410,0.0703333333333,153,alarm_before_true_change,first_alarm=0; detection_delay=-1
changed_at_500,865,1,1.74585495133,4,0.027027027027,0.06,20261233,1,3000,3000,500,910,410,0.0703333333333,153,alarm_before_true_change,first_alarm=0; detection_delay=-1
changed_at_500,866,1,2.54336214722,4,0.027027027027,0.06,20261233,1,3000,3000,500,910,410,0.0703333333333,153,alarm_before_true_change,first_alarm=0; detection_delay=-1
changed_at_500,867,0,2.50888571769,4,0.027027027027,0.06,20261233,1,3000,3000,500,910,410,0.0703333333333,153,alarm_before_true_change,first_alarm=0; detection_delay=-1
changed_at_500,868,0,2.47440928816,4,0.027027027027,0.06,20261233,1,3000,3000,500,910,410,0.0703333333333,153,alarm_before_true_change,first_alarm=0; detection_delay=-1
changed_at_500,869,0,2.43993285863,4,0.027027027027,0.06,20261233,1,3000,3000,500,910,410,0.0703333333333,153,alarm_before_true_change,first_alarm=0; detection_delay=-1
changed_at_500,870,0,2.4054564291,4,0.027027027027,0.06,20261233,1,3000,3000,500,910,410,0.0703333333333,153,alarm_before_true_change,first_alarm=0; detection_delay=-1
changed_at_500,871,1,3.20296362498,4,0.027027027027,0.06,20261233,1,3000,3000,500,910,410,0.0703333333333,153,alarm_before_true_change,first_alarm=0; detection_delay=-1
changed_at_500,872,0,3.16848719545,4,0.027027027027,0.06,20261233,1,3000,3000,500,910,410,0.0703333333333,153,alarm_before_true_change,first_alarm=0; detection_delay=-1
changed_at_500,873,0,3.13401076592,4,0.027027027027,0.06,20261233,1,3000,3000,500,910,410,0.0703333333333,153,alarm_before_true_change,first_alarm=0; detection_delay=-1
changed_at_500,874,0,3.09953433639,4,0.027027027027,0.06,20261233,1,3000,3000,500,910,410,0.0703333333333,153,alarm_before_true_change,first_alarm=0; detection_delay=-1
changed_at_500,875,0,3.06505790686,4,0.027027027027,0.06,20261233,1,3000,3000,500,910,410,0.0703333333333,153,alarm_before_true_change,first_alarm=0; detection_delay=-1
changed_at_500,876,0,3.03058147733,4,0.027027027027,0.06,20261233,1,3000,3000,500,910,410,0.0703333333333,153,alarm_before_true_change,first_alarm=0; detection_delay=-1
changed_at_500,877,0,2.9961050478,4,0.027027027027,0.06,20261233,1,3000,3000,500,910,410,0.0703333333333,153,alarm_before_true_change,first_alarm=0; detection_delay=-1
changed_at_500,878,0,2.96162861827,4,0.027027027027,0.06,20261233,1,3000,3000,500,910,410,0.0703333333333,153,alarm_before_true_change,first_alarm=0; detection_delay=-1
changed_at_500,879,0,2.92715218874,4,0.027027027027,0.06,20261233,1,3000,3000,500,910,410,0.0703333333333,153,alarm_before_true_change,first_alarm=0; detection_delay=-1
changed_at_500,880,0,2.89267575921,4,0.027027027027,0.06,20261233,1,3000,3000,500,910,410,0.0703333333333,153,alarm_before_true_change,first_alarm=0; detection_delay=-1
changed_at_500,881,0,2.85819932968,4,0.027027027027,0.06,20261233,1,3000,3000,500,910,410,0.0703333333333,153,alarm_before_true_change,first_alarm=0; detection_delay=-1
changed_at_500,882,0,2.82372290015,4,0.027027027027,0.06,20261233,1,3000,3000,500,910,410,0.0703333333333,153,alarm_before_true_change,first_alarm=0; detection_delay=-1
changed_at_500,883,0,2.78924647062,4,0.027027027027,0.06,20261233,1,3000,3000,500,910,410,0.0703333333333,153,alarm_before_true_change,first_alarm=0; detection_delay=-1
changed_at_500,884,0,2.75477004109,4,0.027027027027,0.06,20261233,1,3000,3000,500,910,410,0.0703333333333,153,alarm_before_true_change,first_alarm=0; detection_delay=-1
changed_at_500,885,1,3.55227723698,4,0.027027027027,0.06,20261233,1,3000,3000,500,910,410,0.0703333333333,153,alarm_before_true_change,first_alarm=0; detection_delay=-1
changed_at_500,886,0,3.51780080745,4,0.027027027027,0.06,20261233,1,3000,3000,500,910,410,0.0703333333333,153,alarm_before_true_change,first_alarm=0; detection_delay=-1
changed_at_500,887,0,3.48332437792,4,0.027027027027,0.06,20261233,1,3000,3000,500,910,410,0.0703333333333,153,alarm_before_true_change,first_alarm=0; detection_delay=-1
changed_at_500,888,0,3.44884794839,4,0.027027027027,0.06,20261233,1,3000,3000,500,910,410,0.0703333333333,153,alarm_before_true_change,first_alarm=0; detection_delay=-1
changed_at_500,889,0,3.41437151886,4,0.027027027027,0.06,20261233,1,3000,3000,500,910,410,0.0703333333333,153,alarm_before_true_change,first_alarm=0; detection_delay=-1
changed_at_500,890,0,3.37989508933,4,0.027027027027,0.06,20261233,1,3000,3000,500,910,410,0.0703333333333,153,alarm_before_true_change,first_alarm=0; detection_delay=-1
changed_at_500,891,0,3.3454186598,4,0.027027027027,0.06,20261233,1,3000,3000,500,910,410,0.0703333333333,153,alarm_before_true_change,first_alarm=0; detection_delay=-1
changed_at_500,892,0,3.31094223027,4,0.027027027027,0.06,20261233,1,3000,3000,500,910,410,0.0703333333333,153,alarm_before_true_change,first_alarm=0; detection_delay=-1
changed_at_500,893,0,3.27646580074,4,0.027027027027,0.06,20261233,1,3000,3000,500,910,410,0.0703333333333,153,alarm_before_true_change,first_alarm=0; detection_delay=-1
changed_at_500,894,0,3.24198937121,4,0.027027027027,0.06,20261233,1,3000,3000,500,910,410,0.0703333333333,153,alarm_before_true_change,first_alarm=0; detection_delay=-1
changed_at_500,895,0,3.20751294168,4,0.027027027027,0.06,20261233,1,3000,3000,500,910,410,0.0703333333333,153,alarm_before_true_change,first_alarm=0; detection_delay=-1
changed_at_500,896,0,3.17303651215,4,0.027027027027,0.06,20261233,1,3000,3000,500,910,410,0.0703333333333,153,alarm_before_true_change,first_alarm=0; detection_delay=-1
changed_at_500,897,0,3.13856008262,4,0.027027027027,0.06,20261233,1,3000,3000,500,910,410,0.0703333333333,153,alarm_before_true_change,first_alarm=0; detection_delay=-1
changed_at_500,898,1,3.9360672785,4,0.027027027027,0.06,20261233,1,3000,3000,500,910,410,0.0703333333333,153,alarm_before_true_change,first_alarm=0; detection_delay=-1
changed_at_500,899,0,3.90159084897,4,0.027027027027,0.06,20261233,1,3000,3000,500,910,410,0.0703333333333,153,alarm_before_true_change,first_alarm=0; detection_delay=-1
changed_at_500,900,0,3.86711441944,4,0.027027027027,0.06,20261233,1,3000,3000,500,910,410,0.0703333333333,153,alarm_before_true_change,first_alarm=0; detection_delay=-1
changed_at_500,901,0,3.83263798991,4,0.027027027027,0.06,20261233,1,3000,3000,500,910,410,0.0703333333333,153,alarm_before_true_change,first_alarm=0; detection_delay=-1
changed_at_500,902,0,3.79816156038,4,0.027027027027,0.06,20261233,1,3000,3000,500,910,410,0.0703333333333,153,alarm_before_true_change,first_alarm=0; detection_delay=-1
changed_at_500,903,0,3.76368513085,4,0.027027027027,0.06,20261233,1,3000,3000,500,910,410,0.0703333333333,153,alarm_before_true_change,first_alarm=0; detection_delay=-1
changed_at_500,904,0,3.72920870132,4,0.027027027027,0.06,20261233,1,3000,3000,500,910,410,0.0703333333333,153,alarm_before_true_change,first_alarm=0; detection_delay=-1
changed_at_500,905,0,3.69473227179,4,0.027027027027,0.06,20261233,1,3000,3000,500,910,410,0.0703333333333,153,alarm_before_true_change,first_alarm=0; detection_delay=-1
changed_at_500,906,0,3.66025584226,4,0.027027027027,0.06,20261233,1,3000,3000,500,910,410,0.0703333333333,153,alarm_before_true_change,first_alarm=0; detection_delay=-1
changed_at_500,907,0,3.62577941273,4,0.027027027027,0.06,20261233,1,3000,3000,500,910,410,0.0703333333333,153,alarm_before_true_change,first_alarm=0; detection_delay=-1
changed_at_500,908,0,3.5913029832,4,0.027027027027,0.06,20261233,1,3000,3000,500,910,410,0.0703333333333,153,alarm_before_true_change,first_alarm=0; detection_delay=-1
changed_at_500,909,0,3.55682655367,4,0.027027027027,0.06,20261233,1,3000,3000,500,910,410,0.0703333333333,153,alarm_before_true_change,first_alarm=0; detection_delay=-1
changed_at_500,910,1,4.35433374956,4,0.027027027027,0.06,20261233,1,3000,3000,500,910,410,0.0703333333333,153,alarm_before_true_change,first_alarm=0; detection_delay=-1
changed_at_500,911,0,4.31985732003,4,0.027027027027,0.06,20261233,1,3000,3000,500,910,410,0.0703333333333,153,alarm_before_true_change,first_alarm=0; detection_delay=-1
changed_at_500,912,1,5.11736451591,4,0.027027027027,0.06,20261233,1,3000,3000,500,910,410,0.0703333333333,153,alarm_before_true_change,first_alarm=0; detection_delay=-1
changed_at_500,913,0,5.08288808638,4,0.027027027027,0.06,20261233,1,3000,3000,500,910,410,0.0703333333333,153,alarm_before_true_change,first_alarm=0; detection_delay=-1
changed_at_500,914,0,5.04841165685,4,0.027027027027,0.06,20261233,1,3000,3000,500,910,410,0.0703333333333,153,alarm_before_true_change,first_alarm=0; detection_delay=-1
changed_at_500,915,0,5.01393522732,4,0.027027027027,0.06,20261233,1,3000,3000,500,910,410,0.0703333333333,153,alarm_before_true_change,first_alarm=0; detection_delay=-1
changed_at_500,916,0,4.97945879779,4,0.027027027027,0.06,20261233,1,3000,3000,500,910,410,0.0703333333333,153,alarm_before_true_change,first_alarm=0; detection_delay=-1
changed_at_500,917,0,4.94498236826,4,0.027027027027,0.06,20261233,1,3000,3000,500,910,410,0.0703333333333,153,alarm_before_true_change,first_alarm=0; detection_delay=-1
changed_at_500,918,0,4.91050593873,4,0.027027027027,0.06,20261233,1,3000,3000,500,910,410,0.0703333333333,153,alarm_before_true_change,first_alarm=0; detection_delay=-1
changed_at_500,919,0,4.8760295092,4,0.027027027027,0.06,20261233,1,3000,3000,500,910,410,0.0703333333333,153,alarm_before_true_change,first_alarm=0; detection_delay=-1
changed_at_500,920,0,4.84155307967,4,0.027027027027,0.06,20261233,1,3000,3000,500,910,410,0.0703333333333,153,alarm_before_true_change,first_alarm=0; detection_delay=-1
changed_at_500,921,0,4.80707665014,4,0.027027027027,0.06,20261233,1,3000,3000,500,910,410,0.0703333333333,153,alarm_before_true_change,first_alarm=0; detection_delay=-1
changed_at_500,922,0,4.77260022061,4,0.027027027027,0.06,20261233,1,3000,3000,500,910,410,0.0703333333333,153,alarm_before_true_change,first_alarm=0; detection_delay=-1
changed_at_500,923,0,4.73812379108,4,0.027027027027,0.06,20261233,1,3000,3000,500,910,410,0.0703333333333,153,alarm_before_true_change,first_alarm=0; detection_delay=-1
changed_at_500,924,0,4.70364736155,4,0.027027027027,0.06,20261233,1,3000,3000,500,910,410,0.0703333333333,153,alarm_before_true_change,first_alarm=0; detection_delay=-1
changed_at_500,925,0,4.66917093202,4,0.027027027027,0.06,20261233,1,3000,3000,500,910,410,0.0703333333333,153,alarm_before_true_change,first_alarm=0; detection_delay=-1
changed_at_500,926,0,4.63469450249,4,0.027027027027,0.06,20261233,1,3000,3000,500,910,410,0.0703333333333,153,alarm_before_true_change,first_alarm=0; detection_delay=-1
changed_at_500,927,0,4.60021807296,4,0.027027027027,0.06,20261233,1,3000,3000,500,910,410,0.0703333333333,153,alarm_before_true_change,first_alarm=0; detection_delay=-1
changed_at_500,928,0,4.56574164343,4,0.027027027027,0.06,20261233,1,3000,3000,500,910,410,0.0703333333333,153,alarm_before_true_change,first_alarm=0; detection_delay=-1
changed_at_500,929,0,4.5312652139,4,0.027027027027,0.06,20261233,1,3000,3000,500,910,410,0.0703333333333,153,alarm_before_true_change,first_alarm=0; detection_delay=-1
changed_at_500,930,0,4.49678878437,4,0.027027027027,0.06,20261233,1,3000,3000,500,910,410,0.0703333333333,153,alarm_before_true_change,first_alarm=0; detection_delay=-1
changed_at_500,931,0,4.46231235484,4,0.027027027027,0.06,20261233,1,3000,3000,500,910,410,0.0703333333333,153,alarm_before_true_change,first_alarm=0; detection_delay=-1
changed_at_500,932,0,4.42783592531,4,0.027027027027,0.06,20261233,1,3000,3000,500,910,410,0.0703333333333,153,alarm_before_true_change,first_alarm=0; detection_delay=-1
changed_at_500,933,0,4.39335949578,4,0.027027027027,0.06,20261233,1,3000,3000,500,910,410,0.0703333333333,153,alarm_before_true_change,first_alarm=0; detection_delay=-1
changed_at_500,934,0,4.35888306625,4,0.027027027027,0.06,20261233,1,3000,3000,500,910,410,0.0703333333333,153,alarm_before_true_change,first_alarm=0; detection_delay=-1
changed_at_500,935,0,4.32440663672,4,0.027027027027,0.06,20261233,1,3000,3000,500,910,410,0.0703333333333,153,alarm_before_true_change,first_alarm=0; detection_delay=-1
changed_at_500,936,0,4.28993020719,4,0.027027027027,0.06,20261233,1,3000,3000,500,910,410,0.0703333333333,153,alarm_before_true_change,first_alarm=0; detection_delay=-1
changed_at_500,937,0,4.25545377766,4,0.027027027027,0.06,20261233,1,3000,3000,500,910,410,0.0703333333333,153,alarm_before_true_change,first_alarm=0; detection_delay=-1
changed_at_500,938,0,4.22097734813,4,0.027027027027,0.06,20261233,1,3000,3000,500,910,410,0.0703333333333,153,alarm_before_true_change,first_alarm=0; detection_delay=-1
changed_at_500,939,1,5.01848454402,4,0.027027027027,0.06,20261233,1,3000,3000,500,910,410,0.0703333333333,153,alarm_before_true_change,first_alarm=0; detection_delay=-1
changed_at_500,940,0,4.98400811449,4,0.027027027027,0.06,20261233,1,3000,3000,500,910,410,0.0703333333333,153,alarm_before_true_change,first_alarm=0; detection_delay=-1
changed_at_500,941,0,4.94953168496,4,0.027027027027,0.06,20261233,1,3000,3000,500,910,410,0.0703333333333,153,alarm_before_true_change,first_alarm=0; detection_delay=-1
changed_at_500,942,0,4.91505525543,4,0.027027027027,0.06,20261233,1,3000,3000,500,910,410,0.0703333333333,153,alarm_before_true_change,first_alarm=0; detection_delay=-1
changed_at_500,943,0,4.8805788259,4,0.027027027027,0.06,20261233,1,3000,3000,500,910,410,0.0703333333333,153,alarm_before_true_change,first_alarm=0; detection_delay=-1
changed_at_500,944,0,4.84610239637,4,0.027027027027,0.06,20261233,1,3000,3000,500,910,410,0.0703333333333,153,alarm_before_true_change,first_alarm=0; detection_delay=-1
changed_at_500,945,0,4.81162596684,4,0.027027027027,0.06,20261233,1,3000,3000,500,910,410,0.0703333333333,153,alarm_before_true_change,first_alarm=0; detection_delay=-1
changed_at_500,946,0,4.77714953731,4,0.027027027027,0.06,20261233,1,3000,3000,500,910,410,0.0703333333333,153,alarm_before_true_change,first_alarm=0; detection_delay=-1
changed_at_500,947,0,4.74267310778,4,0.027027027027,0.06,20261233,1,3000,3000,500,910,410,0.0703333333333,153,alarm_before_true_change,first_alarm=0; detection_delay=-1
changed_at_500,948,0,4.70819667825,4,0.027027027027,0.06,20261233,1,3000,3000,500,910,410,0.0703333333333,153,alarm_before_true_change,first_alarm=0; detection_delay=-1
changed_at_500,949,0,4.67372024872,4,0.027027027027,0.06,20261233,1,3000,3000,500,910,410,0.0703333333333,153,alarm_before_true_change,first_alarm=0; detection_delay=-1
changed_at_500,950,0,4.63924381919,4,0.027027027027,0.06,20261233,1,3000,3000,500,910,410,0.0703333333333,153,alarm_before_true_change,first_alarm=0; detection_delay=-1
changed_at_500,951,0,4.60476738966,4,0.027027027027,0.06,20261233,1,3000,3000,500,910,410,0.0703333333333,153,alarm_before_true_change,first_alarm=0; detection_delay=-1
changed_at_500,952,0,4.57029096013,4,0.027027027027,0.06,20261233,1,3000,3000,500,910,410,0.0703333333333,153,alarm_before_true_change,first_alarm=0; detection_delay=-1
changed_at_500,953,0,4.5358145306,4,0.027027027027,0.06,20261233,1,3000,3000,500,910,410,0.0703333333333,153,alarm_before_true_change,first_alarm=0; detection_delay=-1
changed_at_500,954,0,4.50133810107,4,0.027027027027,0.06,20261233,1,3000,3000,500,910,410,0.0703333333333,153,alarm_before_true_change,first_alarm=0; detection_delay=-1
changed_at_500,955,0,4.46686167154,4,0.027027027027,0.06,20261233,1,3000,3000,500,910,410,0.0703333333333,153,alarm_before_true_change,first_alarm=0; detection_delay=-1
changed_at_500,956,0,4.43238524201,4,0.027027027027,0.06,20261233,1,3000,3000,500,910,410,0.0703333333333,153,alarm_before_true_change,first_alarm=0; detection_delay=-1
changed_at_500,957,0,4.39790881248,4,0.027027027027,0.06,20261233,1,3000,3000,500,910,410,0.0703333333333,153,alarm_before_true_change,first_alarm=0; detection_delay=-1
changed_at_500,958,0,4.36343238295,4,0.027027027027,0.06,20261233,1,3000,3000,500,910,410,0.0703333333333,153,alarm_before_true_change,first_alarm=0; detection_delay=-1
changed_at_500,959,0,4.32895595342,4,0.027027027027,0.06,20261233,1,3000,3000,500,910,410,0.0703333333333,153,alarm_before_true_change,first_alarm=0; detection_delay=-1
changed_at_500,960,0,4.29447952389,4,0.027027027027,0.06,20261233,1,3000,3000,500,910,410,0.0703333333333,153,alarm_before_true_change,first_alarm=0; detection_delay=-1
changed_at_500,961,1,5.09198671977,4,0.027027027027,0.06,20261233,1,3000,3000,500,910,410,0.0703333333333,153,alarm_before_true_change,first_alarm=0; detection_delay=-1
changed_at_500,962,0,5.05751029024,4,0.027027027027,0.06,20261233,1,3000,3000,500,910,410,0.0703333333333,153,alarm_before_true_change,first_alarm=0; detection_delay=-1
changed_at_500,963,0,5.02303386071,4,0.027027027027,0.06,20261233,1,3000,3000,500,910,410,0.0703333333333,153,alarm_before_true_change,first_alarm=0; detection_delay=-1
changed_at_500,964,0,4.98855743118,4,0.027027027027,0.06,20261233,1,3000,3000,500,910,410,0.0703333333333,153,alarm_before_true_change,first_alarm=0; detection_delay=-1
changed_at_500,965,0,4.95408100165,4,0.027027027027,0.06,20261233,1,3000,3000,500,910,410,0.0703333333333,153,alarm_before_true_change,first_alarm=0; detection_delay=-1
changed_at_500,966,0,4.91960457212,4,0.027027027027,0.06,20261233,1,3000,3000,500,910,410,0.0703333333333,153,alarm_before_true_change,first_alarm=0; detection_delay=-1
changed_at_500,967,0,4.88512814259,4,0.027027027027,0.06,20261233,1,3000,3000,500,910,410,0.0703333333333,153,alarm_before_true_change,first_alarm=0; detection_delay=-1
changed_at_500,968,0,4.85065171306,4,0.027027027027,0.06,20261233,1,3000,3000,500,910,410,0.0703333333333,153,alarm_before_true_change,first_alarm=0; detection_delay=-1
changed_at_500,969,0,4.81617528353,4,0.027027027027,0.06,20261233,1,3000,3000,500,910,410,0.0703333333333,153,alarm_before_true_change,first_alarm=0; detection_delay=-1
changed_at_500,970,0,4.781698854,4,0.027027027027,0.06,20261233,1,3000,3000,500,910,410,0.0703333333333,153,alarm_before_true_change,first_alarm=0; detection_delay=-1
changed_at_500,971,0,4.74722242447,4,0.027027027027,0.06,20261233,1,3000,3000,500,910,410,0.0703333333333,153,alarm_before_true_change,first_alarm=0; detection_delay=-1
changed_at_500,972,0,4.71274599494,4,0.027027027027,0.06,20261233,1,3000,3000,500,910,410,0.0703333333333,153,alarm_before_true_change,first_alarm=0; detection_delay=-1
changed_at_500,973,0,4.67826956541,4,0.027027027027,0.06,20261233,1,3000,3000,500,910,410,0.0703333333333,153,alarm_before_true_change,first_alarm=0; detection_delay=-1
changed_at_500,974,1,5.4757767613,4,0.027027027027,0.06,20261233,1,3000,3000,500,910,410,0.0703333333333,153,alarm_before_true_change,first_alarm=0; detection_delay=-1
changed_at_500,975,0,5.44130033177,4,0.027027027027,0.06,20261233,1,3000,3000,500,910,410,0.0703333333333,153,alarm_before_true_change,first_alarm=0; detection_delay=-1
changed_at_500,976,0,5.40682390224,4,0.027027027027,0.06,20261233,1,3000,3000,500,910,410,0.0703333333333,153,alarm_before_true_change,first_alarm=0; detection_delay=-1
changed_at_500,977,0,5.37234747271,4,0.027027027027,0.06,20261233,1,3000,3000,500,910,410,0.0703333333333,153,alarm_before_true_change,first_alarm=0; detection_delay=-1
changed_at_500,978,0,5.33787104318,4,0.027027027027,0.06,20261233,1,3000,3000,500,910,410,0.0703333333333,153,alarm_before_true_change,first_alarm=0; detection_delay=-1
changed_at_500,979,0,5.30339461365,4,0.027027027027,0.06,20261233,1,3000,3000,500,910,410,0.0703333333333,153,alarm_before_true_change,first_alarm=0; detection_delay=-1
changed_at_500,980,0,5.26891818412,4,0.027027027027,0.06,20261233,1,3000,3000,500,910,410,0.0703333333333,153,alarm_before_true_change,first_alarm=0; detection_delay=-1
changed_at_500,981,0,5.23444175459,4,0.027027027027,0.06,20261233,1,3000,3000,500,910,410,0.0703333333333,153,alarm_before_true_change,first_alarm=0; detection_delay=-1
changed_at_500,982,0,5.19996532506,4,0.027027027027,0.06,20261233,1,3000,3000,500,910,410,0.0703333333333,153,alarm_before_true_change,first_alarm=0; detection_delay=-1
changed_at_500,983,0,5.16548889553,4,0.027027027027,0.06,20261233,1,3000,3000,500,910,410,0.0703333333333,153,alarm_before_true_change,first_alarm=0; detection_delay=-1
changed_at_500,984,0,5.131012466,4,0.027027027027,0.06,20261233,1,3000,3000,500,910,410,0.0703333333333,153,alarm_before_true_change,first_alarm=0; detection_delay=-1
changed_at_500,985,0,5.09653603647,4,0.027027027027,0.06,20261233,1,3000,3000,500,910,410,0.0703333333333,153,alarm_before_true_change,first_alarm=0; detection_delay=-1
changed_at_500,986,0,5.06205960694,4,0.027027027027,0.06,20261233,1,3000,3000,500,910,410,0.0703333333333,153,alarm_before_true_change,first_alarm=0; detection_delay=-1
changed_at_500,987,0,5.02758317741,4,0.027027027027,0.06,20261233,1,3000,3000,500,910,410,0.0703333333333,153,alarm_before_true_change,first_alarm=0; detection_delay=-1
changed_at_500,988,0,4.99310674788,4,0.027027027027,0.06,20261233,1,3000,3000,500,910,410,0.0703333333333,153,alarm_before_true_change,first_alarm=0; detection_delay=-1
changed_at_500,989,0,4.95863031835,4,0.027027027027,0.06,20261233,1,3000,3000,500,910,410,0.0703333333333,153,alarm_before_true_change,first_alarm=0; detection_delay=-1
changed_at_500,990,0,4.92415388882,4,0.027027027027,0.06,20261233,1,3000,3000,500,910,410,0.0703333333333,153,alarm_before_true_change,first_alarm=0; detection_delay=-1
changed_at_500,991,0,4.88967745929,4,0.027027027027,0.06,20261233,1,3000,3000,500,910,410,0.0703333333333,153,alarm_before_true_change,first_alarm=0; detection_delay=-1
changed_at_500,992,0,4.85520102976,4,0.027027027027,0.06,20261233,1,3000,3000,500,910,410,0.0703333333333,153,alarm_before_true_change,first_alarm=0; detection_delay=-1
changed_at_500,993,1,5.65270822564,4,0.027027027027,0.06,20261233,1,3000,3000,500,910,410,0.0703333333333,153,alarm_before_true_change,first_alarm=0; detection_delay=-1
changed_at_500,994,0,5.61823179611,4,0.027027027027,0.06,20261233,1,3000,3000,500,910,410,0.0703333333333,153,alarm_before_true_change,first_alarm=0; detection_delay=-1
changed_at_500,995,0,5.58375536658,4,0.027027027027,0.06,20261233,1,3000,3000,500,910,410,0.0703333333333,153,alarm_before_true_change,first_alarm=0; detection_delay=-1
changed_at_500,996,0,5.54927893705,4,0.027027027027,0.06,20261233,1,3000,3000,500,910,410,0.0703333333333,153,alarm_before_true_change,first_alarm=0; detection_delay=-1
changed_at_500,997,0,5.51480250752,4,0.027027027027,0.06,20261233,1,3000,3000,500,910,410,0.0703333333333,153,alarm_before_true_change,first_alarm=0; detection_delay=-1
changed_at_500,998,0,5.48032607799,4,0.027027027027,0.06,20261233,1,3000,3000,500,910,410,0.0703333333333,153,alarm_before_true_change,first_alarm=0; detection_delay=-1
changed_at_500,999,0,5.44584964846,4,0.027027027027,0.06,20261233,1,3000,3000,500,910,410,0.0703333333333,153,alarm_before_true_change,first_alarm=0; detection_delay=-1
changed_at_500,1000,0,5.41137321893,4,0.027027027027,0.06,20261233,1,3000,3000,500,910,410,0.0703333333333,153,alarm_before_true_change,first_alarm=0; detection_delay=-1
