scenario,spin,target_hit,cumulative_hits,log_likelihood_ratio,e_value,e_value_threshold,first_crossing,fixed_horizon_p_value,null_probability,alternative_probability,alpha,seed,spins,evidence_contract
fair_null,1,0,0,-0.03447642953,0.966111111111,20,0,1,0.027027027027,0.06,0.05,20261212,1000,simple_null_vs_simple_alternative
fair_null,2,0,0,-0.0689528590599,0.933370679012,20,0,1,0.027027027027,0.06,0.05,20261212,1000,simple_null_vs_simple_alternative
fair_null,3,0,0,-0.10342928859,0.901739783779,20,0,1,0.027027027027,0.06,0.05,20261212,1000,simple_null_vs_simple_alternative
fair_null,4,0,0,-0.13790571812,0.87118082444,20,0,1,0.027027027027,0.06,0.05,20261212,1000,simple_null_vs_simple_alternative
fair_null,5,0,0,-0.17238214765,0.841657474278,20,0,1,0.027027027027,0.06,0.05,20261212,1000,simple_null_vs_simple_alternative
fair_null,6,0,0,-0.20685857718,0.81313463765,20,0,1,0.027027027027,0.06,0.05,20261212,1000,simple_null_vs_simple_alternative
fair_null,7,0,0,-0.24133500671,0.785578408263,20,0,1,0.027027027027,0.06,0.05,20261212,1000,simple_null_vs_simple_alternative
fair_null,8,0,0,-0.27581143624,0.758956028872,20,0,1,0.027027027027,0.06,0.05,20261212,1000,simple_null_vs_simple_alternative
fair_null,9,0,0,-0.31028786577,0.733235852338,20,0,1,0.027027027027,0.06,0.05,20261212,1000,simple_null_vs_simple_alternative
fair_null,10,0,0,-0.3447642953,0.708387304009,20,0,1,0.027027027027,0.06,0.05,20261212,1000,simple_null_vs_simple_alternative
fair_null,11,0,0,-0.37924072483,0.684380845373,20,0,1,0.027027027027,0.06,0.05,20261212,1000,simple_null_vs_simple_alternative
fair_null,12,0,0,-0.41371715436,0.661187938946,20,0,1,0.027027027027,0.06,0.05,20261212,1000,simple_null_vs_simple_alternative
fair_null,13,0,0,-0.44819358389,0.638781014349,20,0,1,0.027027027027,0.06,0.05,20261212,1000,simple_null_vs_simple_alternative
fair_null,14,0,0,-0.48267001342,0.617133435529,20,0,1,0.027027027027,0.06,0.05,20261212,1000,simple_null_vs_simple_alternative
fair_null,15,0,0,-0.51714644295,0.596219469103,20,0,1,0.027027027027,0.06,0.05,20261212,1000,simple_null_vs_simple_alternative
fair_null,16,0,0,-0.55162287248,0.576014253761,20,0,1,0.027027027027,0.06,0.05,20261212,1000,simple_null_vs_simple_alternative
fair_null,17,0,0,-0.58609930201,0.556493770717,20,0,1,0.027027027027,0.06,0.05,20261212,1000,simple_null_vs_simple_alternative
fair_null,18,0,0,-0.62057573154,0.537634815154,20,0,1,0.027027027027,0.06,0.05,20261212,1000,simple_null_vs_simple_alternative
fair_null,19,0,0,-0.655052161069,0.51941496864,20,0,1,0.027027027027,0.06,0.05,20261212,1000,simple_null_vs_simple_alternative
fair_null,20,0,0,-0.689528590599,0.501812572481,20,0,1,0.027027027027,0.06,0.05,20261212,1000,simple_null_vs_simple_alternative
fair_null,21,0,0,-0.724005020129,0.484806701969,20,0,1,0.027027027027,0.06,0.05,20261212,1000,simple_null_vs_simple_alternative
fair_null,22,0,0,-0.758481449659,0.468377141513,20,0,1,0.027027027027,0.06,0.05,20261212,1000,simple_null_vs_simple_alternative
fair_null,23,0,0,-0.792957879189,0.452504360606,20,0,1,0.027027027027,0.06,0.05,20261212,1000,simple_null_vs_simple_alternative
fair_null,24,0,0,-0.827434308719,0.437169490608,20,0,1,0.027027027027,0.06,0.05,20261212,1000,simple_null_vs_simple_alternative
fair_null,25,0,0,-0.861910738249,0.422354302315,20,0,1,0.027027027027,0.06,0.05,20261212,1000,simple_null_vs_simple_alternative
fair_null,26,0,0,-0.896387167779,0.408041184292,20,0,1,0.027027027027,0.06,0.05,20261212,1000,simple_null_vs_simple_alternative
fair_null,27,0,0,-0.930863597309,0.394213121936,20,0,1,0.027027027027,0.06,0.05,20261212,1000,simple_null_vs_simple_alternative
fair_null,28,0,0,-0.965340026839,0.380853677248,20,0,1,0.027027027027,0.06,0.05,20261212,1000,simple_null_vs_simple_alternative
fair_null,29,0,0,-0.999816456369,0.367946969297,20,0,1,0.027027027027,0.06,0.05,20261212,1000,simple_null_vs_simple_alternative
fair_null,30,0,0,-1.0342928859,0.355477655337,20,0,1,0.027027027027,0.06,0.05,20261212,1000,simple_null_vs_simple_alternative
fair_null,31,0,0,-1.06876931543,0.343430912573,20,0,1,0.027027027027,0.06,0.05,20261212,1000,simple_null_vs_simple_alternative
fair_null,32,1,1,-0.271262119545,0.762416625912,20,0,0.583873997526,0.027027027027,0.06,0.05,20261212,1000,simple_null_vs_simple_alternative
fair_null,33,0,1,-0.305738549075,0.73657917359,20,0,0.595120646241,0.027027027027,0.06,0.05,20261212,1000,simple_null_vs_simple_alternative
fair_null,34,0,1,-0.340214978605,0.711617323818,20,0,0.606063331478,0.027027027027,0.06,0.05,20261212,1000,simple_null_vs_simple_alternative
fair_null,35,0,1,-0.374691408135,0.6875014034,20,0,0.616710268465,0.027027027027,0.06,0.05,20261212,1000,simple_null_vs_simple_alternative
fair_null,36,0,1,-0.409167837665,0.664202744729,20,0,0.627069450398,0.027027027027,0.06,0.05,20261212,1000,simple_null_vs_simple_alternative
fair_null,37,0,1,-0.443644267195,0.641693651713,20,0,0.637148654442,0.027027027027,0.06,0.05,20261212,1000,simple_null_vs_simple_alternative
fair_null,38,0,1,-0.478120696725,0.619947366849,20,0,0.646955447565,0.027027027027,0.06,0.05,20261212,1000,simple_null_vs_simple_alternative
fair_null,39,0,1,-0.512597126255,0.598938039417,20,0,0.656497192225,0.027027027027,0.06,0.05,20261212,1000,simple_null_vs_simple_alternative
fair_null,40,0,1,-0.547073555785,0.578640694748,20,0,0.665781051895,0.027027027027,0.06,0.05,20261212,1000,simple_null_vs_simple_alternative
fair_null,41,0,1,-0.581549985315,0.559031204537,20,0,0.674813996438,0.027027027027,0.06,0.05,20261212,1000,simple_null_vs_simple_alternative
fair_null,42,0,1,-0.616026414845,0.540086258161,20,0,0.683602807345,0.027027027027,0.06,0.05,20261212,1000,simple_null_vs_simple_alternative
fair_null,43,0,1,-0.650502844375,0.521783334968,20,0,0.692154082822,0.027027027027,0.06,0.05,20261212,1000,simple_null_vs_simple_alternative
fair_null,44,0,1,-0.684979273905,0.504100677505,20,0,0.700474242746,0.027027027027,0.06,0.05,20261212,1000,simple_null_vs_simple_alternative
fair_null,45,0,1,-0.719455703435,0.487017265656,20,0,0.708569533483,0.027027027027,0.06,0.05,20261212,1000,simple_null_vs_simple_alternative
fair_null,46,0,1,-0.753932132965,0.470512791654,20,0,0.716446032578,0.027027027027,0.06,0.05,20261212,1000,simple_null_vs_simple_alternative
fair_null,47,0,1,-0.788408562495,0.454567635937,20,0,0.724109653319,0.027027027027,0.06,0.05,20261212,1000,simple_null_vs_simple_alternative
fair_null,48,0,1,-0.822884992025,0.43916284383,20,0,0.731566149175,0.027027027027,0.06,0.05,20261212,1000,simple_null_vs_simple_alternative
fair_null,49,0,1,-0.857361421555,0.424280103011,20,0,0.738821118116,0.027027027027,0.06,0.05,20261212,1000,simple_null_vs_simple_alternative
fair_null,50,0,1,-0.891837851084,0.409901721742,20,0,0.745880006816,0.027027027027,0.06,0.05,20261212,1000,simple_null_vs_simple_alternative
fair_null,51,0,1,-0.926314280614,0.396010607839,20,0,0.75274811474,0.027027027027,0.06,0.05,20261212,1000,simple_null_vs_simple_alternative
fair_null,52,0,1,-0.960790710144,0.382590248351,20,0,0.759430598125,0.027027027027,0.06,0.05,20261212,1000,simple_null_vs_simple_alternative
fair_null,53,0,1,-0.995267139674,0.369624689935,20,0,0.765932473852,0.027027027027,0.06,0.05,20261212,1000,simple_null_vs_simple_alternative
fair_null,54,0,1,-1.0297435692,0.357098519887,20,0,0.772258623207,0.027027027027,0.06,0.05,20261212,1000,simple_null_vs_simple_alternative
fair_null,55,0,1,-1.06421999873,0.344996847824,20,0,0.778413795553,0.027027027027,0.06,0.05,20261212,1000,simple_null_vs_simple_alternative
fair_null,56,0,1,-1.09869642826,0.333305287981,20,0,0.784402611889,0.027027027027,0.06,0.05,20261212,1000,simple_null_vs_simple_alternative
fair_null,57,0,1,-1.13317285779,0.322009942111,20,0,0.790229568325,0.027027027027,0.06,0.05,20261212,1000,simple_null_vs_simple_alternative
fair_null,58,0,1,-1.16764928732,0.311097382961,20,0,0.795899039451,0.027027027027,0.06,0.05,20261212,1000,simple_null_vs_simple_alternative
fair_null,59,0,1,-1.20212571685,0.300554638317,20,0,0.801415281628,0.027027027027,0.06,0.05,20261212,1000,simple_null_vs_simple_alternative
fair_null,60,0,1,-1.23660214638,0.290369175574,20,0,0.806782436179,0.027027027027,0.06,0.05,20261212,1000,simple_null_vs_simple_alternative
fair_null,61,0,1,-1.27107857591,0.280528886846,20,0,0.812004532498,0.027027027027,0.06,0.05,20261212,1000,simple_null_vs_simple_alternative
fair_null,62,0,1,-1.30555500544,0.271022074569,20,0,0.817085491079,0.027027027027,0.06,0.05,20261212,1000,simple_null_vs_simple_alternative
fair_null,63,0,1,-1.34003143497,0.261837437598,20,0,0.822029126455,0.027027027027,0.06,0.05,20261212,1000,simple_null_vs_simple_alternative
fair_null,64,0,1,-1.3745078645,0.252964057768,20,0,0.826839150065,0.027027027027,0.06,0.05,20261212,1000,simple_null_vs_simple_alternative
fair_null,65,0,1,-1.40898429403,0.244391386922,20,0,0.831519173036,0.027027027027,0.06,0.05,20261212,1000,simple_null_vs_simple_alternative
fair_null,66,0,1,-1.44346072356,0.236109234365,20,0,0.8360727089,0.027027027027,0.06,0.05,20261212,1000,simple_null_vs_simple_alternative
fair_null,67,0,1,-1.47793715309,0.228107754756,20,0,0.840503176227,0.027027027027,0.06,0.05,20261212,1000,simple_null_vs_simple_alternative
fair_null,68,0,1,-1.51241358262,0.2203774364,20,0,0.844813901194,0.027027027027,0.06,0.05,20261212,1000,simple_null_vs_simple_alternative
fair_null,69,0,1,-1.54689001215,0.212909089944,20,0,0.84900812008,0.027027027027,0.06,0.05,20261212,1000,simple_null_vs_simple_alternative
fair_null,70,0,1,-1.58136644168,0.205693837452,20,0,0.8530889817,0.027027027027,0.06,0.05,20261212,1000,simple_null_vs_simple_alternative
fair_null,71,0,1,-1.61584287121,0.198723101849,20,0,0.857059549762,0.027027027027,0.06,0.05,20261212,1000,simple_null_vs_simple_alternative
fair_null,72,0,1,-1.65031930074,0.191988596731,20,0,0.860922805174,0.027027027027,0.06,0.05,20261212,1000,simple_null_vs_simple_alternative
fair_null,73,0,1,-1.68479573027,0.185482316509,20,0,0.864681648277,0.027027027027,0.06,0.05,20261212,1000,simple_null_vs_simple_alternative
fair_null,74,0,1,-1.7192721598,0.179196526893,20,0,0.868338901027,0.027027027027,0.06,0.05,20261212,1000,simple_null_vs_simple_alternative
fair_null,75,0,1,-1.75374858933,0.173123755704,20,0,0.871897309107,0.027027027027,0.06,0.05,20261212,1000,simple_null_vs_simple_alternative
fair_null,76,0,1,-1.78822501886,0.167256783983,20,0,0.875359543996,0.027027027027,0.06,0.05,20261212,1000,simple_null_vs_simple_alternative
fair_null,77,0,1,-1.82270144839,0.161588637415,20,0,0.878728204969,0.027027027027,0.06,0.05,20261212,1000,simple_null_vs_simple_alternative
fair_null,78,0,1,-1.85717787792,0.156112578036,20,0,0.882005821051,0.027027027027,0.06,0.05,20261212,1000,simple_null_vs_simple_alternative
fair_null,79,0,1,-1.89165430745,0.150822096225,20,0,0.885194852914,0.027027027027,0.06,0.05,20261212,1000,simple_null_vs_simple_alternative
fair_null,80,0,1,-1.92613073698,0.145710902964,20,0,0.888297694727,0.027027027027,0.06,0.05,20261212,1000,simple_null_vs_simple_alternative
fair_null,81,0,1,-1.96060716651,0.140772922363,20,0,0.891316675951,0.027027027027,0.06,0.05,20261212,1000,simple_null_vs_simple_alternative
fair_null,82,0,1,-1.99508359604,0.136002284439,20,0,0.894254063088,0.027027027027,0.06,0.05,20261212,1000,simple_null_vs_simple_alternative
fair_null,83,0,1,-2.02956002557,0.131393318133,20,0,0.897112061382,0.027027027027,0.06,0.05,20261212,1000,simple_null_vs_simple_alternative
fair_null,84,0,1,-2.0640364551,0.126940544574,20,0,0.89989281648,0.027027027027,0.06,0.05,20261212,1000,simple_null_vs_simple_alternative
fair_null,85,0,1,-2.09851288463,0.122638670563,20,0,0.902598416035,0.027027027027,0.06,0.05,20261212,1000,simple_null_vs_simple_alternative
fair_null,86,0,1,-2.13298931416,0.118482582283,20,0,0.905230891277,0.027027027027,0.06,0.05,20261212,1000,simple_null_vs_simple_alternative
fair_null,87,0,1,-2.16746574369,0.114467339217,20,0,0.90779221854,0.027027027027,0.06,0.05,20261212,1000,simple_null_vs_simple_alternative
fair_null,88,0,1,-2.20194217322,0.110588168277,20,0,0.910284320742,0.027027027027,0.06,0.05,20261212,1000,simple_null_vs_simple_alternative
fair_null,89,0,1,-2.23641860275,0.10684045813,20,0,0.91270906883,0.027027027027,0.06,0.05,20261212,1000,simple_null_vs_simple_alternative
fair_null,90,0,1,-2.27089503228,0.103219753715,20,0,0.915068283186,0.027027027027,0.06,0.05,20261212,1000,simple_null_vs_simple_alternative
fair_null,91,1,2,-1.4733878364,0.229147853248,20,0,0.708477620664,0.027027027027,0.06,0.05,20261212,1000,simple_null_vs_simple_alternative
fair_null,92,0,2,-1.50786426593,0.22138228711,20,0,0.714123191321,0.027027027027,0.06,0.05,20261212,1000,simple_null_vs_simple_alternative
fair_null,93,0,2,-1.54234069546,0.21387988738,20,0,0.71967654149,0.027027027027,0.06,0.05,20261212,1000,simple_null_vs_simple_alternative
fair_null,94,0,2,-1.57681712499,0.206631735641,20,0,0.725138532196,0.027027027027,0.06,0.05,20261212,1000,simple_null_vs_simple_alternative
fair_null,95,0,2,-1.61129355452,0.199629215711,20,0,0.730510045289,0.027027027027,0.06,0.05,20261212,1000,simple_null_vs_simple_alternative
fair_null,96,0,2,-1.64576998405,0.192864003401,20,0,0.735791981682,0.027027027027,0.06,0.05,20261212,1000,simple_null_vs_simple_alternative
fair_null,97,0,2,-1.68024641358,0.186328056619,20,0,0.740985259683,0.027027027027,0.06,0.05,20261212,1000,simple_null_vs_simple_alternative
fair_null,98,0,2,-1.71472284311,0.180013605811,20,0,0.746090813394,0.027027027027,0.06,0.05,20261212,1000,simple_null_vs_simple_alternative
fair_null,99,0,2,-1.74919927264,0.173913144725,20,0,0.751109591185,0.027027027027,0.06,0.05,20261212,1000,simple_null_vs_simple_alternative
fair_null,100,0,2,-1.78367570217,0.168019421487,20,0,0.756042554242,0.027027027027,0.06,0.05,20261212,1000,simple_null_vs_simple_alternative
fair_null,101,0,2,-1.8181521317,0.162325429981,20,0,0.760890675183,0.027027027027,0.06,0.05,20261212,1000,simple_null_vs_simple_alternative
fair_null,102,0,2,-1.85262856123,0.156824401521,20,0,0.765654936735,0.027027027027,0.06,0.05,20261212,1000,simple_null_vs_simple_alternative
fair_null,103,0,2,-1.88710499076,0.151509796803,20,0,0.770336330479,0.027027027027,0.06,0.05,20261212,1000,simple_null_vs_simple_alternative
fair_null,104,0,2,-1.92158142029,0.146375298133,20,0,0.774935855651,0.027027027027,0.06,0.05,20261212,1000,simple_null_vs_simple_alternative
fair_null,105,0,2,-1.95605784982,0.141414801919,20,0,0.779454518008,0.027027027027,0.06,0.05,20261212,1000,simple_null_vs_simple_alternative
fair_null,106,0,2,-1.99053427935,0.136622411409,20,0,0.783893328744,0.027027027027,0.06,0.05,20261212,1000,simple_null_vs_simple_alternative
fair_null,107,0,2,-2.02501070888,0.131992429689,20,0,0.788253303459,0.027027027027,0.06,0.05,20261212,1000,simple_null_vs_simple_alternative
fair_null,108,0,2,-2.05948713841,0.127519352905,20,0,0.792535461186,0.027027027027,0.06,0.05,20261212,1000,simple_null_vs_simple_alternative
fair_null,109,0,2,-2.09396356794,0.123197863724,20,0,0.796740823459,0.027027027027,0.06,0.05,20261212,1000,simple_null_vs_simple_alternative
fair_null,110,0,2,-2.12843999747,0.119022825009,20,0,0.800870413439,0.027027027027,0.06,0.05,20261212,1000,simple_null_vs_simple_alternative
fair_null,111,0,2,-2.162916427,0.114989273717,20,0,0.804925255076,0.027027027027,0.06,0.05,20261212,1000,simple_null_vs_simple_alternative
fair_null,112,0,2,-2.19739285653,0.111092414996,20,0,0.808906372319,0.027027027027,0.06,0.05,20261212,1000,simple_null_vs_simple_alternative
fair_null,113,0,2,-2.23186928606,0.107327616488,20,0,0.812814788371,0.027027027027,0.06,0.05,20261212,1000,simple_null_vs_simple_alternative
fair_null,114,0,2,-2.26634571559,0.103690402818,20,0,0.816651524978,0.027027027027,0.06,0.05,20261212,1000,simple_null_vs_simple_alternative
fair_null,115,0,2,-2.30082214512,0.100176450278,20,0,0.820417601762,0.027027027027,0.06,0.05,20261212,1000,simple_null_vs_simple_alternative
fair_null,116,0,2,-2.33529857465,0.0967815816854,20,0,0.82411403559,0.027027027027,0.06,0.05,20261212,1000,simple_null_vs_simple_alternative
fair_null,117,0,2,-2.36977500418,0.0935017614172,20,0,0.827741839977,0.027027027027,0.06,0.05,20261212,1000,simple_null_vs_simple_alternative
fair_null,118,1,3,-1.57226780829,0.207573910346,20,0,0.621251136229,0.027027027027,0.06,0.05,20261212,1000,simple_null_vs_simple_alternative
fair_null,119,0,3,-1.60674423782,0.200539461162,20,0,0.626928187264,0.027027027027,0.06,0.05,20261212,1000,simple_null_vs_simple_alternative
fair_null,120,0,3,-1.64122066735,0.193743401645,20,0,0.632546225295,0.027027027027,0.06,0.05,20261212,1000,simple_null_vs_simple_alternative
fair_null,121,0,3,-1.67569709688,0.187177653034,20,0,0.638105071903,0.027027027027,0.06,0.05,20261212,1000,simple_null_vs_simple_alternative
fair_null,122,0,3,-1.71017352641,0.180834410348,20,0,0.64360458038,0.027027027027,0.06,0.05,20261212,1000,simple_null_vs_simple_alternative
fair_null,123,0,3,-1.74464995594,0.174706133108,20,0,0.649044634712,0.027027027027,0.06,0.05,20261212,1000,simple_null_vs_simple_alternative
fair_null,124,0,3,-1.77912638547,0.168785536375,20,0,0.654425148579,0.027027027027,0.06,0.05,20261212,1000,simple_null_vs_simple_alternative
fair_null,125,0,3,-1.813602815,0.163065582087,20,0,0.659746064374,0.027027027027,0.06,0.05,20261212,1000,simple_null_vs_simple_alternative
fair_null,126,0,3,-1.84807924453,0.157539470694,20,0,0.66500735224,0.027027027027,0.06,0.05,20261212,1000,simple_null_vs_simple_alternative
fair_null,127,0,3,-1.88255567406,0.152200633076,20,0,0.670209009119,0.027027027027,0.06,0.05,20261212,1000,simple_null_vs_simple_alternative
fair_null,128,0,3,-1.91703210359,0.147042722733,20,0,0.675351057822,0.027027027027,0.06,0.05,20261212,1000,simple_null_vs_simple_alternative
fair_null,129,0,3,-1.95150853312,0.14205960824,20,0,0.680433546115,0.027027027027,0.06,0.05,20261212,1000,simple_null_vs_simple_alternative
fair_null,130,0,3,-1.98598496265,0.137245365961,20,0,0.685456545824,0.027027027027,0.06,0.05,20261212,1000,simple_null_vs_simple_alternative
fair_null,131,0,3,-2.02046139218,0.132594273003,20,0,0.690420151956,0.027027027027,0.06,0.05,20261212,1000,simple_null_vs_simple_alternative
fair_null,132,0,3,-2.05493782171,0.128100800418,20,0,0.695324481836,0.027027027027,0.06,0.05,20261212,1000,simple_null_vs_simple_alternative
fair_null,133,0,3,-2.08941425124,0.123759606626,20,0,0.700169674266,0.027027027027,0.06,0.05,20261212,1000,simple_null_vs_simple_alternative
fair_null,134,0,3,-2.12389068077,0.119565531068,20,0,0.704955888699,0.027027027027,0.06,0.05,20261212,1000,simple_null_vs_simple_alternative
fair_null,135,0,3,-2.1583671103,0.115513588071,20,0,0.709683304428,0.027027027027,0.06,0.05,20261212,1000,simple_null_vs_simple_alternative
fair_null,136,0,3,-2.19284353983,0.11159896092,20,0,0.714352119801,0.027027027027,0.06,0.05,20261212,1000,simple_null_vs_simple_alternative
fair_null,137,0,3,-2.22731996936,0.107816996133,20,0,0.718962551439,0.027027027027,0.06,0.05,20261212,1000,simple_null_vs_simple_alternative
fair_null,138,0,3,-2.26179639889,0.104163197931,20,0,0.723514833489,0.027027027027,0.06,0.05,20261212,1000,simple_null_vs_simple_alternative
fair_null,139,0,3,-2.29627282842,0.10063322289,20,0,0.72800921688,0.027027027027,0.06,0.05,20261212,1000,simple_null_vs_simple_alternative
fair_null,140,0,3,-2.33074925795,0.0972228747806,20,0,0.732445968604,0.027027027027,0.06,0.05,20261212,1000,simple_null_vs_simple_alternative
fair_null,141,0,3,-2.36522568748,0.0939280995797,20,0,0.73682537101,0.027027027027,0.06,0.05,20261212,1000,simple_null_vs_simple_alternative
fair_null,142,0,3,-2.39970211701,0.0907449806495,20,0,0.741147721121,0.027027027027,0.06,0.05,20261212,1000,simple_null_vs_simple_alternative
fair_null,143,0,3,-2.43417854654,0.0876697340831,20,0,0.745413329955,0.027027027027,0.06,0.05,20261212,1000,simple_null_vs_simple_alternative
fair_null,144,0,3,-2.46865497607,0.0846987042058,20,0,0.749622521882,0.027027027027,0.06,0.05,20261212,1000,simple_null_vs_simple_alternative
fair_null,145,0,3,-2.5031314056,0.08182835923,20,0,0.753775633977,0.027027027027,0.06,0.05,20261212,1000,simple_null_vs_simple_alternative
fair_null,146,0,3,-2.53760783513,0.0790552870561,20,0,0.757873015405,0.027027027027,0.06,0.05,20261212,1000,simple_null_vs_simple_alternative
fair_null,147,0,3,-2.57208426466,0.0763761912169,20,0,0.761915026814,0.027027027027,0.06,0.05,20261212,1000,simple_null_vs_simple_alternative
fair_null,148,0,3,-2.60656069419,0.073787886959,20,0,0.765902039745,0.027027027027,0.06,0.05,20261212,1000,simple_null_vs_simple_alternative
fair_null,149,0,3,-2.64103712372,0.0712872974565,20,0,0.76983443606,0.027027027027,0.06,0.05,20261212,1000,simple_null_vs_simple_alternative
fair_null,150,0,3,-2.67551355325,0.0688714501538,20,0,0.773712607385,0.027027027027,0.06,0.05,20261212,1000,simple_null_vs_simple_alternative
fair_null,151,0,3,-2.70998998278,0.066537473232,20,0,0.777536954565,0.027027027027,0.06,0.05,20261212,1000,simple_null_vs_simple_alternative
fair_null,152,0,3,-2.74446641231,0.0642825921947,20,0,0.781307887137,0.027027027027,0.06,0.05,20261212,1000,simple_null_vs_simple_alternative
fair_null,153,0,3,-2.77894284184,0.0621041265703,20,0,0.785025822818,0.027027027027,0.06,0.05,20261212,1000,simple_null_vs_simple_alternative
fair_null,154,0,3,-2.81341927137,0.0599994867254,20,0,0.788691187009,0.027027027027,0.06,0.05,20261212,1000,simple_null_vs_simple_alternative
fair_null,155,0,3,-2.8478957009,0.0579661707864,20,0,0.792304412306,0.027027027027,0.06,0.05,20261212,1000,simple_null_vs_simple_alternative
fair_null,156,0,3,-2.88237213043,0.0560017616653,20,0,0.795865938037,0.027027027027,0.06,0.05,20261212,1000,simple_null_vs_simple_alternative
fair_null,157,0,3,-2.91684855996,0.0541039241866,20,0,0.799376209799,0.027027027027,0.06,0.05,20261212,1000,simple_null_vs_simple_alternative
fair_null,158,0,3,-2.95132498949,0.0522704023114,20,0,0.802835679024,0.027027027027,0.06,0.05,20261212,1000,simple_null_vs_simple_alternative
fair_null,159,0,3,-2.98580141902,0.0504990164553,20,0,0.806244802542,0.027027027027,0.06,0.05,20261212,1000,simple_null_vs_simple_alternative
fair_null,160,0,3,-3.02027784855,0.0487876608976,20,0,0.809604042174,0.027027027027,0.06,0.05,20261212,1000,simple_null_vs_simple_alternative
fair_null,161,0,3,-3.05475427808,0.0471343012783,20,0,0.812913864322,0.027027027027,0.06,0.05,20261212,1000,simple_null_vs_simple_alternative
fair_null,162,0,3,-3.08923070761,0.0455369721795,20,0,0.816174739584,0.027027027027,0.06,0.05,20261212,1000,simple_null_vs_simple_alternative
fair_null,163,0,3,-3.12370713714,0.0439937747889,20,0,0.819387142377,0.027027027027,0.06,0.05,20261212,1000,simple_null_vs_simple_alternative
fair_null,164,0,3,-3.15818356667,0.0425028746433,20,0,0.822551550566,0.027027027027,0.06,0.05,20261212,1000,simple_null_vs_simple_alternative
fair_null,165,0,3,-3.1926599962,0.0410624994471,20,0,0.82566844512,0.027027027027,0.06,0.05,20261212,1000,simple_null_vs_simple_alternative
fair_null,166,0,3,-3.22713642573,0.0396709369658,20,0,0.82873830976,0.027027027027,0.06,0.05,20261212,1000,simple_null_vs_simple_alternative
fair_null,167,0,3,-3.26161285526,0.0383265329908,20,0,0.831761630638,0.027027027027,0.06,0.05,20261212,1000,simple_null_vs_simple_alternative
fair_null,168,0,3,-3.29608928479,0.0370276893728,20,0,0.834738896015,0.027027027027,0.06,0.05,20261212,1000,simple_null_vs_simple_alternative
fair_null,169,0,3,-3.33056571432,0.0357728621219,20,0,0.837670595949,0.027027027027,0.06,0.05,20261212,1000,simple_null_vs_simple_alternative
fair_null,170,0,3,-3.36504214385,0.0345605595722,20,0,0.840557222005,0.027027027027,0.06,0.05,20261212,1000,simple_null_vs_simple_alternative
fair_null,171,0,3,-3.39951857338,0.0333893406089,20,0,0.843399266963,0.027027027027,0.06,0.05,20261212,1000,simple_null_vs_simple_alternative
fair_null,172,0,3,-3.43399500291,0.0322578129549,20,0,0.846197224546,0.027027027027,0.06,0.05,20261212,1000,simple_null_vs_simple_alternative
fair_null,173,0,3,-3.46847143244,0.0311646315159,20,0,0.848951589149,0.027027027027,0.06,0.05,20261212,1000,simple_null_vs_simple_alternative
fair_null,174,0,3,-3.50294786197,0.0301084967812,20,0,0.851662855586,0.027027027027,0.06,0.05,20261212,1000,simple_null_vs_simple_alternative
fair_null,175,0,3,-3.5374242915,0.0290881532792,20,0,0.854331518842,0.027027027027,0.06,0.05,20261212,1000,simple_null_vs_simple_alternative
fair_null,176,0,3,-3.57190072103,0.0281023880847,20,0,0.856958073835,0.027027027027,0.06,0.05,20261212,1000,simple_null_vs_simple_alternative
fair_null,177,0,3,-3.60637715056,0.0271500293774,20,0,0.859543015189,0.027027027027,0.06,0.05,20261212,1000,simple_null_vs_simple_alternative
fair_null,178,0,3,-3.64085358009,0.0262299450485,20,0,0.862086837013,0.027027027027,0.06,0.05,20261212,1000,simple_null_vs_simple_alternative
fair_null,179,0,3,-3.67533000962,0.0253410413552,20,0,0.864590032689,0.027027027027,0.06,0.05,20261212,1000,simple_null_vs_simple_alternative
fair_null,180,0,3,-3.70980643915,0.0244822616204,20,0,0.867053094675,0.027027027027,0.06,0.05,20261212,1000,simple_null_vs_simple_alternative
fair_null,181,0,3,-3.74428286868,0.0236525849766,20,0,0.869476514302,0.027027027027,0.06,0.05,20261212,1000,simple_null_vs_simple_alternative
fair_null,182,0,3,-3.77875929821,0.0228510251524,20,0,0.871860781596,0.027027027027,0.06,0.05,20261212,1000,simple_null_vs_simple_alternative
fair_null,183,0,3,-3.81323572774,0.0220766293,20,0,0.874206385096,0.027027027027,0.06,0.05,20261212,1000,simple_null_vs_simple_alternative
fair_null,184,0,3,-3.84771215727,0.0213284768626,20,0,0.876513811684,0.027027027027,0.06,0.05,20261212,1000,simple_null_vs_simple_alternative
fair_null,185,0,3,-3.8821885868,0.02060567848,20,0,0.878783546421,0.027027027027,0.06,0.05,20261212,1000,simple_null_vs_simple_alternative
fair_null,186,0,3,-3.91666501633,0.0199073749315,20,0,0.881016072392,0.027027027027,0.06,0.05,20261212,1000,simple_null_vs_simple_alternative
fair_null,187,0,3,-3.95114144586,0.0192327361144,20,0,0.883211870556,0.027027027027,0.06,0.05,20261212,1000,simple_null_vs_simple_alternative
fair_null,188,0,3,-3.98561787539,0.0185809600572,20,0,0.885371419605,0.027027027027,0.06,0.05,20261212,1000,simple_null_vs_simple_alternative
fair_null,189,0,3,-4.02009430492,0.0179512719664,20,0,0.887495195827,0.027027027027,0.06,0.05,20261212,1000,simple_null_vs_simple_alternative
fair_null,190,0,3,-4.05457073445,0.0173429233053,20,0,0.88958367298,0.027027027027,0.06,0.05,20261212,1000,simple_null_vs_simple_alternative
fair_null,191,0,3,-4.08904716398,0.0167551909044,20,0,0.891637322163,0.027027027027,0.06,0.05,20261212,1000,simple_null_vs_simple_alternative
fair_null,192,0,3,-4.12352359351,0.0161873761015,20,0,0.893656611708,0.027027027027,0.06,0.05,20261212,1000,simple_null_vs_simple_alternative
fair_null,193,0,3,-4.15800002304,0.0156388039114,20,0,0.895642007062,0.027027027027,0.06,0.05,20261212,1000,simple_null_vs_simple_alternative
fair_null,194,0,3,-4.19247645257,0.0151088222233,20,0,0.897593970684,0.027027027027,0.06,0.05,20261212,1000,simple_null_vs_simple_alternative
fair_null,195,0,3,-4.2269528821,0.0145968010257,20,0,0.899512961947,0.027027027027,0.06,0.05,20261212,1000,simple_null_vs_simple_alternative
fair_null,196,0,3,-4.26142931163,0.0141021316576,20,0,0.901399437044,0.027027027027,0.06,0.05,20261212,1000,simple_null_vs_simple_alternative
fair_null,197,0,3,-4.29590574116,0.0136242260848,20,0,0.903253848898,0.027027027027,0.06,0.05,20261212,1000,simple_null_vs_simple_alternative
fair_null,198,0,3,-4.33038217069,0.0131625162008,20,0,0.905076647078,0.027027027027,0.06,0.05,20261212,1000,simple_null_vs_simple_alternative
fair_null,199,0,3,-4.36485860022,0.0127164531518,20,0,0.906868277721,0.027027027027,0.06,0.05,20261212,1000,simple_null_vs_simple_alternative
fair_null,200,0,3,-4.39933502975,0.0122855066839,20,0,0.90862918346,0.027027027027,0.06,0.05,20261212,1000,simple_null_vs_simple_alternative
fair_null,201,0,3,-4.43381145928,0.0118691645129,20,0,0.91035980335,0.027027027027,0.06,0.05,20261212,1000,simple_null_vs_simple_alternative
fair_null,202,0,3,-4.46828788881,0.0114669317155,20,0,0.912060572809,0.027027027027,0.06,0.05,20261212,1000,simple_null_vs_simple_alternative
fair_null,203,0,3,-4.50276431834,0.0110783301407,20,0,0.913731923553,0.027027027027,0.06,0.05,20261212,1000,simple_null_vs_simple_alternative
fair_null,204,0,3,-4.53724074787,0.0107028978415,20,0,0.915374283542,0.027027027027,0.06,0.05,20261212,1000,simple_null_vs_simple_alternative
fair_null,205,0,3,-4.5717171774,0.0103401885258,20,0,0.916988076927,0.027027027027,0.06,0.05,20261212,1000,simple_null_vs_simple_alternative
fair_null,206,0,3,-4.60619360693,0.00998977102573,20,0,0.918573724002,0.027027027027,0.06,0.05,20261212,1000,simple_null_vs_simple_alternative
fair_null,207,0,3,-4.64067003646,0.00965122878541,20,0,0.92013164116,0.027027027027,0.06,0.05,20261212,1000,simple_null_vs_simple_alternative
fair_null,208,0,3,-4.67514646599,0.00932415936546,20,0,0.921662240852,0.027027027027,0.06,0.05,20261212,1000,simple_null_vs_simple_alternative
fair_null,209,0,3,-4.70962289552,0.00900817396474,20,0,0.923165931549,0.027027027027,0.06,0.05,20261212,1000,simple_null_vs_simple_alternative
fair_null,210,0,3,-4.74409932505,0.00870289695816,20,0,0.924643117709,0.027027027027,0.06,0.05,20261212,1000,simple_null_vs_simple_alternative
fair_null,211,0,3,-4.77857575458,0.00840796545013,20,0,0.926094199749,0.027027027027,0.06,0.05,20261212,1000,simple_null_vs_simple_alternative
fair_null,212,0,3,-4.81305218411,0.00812302884321,20,0,0.927519574011,0.027027027027,0.06,0.05,20261212,1000,simple_null_vs_simple_alternative
fair_null,213,0,3,-4.84752861364,0.0078477484213,20,0,0.928919632746,0.027027027027,0.06,0.05,20261212,1000,simple_null_vs_simple_alternative
fair_null,214,0,3,-4.88200504317,0.00758179694703,20,0,0.930294764086,0.027027027027,0.06,0.05,20261212,1000,simple_null_vs_simple_alternative
fair_null,215,0,3,-4.9164814727,0.00732485827271,20,0,0.931645352033,0.027027027027,0.06,0.05,20261212,1000,simple_null_vs_simple_alternative
fair_null,216,0,3,-4.95095790223,0.00707662696458,20,0,0.932971776434,0.027027027027,0.06,0.05,20261212,1000,simple_null_vs_simple_alternative
fair_null,217,0,3,-4.98543433176,0.00683680793967,20,0,0.934274412976,0.027027027027,0.06,0.05,20261212,1000,simple_null_vs_simple_alternative
fair_null,218,0,3,-5.01991076129,0.00660511611505,20,0,0.935553633173,0.027027027027,0.06,0.05,20261212,1000,simple_null_vs_simple_alternative
fair_null,219,0,3,-5.05438719082,0.00638127606893,20,0,0.936809804357,0.027027027027,0.06,0.05,20261212,1000,simple_null_vs_simple_alternative
fair_null,220,0,3,-5.08886362035,0.00616502171326,20,0,0.938043289676,0.027027027027,0.06,0.05,20261212,1000,simple_null_vs_simple_alternative
fair_null,221,0,3,-5.12334004988,0.00595609597742,20,0,0.939254448084,0.027027027027,0.06,0.05,20261212,1000,simple_null_vs_simple_alternative
fair_null,222,0,3,-5.15781647941,0.00575425050263,20,0,0.940443634347,0.027027027027,0.06,0.05,20261212,1000,simple_null_vs_simple_alternative
fair_null,223,0,3,-5.19229290894,0.00555924534671,20,0,0.941611199042,0.027027027027,0.06,0.05,20261212,1000,simple_null_vs_simple_alternative
fair_null,224,0,3,-5.22676933847,0.00537084869884,20,0,0.942757488559,0.027027027027,0.06,0.05,20261212,1000,simple_null_vs_simple_alternative
fair_null,225,0,3,-5.261245768,0.00518883660405,20,0,0.943882845103,0.027027027027,0.06,0.05,20261212,1000,simple_null_vs_simple_alternative
fair_null,226,1,4,-4.46373857212,0.011519217261,20,0,0.861762232384,0.027027027027,0.06,0.05,20261212,1000,simple_null_vs_simple_alternative
fair_null,227,0,4,-4.49821500165,0.0111288437871,20,0,0.864011566825,0.027027027027,0.06,0.05,20261212,1000,simple_null_vs_simple_alternative
fair_null,228,1,5,-3.70070780576,0.0247060332075,20,0,0.739811829976,0.027027027027,0.06,0.05,20261212,1000,simple_null_vs_simple_alternative
fair_null,229,0,5,-3.73518423529,0.0238687731932,20,0,0.743228521578,0.027027027027,0.06,0.05,20261212,1000,simple_null_vs_simple_alternative
fair_null,230,0,5,-3.76966066482,0.0230598869906,20,0,0.746611969695,0.027027027027,0.06,0.05,20261212,1000,simple_null_vs_simple_alternative
fair_null,231,0,5,-3.80413709435,0.0222784130425,20,0,0.749962238818,0.027027027027,0.06,0.05,20261212,1000,simple_null_vs_simple_alternative
fair_null,232,0,5,-3.83861352388,0.0215234223783,20,0,0.75327940015,0.027027027027,0.06,0.05,20261212,1000,simple_null_vs_simple_alternative
fair_null,233,0,5,-3.87308995341,0.0207940175088,20,0,0.756563531425,0.027027027027,0.06,0.05,20261212,1000,simple_null_vs_simple_alternative
fair_null,234,0,5,-3.90756638294,0.0200893313599,20,0,0.759814716737,0.027027027027,0.06,0.05,20261212,1000,simple_null_vs_simple_alternative
fair_null,235,0,5,-3.94204281247,0.0194085262416,20,0,0.763033046356,0.027027027027,0.06,0.05,20261212,1000,simple_null_vs_simple_alternative
fair_null,236,0,5,-3.976519242,0.0187507928523,20,0,0.766218616566,0.027027027027,0.06,0.05,20261212,1000,simple_null_vs_simple_alternative
fair_null,237,0,5,-4.01099567153,0.0181153493168,20,0,0.769371529485,0.027027027027,0.06,0.05,20261212,1000,simple_null_vs_simple_alternative
fair_null,238,0,5,-4.04547210106,0.0175014402566,20,0,0.772491892904,0.027027027027,0.06,0.05,20261212,1000,simple_null_vs_simple_alternative
fair_null,239,0,5,-4.07994853059,0.0169083358923,20,0,0.775579820112,0.027027027027,0.06,0.05,20261212,1000,simple_null_vs_simple_alternative
fair_null,240,0,5,-4.11442496012,0.016335331176,20,0,0.778635429738,0.027027027027,0.06,0.05,20261212,1000,simple_null_vs_simple_alternative
fair_null,241,0,5,-4.14890138965,0.0157817449528,20,0,0.781658845584,0.027027027027,0.06,0.05,20261212,1000,simple_null_vs_simple_alternative
fair_null,242,0,5,-4.18337781918,0.0152469191516,20,0,0.784650196466,0.027027027027,0.06,0.05,20261212,1000,simple_null_vs_simple_alternative
fair_null,243,0,5,-4.21785424871,0.0147302180026,20,0,0.787609616052,0.027027027027,0.06,0.05,20261212,1000,simple_null_vs_simple_alternative
fair_null,244,0,5,-4.25233067824,0.0142310272814,20,0,0.790537242711,0.027027027027,0.06,0.05,20261212,1000,simple_null_vs_simple_alternative
fair_null,245,0,5,-4.28680710777,0.0137487535791,20,0,0.793433219352,0.027027027027,0.06,0.05,20261212,1000,simple_null_vs_simple_alternative
fair_null,246,0,5,-4.3212835373,0.0132828235967,20,0,0.796297693276,0.027027027027,0.06,0.05,20261212,1000,simple_null_vs_simple_alternative
fair_null,247,0,5,-4.35575996683,0.0128326834637,20,0,0.799130816021,0.027027027027,0.06,0.05,20261212,1000,simple_null_vs_simple_alternative
fair_null,248,0,5,-4.39023639636,0.0123977980796,20,0,0.801932743221,0.027027027027,0.06,0.05,20261212,1000,simple_null_vs_simple_alternative
fair_null,249,0,5,-4.42471282589,0.011977650478,20,0,0.804703634453,0.027027027027,0.06,0.05,20261212,1000,simple_null_vs_simple_alternative
fair_null,250,0,5,-4.45918925542,0.0115717412118,20,0,0.807443653096,0.027027027027,0.06,0.05,20261212,1000,simple_null_vs_simple_alternative
fair_null,251,0,5,-4.49366568495,0.0111795877597,20,0,0.810152966191,0.027027027027,0.06,0.05,20261212,1000,simple_null_vs_simple_alternative
fair_null,252,0,5,-4.52814211448,0.0108007239523,20,0,0.812831744299,0.027027027027,0.06,0.05,20261212,1000,simple_null_vs_simple_alternative
fair_null,253,0,5,-4.56261854401,0.0104346994183,20,0,0.815480161364,0.027027027027,0.06,0.05,20261212,1000,simple_null_vs_simple_alternative
fair_null,254,0,5,-4.59709497354,0.0100810790491,20,0,0.818098394582,0.027027027027,0.06,0.05,20261212,1000,simple_null_vs_simple_alternative
fair_null,255,0,5,-4.63157140307,0.00973944248136,20,0,0.820686624262,0.027027027027,0.06,0.05,20261212,1000,simple_null_vs_simple_alternative
fair_null,256,0,5,-4.6660478326,0.00940938359727,20,0,0.823245033701,0.027027027027,0.06,0.05,20261212,1000,simple_null_vs_simple_alternative
fair_null,257,0,5,-4.70052426213,0.00909051004203,20,0,0.825773809054,0.027027027027,0.06,0.05,20261212,1000,simple_null_vs_simple_alternative
fair_null,258,0,5,-4.73500069166,0.00878244275727,20,0,0.828273139208,0.027027027027,0.06,0.05,20261212,1000,simple_null_vs_simple_alternative
fair_null,259,0,5,-4.76947712119,0.0084848155305,20,0,0.830743215656,0.027027027027,0.06,0.05,20261212,1000,simple_null_vs_simple_alternative
fair_null,260,0,5,-4.80395355072,0.00819727455974,20,0,0.833184232382,0.027027027027,0.06,0.05,20261212,1000,simple_null_vs_simple_alternative
fair_null,261,0,5,-4.83842998025,0.007919478033,20,0,0.835596385735,0.027027027027,0.06,0.05,20261212,1000,simple_null_vs_simple_alternative
fair_null,262,0,5,-4.87290640978,0.00765109572188,20,0,0.837979874314,0.027027027027,0.06,0.05,20261212,1000,simple_null_vs_simple_alternative
fair_null,263,0,5,-4.90738283931,0.00739180858908,20,0,0.840334898856,0.027027027027,0.06,0.05,20261212,1000,simple_null_vs_simple_alternative
fair_null,264,0,5,-4.94185926884,0.00714130840912,20,0,0.84266166212,0.027027027027,0.06,0.05,20261212,1000,simple_null_vs_simple_alternative
fair_null,265,0,5,-4.97633569837,0.00689929740192,20,0,0.84496036878,0.027027027027,0.06,0.05,20261212,1000,simple_null_vs_simple_alternative
fair_null,266,0,5,-5.0108121279,0.00666548787886,20,0,0.847231225313,0.027027027027,0.06,0.05,20261212,1000,simple_null_vs_simple_alternative
fair_null,267,0,5,-5.04528855743,0.00643960190074,20,0,0.849474439894,0.027027027027,0.06,0.05,20261212,1000,simple_null_vs_simple_alternative
fair_null,268,0,5,-5.07976498696,0.00622137094744,20,0,0.851690222297,0.027027027027,0.06,0.05,20261212,1000,simple_null_vs_simple_alternative
fair_null,269,0,5,-5.11424141649,0.00601053559866,20,0,0.853878783785,0.027027027027,0.06,0.05,20261212,1000,simple_null_vs_simple_alternative
fair_null,270,0,5,-5.14871784602,0.0058068452256,20,0,0.856040337019,0.027027027027,0.06,0.05,20261212,1000,simple_null_vs_simple_alternative
fair_null,271,0,5,-5.18319427555,0.00561005769295,20,0,0.858175095953,0.027027027027,0.06,0.05,20261212,1000,simple_null_vs_simple_alternative
fair_null,272,0,5,-5.21767070508,0.00541993907113,20,0,0.860283275744,0.027027027027,0.06,0.05,20261212,1000,simple_null_vs_simple_alternative
fair_null,273,0,5,-5.25214713461,0.00523626335817,20,0,0.862365092658,0.027027027027,0.06,0.05,20261212,1000,simple_null_vs_simple_alternative
fair_null,274,0,5,-5.28662356414,0.00505881221103,20,0,0.864420763977,0.027027027027,0.06,0.05,20261212,1000,simple_null_vs_simple_alternative
fair_null,275,0,5,-5.32109999367,0.0048873746861,20,0,0.866450507909,0.027027027027,0.06,0.05,20261212,1000,simple_null_vs_simple_alternative
fair_null,276,0,5,-5.3555764232,0.00472174698841,20,0,0.868454543506,0.027027027027,0.06,0.05,20261212,1000,simple_null_vs_simple_alternative
fair_null,277,0,5,-5.39005285273,0.00456173222935,20,0,0.870433090574,0.027027027027,0.06,0.05,20261212,1000,simple_null_vs_simple_alternative
fair_null,278,0,5,-5.42452928226,0.00440714019269,20,0,0.872386369592,0.027027027027,0.06,0.05,20261212,1000,simple_null_vs_simple_alternative
fair_null,279,0,5,-5.45900571179,0.00425778710838,20,0,0.874314601631,0.027027027027,0.06,0.05,20261212,1000,simple_null_vs_simple_alternative
fair_null,280,0,5,-5.49348214132,0.00411349543416,20,0,0.876218008274,0.027027027027,0.06,0.05,20261212,1000,simple_null_vs_simple_alternative
fair_null,281,0,5,-5.52795857085,0.00397409364444,20,0,0.878096811542,0.027027027027,0.06,0.05,20261212,1000,simple_null_vs_simple_alternative
fair_null,282,0,5,-5.56243500038,0.00383941602649,20,0,0.879951233813,0.027027027027,0.06,0.05,20261212,1000,simple_null_vs_simple_alternative
fair_null,283,0,5,-5.59691142991,0.00370930248337,20,0,0.881781497754,0.027027027027,0.06,0.05,20261212,1000,simple_null_vs_simple_alternative
fair_null,284,0,5,-5.63138785944,0.00358359834366,20,0,0.883587826246,0.027027027027,0.06,0.05,20261212,1000,simple_null_vs_simple_alternative
fair_null,285,0,5,-5.66586428897,0.00346215417757,20,0,0.885370442318,0.027027027027,0.06,0.05,20261212,1000,simple_null_vs_simple_alternative
fair_null,286,0,5,-5.7003407185,0.00334482561933,20,0,0.887129569076,0.027027027027,0.06,0.05,20261212,1000,simple_null_vs_simple_alternative
fair_null,287,0,5,-5.73481714803,0.00323147319556,20,0,0.888865429638,0.027027027027,0.06,0.05,20261212,1000,simple_null_vs_simple_alternative
fair_null,288,0,5,-5.76929357756,0.00312196215949,20,0,0.890578247069,0.027027027027,0.06,0.05,20261212,1000,simple_null_vs_simple_alternative
fair_null,289,0,5,-5.80377000709,0.00301616233075,20,0,0.892268244321,0.027027027027,0.06,0.05,20261212,1000,simple_null_vs_simple_alternative
fair_null,290,0,5,-5.83824643662,0.00291394794065,20,0,0.89393564417,0.027027027027,0.06,0.05,20261212,1000,simple_null_vs_simple_alternative
fair_null,291,0,5,-5.87272286615,0.00281519748266,20,0,0.895580669159,0.027027027027,0.06,0.05,20261212,1000,simple_null_vs_simple_alternative
fair_null,292,0,5,-5.90719929568,0.00271979356797,20,0,0.897203541536,0.027027027027,0.06,0.05,20261212,1000,simple_null_vs_simple_alternative
fair_null,293,0,5,-5.94167572521,0.00262762278595,20,0,0.898804483206,0.027027027027,0.06,0.05,20261212,1000,simple_null_vs_simple_alternative
fair_null,294,0,5,-5.97615215474,0.00253857556931,20,0,0.90038371567,0.027027027027,0.06,0.05,20261212,1000,simple_null_vs_simple_alternative
fair_null,295,0,5,-6.01062858427,0.00245254606391,20,0,0.901941459975,0.027027027027,0.06,0.05,20261212,1000,simple_null_vs_simple_alternative
fair_null,296,0,5,-6.0451050138,0.00236943200285,20,0,0.903477936665,0.027027027027,0.06,0.05,20261212,1000,simple_null_vs_simple_alternative
fair_null,297,0,5,-6.07958144333,0.00228913458498,20,0,0.904993365729,0.027027027027,0.06,0.05,20261212,1000,simple_null_vs_simple_alternative
fair_null,298,0,5,-6.11405787286,0.00221155835738,20,0,0.906487966555,0.027027027027,0.06,0.05,20261212,1000,simple_null_vs_simple_alternative
fair_null,299,0,5,-6.14853430239,0.00213661110193,20,0,0.907961957882,0.027027027027,0.06,0.05,20261212,1000,simple_null_vs_simple_alternative
fair_null,300,0,5,-6.18301073192,0.0020642037257,20,0,0.909415557759,0.027027027027,0.06,0.05,20261212,1000,simple_null_vs_simple_alternative
fair_null,301,0,5,-6.21748716145,0.001994250155,20,0,0.910848983495,0.027027027027,0.06,0.05,20261212,1000,simple_null_vs_simple_alternative
fair_null,302,0,5,-6.25196359098,0.00192666723308,20,0,0.912262451625,0.027027027027,0.06,0.05,20261212,1000,simple_null_vs_simple_alternative
fair_null,303,0,5,-6.28644002051,0.00186137462129,20,0,0.913656177863,0.027027027027,0.06,0.05,20261212,1000,simple_null_vs_simple_alternative
fair_null,304,0,5,-6.32091645004,0.00179829470357,20,0,0.915030377069,0.027027027027,0.06,0.05,20261212,1000,simple_null_vs_simple_alternative
fair_null,305,0,5,-6.35539287957,0.00173735249417,20,0,0.916385263204,0.027027027027,0.06,0.05,20261212,1000,simple_null_vs_simple_alternative
fair_null,306,0,5,-6.3898693091,0.00167847554853,20,0,0.917721049302,0.027027027027,0.06,0.05,20261212,1000,simple_null_vs_simple_alternative
fair_null,307,0,5,-6.42434573863,0.00162159387717,20,0,0.919037947427,0.027027027027,0.06,0.05,20261212,1000,simple_null_vs_simple_alternative
fair_null,308,0,5,-6.45882216816,0.00156663986244,20,0,0.920336168645,0.027027027027,0.06,0.05,20261212,1000,simple_null_vs_simple_alternative
fair_null,309,0,5,-6.49329859769,0.00151354817821,20,0,0.92161592299,0.027027027027,0.06,0.05,20261212,1000,simple_null_vs_simple_alternative
fair_null,310,0,5,-6.52777502722,0.00146225571217,20,0,0.922877419431,0.027027027027,0.06,0.05,20261212,1000,simple_null_vs_simple_alternative
fair_null,311,0,5,-6.56225145675,0.00141270149082,20,0,0.924120865843,0.027027027027,0.06,0.05,20261212,1000,simple_null_vs_simple_alternative
fair_null,312,0,5,-6.59672788628,0.00136482660696,20,0,0.925346468979,0.027027027027,0.06,0.05,20261212,1000,simple_null_vs_simple_alternative
fair_null,313,0,5,-6.63120431581,0.00131857414973,20,0,0.926554434443,0.027027027027,0.06,0.05,20261212,1000,simple_null_vs_simple_alternative
fair_null,314,0,5,-6.66568074534,0.00127388913687,20,0,0.927744966661,0.027027027027,0.06,0.05,20261212,1000,simple_null_vs_simple_alternative
fair_null,315,0,5,-6.70015717487,0.00123071844946,20,0,0.928918268858,0.027027027027,0.06,0.05,20261212,1000,simple_null_vs_simple_alternative
fair_null,316,0,5,-6.7346336044,0.00118901076867,20,0,0.930074543031,0.027027027027,0.06,0.05,20261212,1000,simple_null_vs_simple_alternative
fair_null,317,0,5,-6.76911003393,0.00114871651484,20,0,0.931213989929,0.027027027027,0.06,0.05,20261212,1000,simple_null_vs_simple_alternative
fair_null,318,0,5,-6.80358646346,0.00110978778851,20,0,0.932336809029,0.027027027027,0.06,0.05,20261212,1000,simple_null_vs_simple_alternative
fair_null,319,0,5,-6.83806289299,0.00107217831345,20,0,0.933443198516,0.027027027027,0.06,0.05,20261212,1000,simple_null_vs_simple_alternative
fair_null,320,0,5,-6.87253932252,0.00103584338172,20,0,0.934533355262,0.027027027027,0.06,0.05,20261212,1000,simple_null_vs_simple_alternative
fair_null,321,0,5,-6.90701575205,0.00100073980045,20,0,0.935607474806,0.027027027027,0.06,0.05,20261212,1000,simple_null_vs_simple_alternative
fair_null,322,1,6,-6.10950855617,0.002221642357,20,0,0.868512742638,0.027027027027,0.06,0.05,20261212,1000,simple_null_vs_simple_alternative
fair_null,323,0,6,-6.1439849857,0.00214635336601,20,0,0.870354715846,0.027027027027,0.06,0.05,20261212,1000,simple_null_vs_simple_alternative
fair_null,324,0,6,-6.17846141523,0.00207361583527,20,0,0.872175085085,0.027027027027,0.06,0.05,20261212,1000,simple_null_vs_simple_alternative
fair_null,325,0,6,-6.21293784476,0.00200334329863,20,0,0.873974016442,0.027027027027,0.06,0.05,20261212,1000,simple_null_vs_simple_alternative
fair_null,326,0,6,-6.24741427429,0.00193545222018,20,0,0.87575167665,0.027027027027,0.06,0.05,20261212,1000,simple_null_vs_simple_alternative
fair_null,327,0,6,-6.28189070382,0.00186986189494,20,0,0.877508233038,0.027027027027,0.06,0.05,20261212,1000,simple_null_vs_simple_alternative
fair_null,328,0,6,-6.31636713335,0.00180649435294,20,0,0.879243853466,0.027027027027,0.06,0.05,20261212,1000,simple_null_vs_simple_alternative
fair_null,329,1,7,-5.51885993746,0.00401041746354,20,0,0.786927610114,0.027027027027,0.06,0.05,20261212,1000,simple_null_vs_simple_alternative
fair_null,330,0,7,-5.55333636699,0.00387450887172,20,0,0.789468991092,0.027027027027,0.06,0.05,20261212,1000,simple_null_vs_simple_alternative
fair_null,331,0,7,-5.58781279652,0.00374320607106,20,0,0.791987476745,0.027027027027,0.06,0.05,20261212,1000,simple_null_vs_simple_alternative
fair_null,332,0,7,-5.62228922605,0.00361635297643,20,0,0.794483133714,0.027027027027,0.06,0.05,20261212,1000,simple_null_vs_simple_alternative
fair_null,333,0,7,-5.65676565558,0.00349379879223,20,0,0.796956031416,0.027027027027,0.06,0.05,20261212,1000,simple_null_vs_simple_alternative
fair_null,334,0,7,-5.69124208511,0.00337539783316,20,0,0.799406241984,0.027027027027,0.06,0.05,20261212,1000,simple_null_vs_simple_alternative
fair_null,335,0,7,-5.72571851464,0.00326100935104,20,0,0.801833840193,0.027027027027,0.06,0.05,20261212,1000,simple_null_vs_simple_alternative
fair_null,336,0,7,-5.76019494417,0.00315049736748,20,0,0.804238903399,0.027027027027,0.06,0.05,20261212,1000,simple_null_vs_simple_alternative
fair_null,337,0,7,-5.7946713737,0.00304373051224,20,0,0.806621511469,0.027027027027,0.06,0.05,20261212,1000,simple_null_vs_simple_alternative
fair_null,338,0,7,-5.82914780323,0.00294058186711,20,0,0.808981746718,0.027027027027,0.06,0.05,20261212,1000,simple_null_vs_simple_alternative
fair_null,339,0,7,-5.86362423276,0.00284092881494,20,0,0.811319693846,0.027027027027,0.06,0.05,20261212,1000,simple_null_vs_simple_alternative
fair_null,340,0,7,-5.89810066229,0.00274465289399,20,0,0.813635439869,0.027027027027,0.06,0.05,20261212,1000,simple_null_vs_simple_alternative
fair_null,341,0,7,-5.93257709182,0.00265163965703,20,0,0.81592907406,0.027027027027,0.06,0.05,20261212,1000,simple_null_vs_simple_alternative
fair_null,342,0,7,-5.96705352135,0.00256177853532,20,0,0.818200687881,0.027027027027,0.06,0.05,20261212,1000,simple_null_vs_simple_alternative
fair_null,343,0,7,-6.00152995088,0.00247496270718,20,0,0.820450374928,0.027027027027,0.06,0.05,20261212,1000,simple_null_vs_simple_alternative
fair_null,344,0,7,-6.03600638041,0.00239108897099,20,0,0.822678230864,0.027027027027,0.06,0.05,20261212,1000,simple_null_vs_simple_alternative
fair_null,345,0,7,-6.07048280994,0.00231005762253,20,0,0.824884353358,0.027027027027,0.06,0.05,20261212,1000,simple_null_vs_simple_alternative
fair_null,346,0,7,-6.10495923947,0.00223177233643,20,0,0.827068842026,0.027027027027,0.06,0.05,20261212,1000,simple_null_vs_simple_alternative
fair_null,347,0,7,-6.139435669,0.0021561400517,20,0,0.829231798374,0.027027027027,0.06,0.05,20261212,1000,simple_null_vs_simple_alternative
fair_null,348,0,7,-6.17391209853,0.00208307086106,20,0,0.831373325734,0.027027027027,0.06,0.05,20261212,1000,simple_null_vs_simple_alternative
fair_null,349,0,7,-6.20838852806,0.0020124779041,20,0,0.833493529208,0.027027027027,0.06,0.05,20261212,1000,simple_null_vs_simple_alternative
fair_null,350,0,7,-6.24286495759,0.00194427726402,20,0,0.835592515612,0.027027027027,0.06,0.05,20261212,1000,simple_null_vs_simple_alternative
fair_null,351,0,7,-6.27734138712,0.00187838786785,20,0,0.837670393415,0.027027027027,0.06,0.05,20261212,1000,simple_null_vs_simple_alternative
fair_null,352,1,8,-5.47983419124,0.00417002106662,20,0,0.73629562921,0.027027027027,0.06,0.05,20261212,1000,simple_null_vs_simple_alternative
fair_null,353,0,8,-5.51431062077,0.00402870368603,20,0,0.739091079034,0.027027027027,0.06,0.05,20261212,1000,simple_null_vs_simple_alternative
fair_null,354,0,8,-5.5487870503,0.00389217539445,20,0,0.74186600298,0.027027027027,0.06,0.05,20261212,1000,simple_null_vs_simple_alternative
fair_null,355,0,8,-5.58326347983,0.00376027389497,20,0,0.744620394348,0.027027027027,0.06,0.05,20261212,1000,simple_null_vs_simple_alternative
fair_null,356,0,8,-5.61773990936,0.00363284239075,20,0,0.747354249713,0.027027027027,0.06,0.05,20261212,1000,simple_null_vs_simple_alternative
fair_null,357,0,8,-5.65221633889,0.00350972939862,20,0,0.750067568877,0.027027027027,0.06,0.05,20261212,1000,simple_null_vs_simple_alternative
fair_null,358,0,8,-5.68669276842,0.003390788569,20,0,0.752760354814,0.027027027027,0.06,0.05,20261212,1000,simple_null_vs_simple_alternative
fair_null,359,0,8,-5.72116919795,0.00327587851194,20,0,0.755432613624,0.027027027027,0.06,0.05,20261212,1000,simple_null_vs_simple_alternative
fair_null,360,0,8,-5.75564562748,0.00316486262903,20,0,0.758084354476,0.027027027027,0.06,0.05,20261212,1000,simple_null_vs_simple_alternative
fair_null,361,0,8,-5.79012205701,0.00305760895105,20,0,0.76071558956,0.027027027027,0.06,0.05,20261212,1000,simple_null_vs_simple_alternative
fair_null,362,0,8,-5.82459848654,0.00295398998104,20,0,0.763326334038,0.027027027027,0.06,0.05,20261212,1000,simple_null_vs_simple_alternative
fair_null,363,0,8,-5.85907491607,0.0028538825428,20,0,0.765916605985,0.027027027027,0.06,0.05,20261212,1000,simple_null_vs_simple_alternative
fair_null,364,0,8,-5.8935513456,0.0027571676344,20,0,0.768486426347,0.027027027027,0.06,0.05,20261212,1000,simple_null_vs_simple_alternative
fair_null,365,0,8,-5.92802777513,0.00266373028679,20,0,0.771035818884,0.027027027027,0.06,0.05,20261212,1000,simple_null_vs_simple_alternative
fair_null,366,0,8,-5.96250420466,0.00257345942707,20,0,0.773564810121,0.027027027027,0.06,0.05,20261212,1000,simple_null_vs_simple_alternative
fair_null,367,0,8,-5.99698063419,0.00248624774649,20,0,0.7760734293,0.027027027027,0.06,0.05,20261212,1000,simple_null_vs_simple_alternative
fair_null,368,0,8,-6.03145706372,0.00240199157286,20,0,0.778561708323,0.027027027027,0.06,0.05,20261212,1000,simple_null_vs_simple_alternative
fair_null,369,0,8,-6.06593349325,0.00232059074733,20,0,0.781029681708,0.027027027027,0.06,0.05,20261212,1000,simple_null_vs_simple_alternative
fair_null,370,0,8,-6.10040992278,0.00224194850534,20,0,0.783477386534,0.027027027027,0.06,0.05,20261212,1000,simple_null_vs_simple_alternative
fair_null,371,0,8,-6.13488635231,0.00216597136155,20,0,0.785904862394,0.027027027027,0.06,0.05,20261212,1000,simple_null_vs_simple_alternative
fair_null,372,0,8,-6.16936278184,0.00209256899874,20,0,0.788312151346,0.027027027027,0.06,0.05,20261212,1000,simple_null_vs_simple_alternative
fair_null,373,0,8,-6.20383921137,0.00202165416045,20,0,0.790699297857,0.027027027027,0.06,0.05,20261212,1000,simple_null_vs_simple_alternative
fair_null,374,0,8,-6.2383156409,0.00195314254723,20,0,0.793066348762,0.027027027027,0.06,0.05,20261212,1000,simple_null_vs_simple_alternative
fair_null,375,0,8,-6.27279207043,0.00188695271647,20,0,0.795413353208,0.027027027027,0.06,0.05,20261212,1000,simple_null_vs_simple_alternative
fair_null,376,1,9,-5.47528487454,0.00418903503055,20,0,0.688370920672,0.027027027027,0.06,0.05,20261212,1000,simple_null_vs_simple_alternative
fair_null,377,0,9,-5.50976130407,0.00404707328785,20,0,0.691326851535,0.027027027027,0.06,0.05,20261212,1000,simple_null_vs_simple_alternative
fair_null,378,1,10,-4.71225410819,0.00898450269903,20,0,0.570852696352,0.027027027027,0.06,0.05,20261212,1000,simple_null_vs_simple_alternative
fair_null,379,0,10,-4.74673053772,0.00868002788534,20,0,0.574188170655,0.027027027027,0.06,0.05,20261212,1000,simple_null_vs_simple_alternative
fair_null,380,0,10,-4.78120696725,0.00838587138478,20,0,0.577512437375,0.027027027027,0.06,0.05,20261212,1000,simple_null_vs_simple_alternative
fair_null,381,0,10,-4.81568339678,0.00810168352119,20,0,0.580825322107,0.027027027027,0.06,0.05,20261212,1000,simple_null_vs_simple_alternative
fair_null,382,0,10,-4.85015982631,0.00782712646852,20,0,0.584126653624,0.027027027027,0.06,0.05,20261212,1000,simple_null_vs_simple_alternative
fair_null,383,0,10,-4.88463625584,0.00756187384931,20,0,0.58741626387,0.027027027027,0.06,0.05,20261212,1000,simple_null_vs_simple_alternative
fair_null,384,0,10,-4.91911268537,0.00730561034664,20,0,0.590693987969,0.027027027027,0.06,0.05,20261212,1000,simple_null_vs_simple_alternative
fair_null,385,0,10,-4.9535891149,0.00705803132934,20,0,0.593959664217,0.027027027027,0.06,0.05,20261212,1000,simple_null_vs_simple_alternative
fair_null,386,0,10,-4.98806554443,0.00681884248984,20,0,0.597213134085,0.027027027027,0.06,0.05,20261212,1000,simple_null_vs_simple_alternative
fair_null,387,0,10,-5.02254197396,0.00658775949436,20,0,0.600454242213,0.027027027027,0.06,0.05,20261212,1000,simple_null_vs_simple_alternative
fair_null,388,0,10,-5.05701840349,0.00636450764482,20,0,0.60368283641,0.027027027027,0.06,0.05,20261212,1000,simple_null_vs_simple_alternative
fair_null,389,0,10,-5.09149483302,0.00614882155242,20,0,0.606898767648,0.027027027027,0.06,0.05,20261212,1000,simple_null_vs_simple_alternative
fair_null,390,0,10,-5.12597126255,0.00594044482203,20,0,0.610101890056,0.027027027027,0.06,0.05,20261212,1000,simple_null_vs_simple_alternative
fair_null,391,0,10,-5.16044769208,0.0057391297475,20,0,0.613292060915,0.027027027027,0.06,0.05,20261212,1000,simple_null_vs_simple_alternative
fair_null,392,0,10,-5.19492412161,0.00554463701717,20,0,0.616469140653,0.027027027027,0.06,0.05,20261212,1000,simple_null_vs_simple_alternative
fair_null,393,0,10,-5.22940055114,0.00535673542937,20,0,0.619632992835,0.027027027027,0.06,0.05,20261212,1000,simple_null_vs_simple_alternative
fair_null,394,1,11,-4.43189335525,0.0118919526532,20,0,0.498654126178,0.027027027027,0.06,0.05,20261212,1000,simple_null_vs_simple_alternative
fair_null,395,0,11,-4.46636978478,0.0114889475911,20,0,0.502008973691,0.027027027027,0.06,0.05,20261212,1000,simple_null_vs_simple_alternative
fair_null,396,0,11,-4.50084621431,0.0110995999227,20,0,0.505357933441,0.027027027027,0.06,0.05,20261212,1000,simple_null_vs_simple_alternative
fair_null,397,0,11,-4.53532264384,0.0107234468142,20,0,0.508700796499,0.027027027027,0.06,0.05,20261212,1000,simple_null_vs_simple_alternative
fair_null,398,0,11,-4.56979907337,0.0103600411166,20,0,0.512037356232,0.027027027027,0.06,0.05,20261212,1000,simple_null_vs_simple_alternative
fair_null,399,0,11,-4.6042755029,0.0100089508343,20,0,0.515367408326,0.027027027027,0.06,0.05,20261212,1000,simple_null_vs_simple_alternative
fair_null,400,0,11,-4.63875193243,0.00966975861161,20,0,0.518690750803,0.027027027027,0.06,0.05,20261212,1000,simple_null_vs_simple_alternative
fair_null,401,0,11,-4.67322836196,0.00934206123644,20,0,0.522007184044,0.027027027027,0.06,0.05,20261212,1000,simple_null_vs_simple_alternative
fair_null,402,0,11,-4.70770479149,0.0090254691612,20,0,0.525316510807,0.027027027027,0.06,0.05,20261212,1000,simple_null_vs_simple_alternative
fair_null,403,0,11,-4.74218122102,0.00871960603963,20,0,0.528618536241,0.027027027027,0.06,0.05,20261212,1000,simple_null_vs_simple_alternative
fair_null,404,0,11,-4.77665765055,0.0084241082794,20,0,0.531913067911,0.027027027027,0.06,0.05,20261212,1000,simple_null_vs_simple_alternative
fair_null,405,0,11,-4.81113408008,0.00813862460993,20,0,0.535199915805,0.027027027027,0.06,0.05,20261212,1000,simple_null_vs_simple_alternative
fair_null,406,0,11,-4.84561050961,0.00786281566482,20,0,0.538478892356,0.027027027027,0.06,0.05,20261212,1000,simple_null_vs_simple_alternative
fair_null,407,0,11,-4.88008693914,0.0075963535784,20,0,0.541749812454,0.027027027027,0.06,0.05,20261212,1000,simple_null_vs_simple_alternative
fair_null,408,0,11,-4.91456336867,0.00733892159602,20,0,0.545012493459,0.027027027027,0.06,0.05,20261212,1000,simple_null_vs_simple_alternative
fair_null,409,0,11,-4.9490397982,0.00709021369749,20,0,0.548266755213,0.027027027027,0.06,0.05,20261212,1000,simple_null_vs_simple_alternative
fair_null,410,0,11,-4.98351622773,0.00684993423329,20,0,0.551512420056,0.027027027027,0.06,0.05,20261212,1000,simple_null_vs_simple_alternative
fair_null,411,0,11,-5.01799265726,0.00661779757316,20,0,0.554749312831,0.027027027027,0.06,0.05,20261212,1000,simple_null_vs_simple_alternative
fair_null,412,0,11,-5.05246908679,0.00639352776652,20,0,0.5579772609,0.027027027027,0.06,0.05,20261212,1000,simple_null_vs_simple_alternative
fair_null,413,0,11,-5.08694551632,0.00617685821443,20,0,0.561196094151,0.027027027027,0.06,0.05,20261212,1000,simple_null_vs_simple_alternative
fair_null,414,0,11,-5.12142194585,0.00596753135272,20,0,0.564405645003,0.027027027027,0.06,0.05,20261212,1000,simple_null_vs_simple_alternative
fair_null,415,0,11,-5.15589837538,0.00576529834577,20,0,0.567605748422,0.027027027027,0.06,0.05,20261212,1000,simple_null_vs_simple_alternative
fair_null,416,0,11,-5.19037480491,0.00556991879072,20,0,0.570796241921,0.027027027027,0.06,0.05,20261212,1000,simple_null_vs_simple_alternative
fair_null,417,0,11,-5.22485123444,0.0053811604317,20,0,0.573976965569,0.027027027027,0.06,0.05,20261212,1000,simple_null_vs_simple_alternative
fair_null,418,0,11,-5.25932766397,0.00519879888373,20,0,0.577147761997,0.027027027027,0.06,0.05,20261212,1000,simple_null_vs_simple_alternative
fair_null,419,0,11,-5.2938040935,0.00502261736601,20,0,0.580308476401,0.027027027027,0.06,0.05,20261212,1000,simple_null_vs_simple_alternative
fair_null,420,0,11,-5.32828052303,0.00485240644416,20,0,0.583458956548,0.027027027027,0.06,0.05,20261212,1000,simple_null_vs_simple_alternative
fair_null,421,0,11,-5.36275695256,0.00468796378133,20,0,0.586599052779,0.027027027027,0.06,0.05,20261212,1000,simple_null_vs_simple_alternative
fair_null,422,0,11,-5.39723338209,0.00452909389763,20,0,0.589728618011,0.027027027027,0.06,0.05,20261212,1000,simple_null_vs_simple_alternative
fair_null,423,0,11,-5.43170981162,0.00437560793776,20,0,0.592847507738,0.027027027027,0.06,0.05,20261212,1000,simple_null_vs_simple_alternative
fair_null,424,0,11,-5.46618624115,0.00422732344654,20,0,0.595955580035,0.027027027027,0.06,0.05,20261212,1000,simple_null_vs_simple_alternative
fair_null,425,0,11,-5.50066267068,0.00408406415196,20,0,0.599052695555,0.027027027027,0.06,0.05,20261212,1000,simple_null_vs_simple_alternative
fair_null,426,0,11,-5.53513910021,0.0039456597557,20,0,0.602138717532,0.027027027027,0.06,0.05,20261212,1000,simple_null_vs_simple_alternative
fair_null,427,0,11,-5.56961552974,0.00381194573065,20,0,0.605213511779,0.027027027027,0.06,0.05,20261212,1000,simple_null_vs_simple_alternative
fair_null,428,0,11,-5.60409195927,0.00368276312533,20,0,0.608276946684,0.027027027027,0.06,0.05,20261212,1000,simple_null_vs_simple_alternative
fair_null,429,0,11,-5.6385683888,0.00355795837497,20,0,0.611328893214,0.027027027027,0.06,0.05,20261212,1000,simple_null_vs_simple_alternative
fair_null,430,0,11,-5.67304481833,0.00343738311893,20,0,0.614369224904,0.027027027027,0.06,0.05,20261212,1000,simple_null_vs_simple_alternative
fair_null,431,0,11,-5.70752124786,0.00332089402435,20,0,0.617397817862,0.027027027027,0.06,0.05,20261212,1000,simple_null_vs_simple_alternative
fair_null,432,0,11,-5.74199767739,0.00320835261574,20,0,0.620414550759,0.027027027027,0.06,0.05,20261212,1000,simple_null_vs_simple_alternative
fair_null,433,0,11,-5.77647410692,0.00309962511043,20,0,0.623419304827,0.027027027027,0.06,0.05,20261212,1000,simple_null_vs_simple_alternative
fair_null,434,0,11,-5.81095053645,0.00299458225947,20,0,0.626411963853,0.027027027027,0.06,0.05,20261212,1000,simple_null_vs_simple_alternative
fair_null,435,0,11,-5.84542696598,0.00289309919401,20,0,0.629392414173,0.027027027027,0.06,0.05,20261212,1000,simple_null_vs_simple_alternative
fair_null,436,0,11,-5.87990339551,0.00279505527688,20,0,0.632360544666,0.027027027027,0.06,0.05,20261212,1000,simple_null_vs_simple_alternative
fair_null,437,0,11,-5.91437982504,0.00270033395916,20,0,0.635316246749,0.027027027027,0.06,0.05,20261212,1000,simple_null_vs_simple_alternative
fair_null,438,0,11,-5.94885625457,0.00260882264166,20,0,0.638259414364,0.027027027027,0.06,0.05,20261212,1000,simple_null_vs_simple_alternative
fair_null,439,0,11,-5.9833326841,0.00252041254102,20,0,0.641189943978,0.027027027027,0.06,0.05,20261212,1000,simple_null_vs_simple_alternative
fair_null,440,0,11,-6.01780911363,0.00243499856047,20,0,0.644107734567,0.027027027027,0.06,0.05,20261212,1000,simple_null_vs_simple_alternative
fair_null,441,1,12,-5.22030191775,0.00540569680423,20,0,0.530550479215,0.027027027027,0.06,0.05,20261212,1000,simple_null_vs_simple_alternative
fair_null,442,0,12,-5.25477834728,0.00522250374587,20,0,0.533698106469,0.027027027027,0.06,0.05,20261212,1000,simple_null_vs_simple_alternative
fair_null,443,0,12,-5.28925477681,0.0050455188967,20,0,0.536838825405,0.027027027027,0.06,0.05,20261212,1000,simple_null_vs_simple_alternative
fair_null,444,0,12,-5.32373120634,0.00487453186742,20,0,0.539972470649,0.027027027027,0.06,0.05,20261212,1000,simple_null_vs_simple_alternative
fair_null,445,0,12,-5.35820763587,0.00470933939858,20,0,0.543098878837,0.027027027027,0.06,0.05,20261212,1000,simple_null_vs_simple_alternative
fair_null,446,0,12,-5.3926840654,0.00454974511897,20,0,0.546217888625,0.027027027027,0.06,0.05,20261212,1000,simple_null_vs_simple_alternative
fair_null,447,0,12,-5.42716049493,0.00439555931216,20,0,0.549329340701,0.027027027027,0.06,0.05,20261212,1000,simple_null_vs_simple_alternative
fair_null,448,0,12,-5.46163692446,0.00424659869102,20,0,0.552433077795,0.027027027027,0.06,0.05,20261212,1000,simple_null_vs_simple_alternative
fair_null,449,0,12,-5.49611335399,0.00410268617983,20,0,0.555528944691,0.027027027027,0.06,0.05,20261212,1000,simple_null_vs_simple_alternative
fair_null,450,0,12,-5.53058978352,0.00396365070373,20,0,0.558616788238,0.027027027027,0.06,0.05,20261212,1000,simple_null_vs_simple_alternative
fair_null,451,0,12,-5.56506621305,0.00382932698544,20,0,0.561696457354,0.027027027027,0.06,0.05,20261212,1000,simple_null_vs_simple_alternative
fair_null,452,0,12,-5.59954264258,0.00369955534871,20,0,0.56476780304,0.027027027027,0.06,0.05,20261212,1000,simple_null_vs_simple_alternative
fair_null,453,0,12,-5.63401907211,0.00357418152856,20,0,0.567830678386,0.027027027027,0.06,0.05,20261212,1000,simple_null_vs_simple_alternative
fair_null,454,0,12,-5.66849550164,0.00345305648787,20,0,0.570884938574,0.027027027027,0.06,0.05,20261212,1000,simple_null_vs_simple_alternative
fair_null,455,0,12,-5.70297193117,0.00333603624023,20,0,0.573930440894,0.027027027027,0.06,0.05,20261212,1000,simple_null_vs_simple_alternative
fair_null,456,0,12,-5.7374483607,0.00322298167875,20,0,0.576967044741,0.027027027027,0.06,0.05,20261212,1000,simple_null_vs_simple_alternative
fair_null,457,0,12,-5.77192479023,0.00311375841075,20,0,0.579994611626,0.027027027027,0.06,0.05,20261212,1000,simple_null_vs_simple_alternative
fair_null,458,0,12,-5.80640121976,0.00300823659794,20,0,0.583013005177,0.027027027027,0.06,0.05,20261212,1000,simple_null_vs_simple_alternative
fair_null,459,0,12,-5.84087764929,0.00290629080212,20,0,0.586022091148,0.027027027027,0.06,0.05,20261212,1000,simple_null_vs_simple_alternative
fair_null,460,0,12,-5.87535407882,0.00280779983605,20,0,0.589021737419,0.027027027027,0.06,0.05,20261212,1000,simple_null_vs_simple_alternative
fair_null,461,0,12,-5.90983050835,0.00271264661938,20,0,0.592011814001,0.027027027027,0.06,0.05,20261212,1000,simple_null_vs_simple_alternative
fair_null,462,0,12,-5.94430693788,0.0026207180395,20,0,0.594992193036,0.027027027027,0.06,0.05,20261212,1000,simple_null_vs_simple_alternative
fair_null,463,0,12,-5.97878336741,0.00253190481705,20,0,0.597962748806,0.027027027027,0.06,0.05,20261212,1000,simple_null_vs_simple_alternative
fair_null,464,0,12,-6.01325979694,0.00244610137603,20,0,0.600923357725,0.027027027027,0.06,0.05,20261212,1000,simple_null_vs_simple_alternative
fair_null,465,0,12,-6.04773622647,0.00236320571829,20,0,0.603873898348,0.027027027027,0.06,0.05,20261212,1000,simple_null_vs_simple_alternative
fair_null,466,0,12,-6.082212656,0.00228311930228,20,0,0.606814251368,0.027027027027,0.06,0.05,20261212,1000,simple_null_vs_simple_alternative
fair_null,467,0,12,-6.11668908553,0.00220574692592,20,0,0.609744299616,0.027027027027,0.06,0.05,20261212,1000,simple_null_vs_simple_alternative
fair_null,468,0,12,-6.15116551506,0.00213099661343,20,0,0.612663928063,0.027027027027,0.06,0.05,20261212,1000,simple_null_vs_simple_alternative
fair_null,469,0,12,-6.18564194459,0.00205877950598,20,0,0.615573023815,0.027027027027,0.06,0.05,20261212,1000,simple_null_vs_simple_alternative
fair_null,470,0,12,-6.22011837412,0.00198900975605,20,0,0.618471476115,0.027027027027,0.06,0.05,20261212,1000,simple_null_vs_simple_alternative
fair_null,471,0,12,-6.25459480365,0.00192160442543,20,0,0.62135917634,0.027027027027,0.06,0.05,20261212,1000,simple_null_vs_simple_alternative
fair_null,472,0,12,-6.28907123318,0.00185648338657,20,0,0.624236017997,0.027027027027,0.06,0.05,20261212,1000,simple_null_vs_simple_alternative
fair_null,473,0,12,-6.32354766271,0.00179356922736,20,0,0.627101896724,0.027027027027,0.06,0.05,20261212,1000,simple_null_vs_simple_alternative
fair_null,474,0,12,-6.35802409224,0.0017327871591,20,0,0.629956710282,0.027027027027,0.06,0.05,20261212,1000,simple_null_vs_simple_alternative
fair_null,475,0,12,-6.39250052177,0.0016740649276,20,0,0.632800358555,0.027027027027,0.06,0.05,20261212,1000,simple_null_vs_simple_alternative
fair_null,476,0,12,-6.4269769513,0.00161733272727,20,0,0.635632743542,0.027027027027,0.06,0.05,20261212,1000,simple_null_vs_simple_alternative
fair_null,477,0,12,-6.46145338083,0.00156252311818,20,0,0.638453769356,0.027027027027,0.06,0.05,20261212,1000,simple_null_vs_simple_alternative
fair_null,478,0,12,-6.49592981036,0.00150957094584,20,0,0.641263342218,0.027027027027,0.06,0.05,20261212,1000,simple_null_vs_simple_alternative
fair_null,479,0,12,-6.53040623989,0.00145841326379,20,0,0.64406137045,0.027027027027,0.06,0.05,20261212,1000,simple_null_vs_simple_alternative
fair_null,480,0,12,-6.56488266942,0.00140898925874,20,0,0.646847764468,0.027027027027,0.06,0.05,20261212,1000,simple_null_vs_simple_alternative
fair_null,481,0,12,-6.59935909895,0.0013612401783,20,0,0.64962243678,0.027027027027,0.06,0.05,20261212,1000,simple_null_vs_simple_alternative
fair_null,482,0,12,-6.63383552848,0.00131510926115,20,0,0.652385301977,0.027027027027,0.06,0.05,20261212,1000,simple_null_vs_simple_alternative
fair_null,483,0,12,-6.66831195801,0.00127054166952,20,0,0.655136276722,0.027027027027,0.06,0.05,20261212,1000,simple_null_vs_simple_alternative
fair_null,484,0,12,-6.70278838754,0.00122748442405,20,0,0.657875279749,0.027027027027,0.06,0.05,20261212,1000,simple_null_vs_simple_alternative
fair_null,485,0,12,-6.73726481707,0.0011858863408,20,0,0.660602231852,0.027027027027,0.06,0.05,20261212,1000,simple_null_vs_simple_alternative
fair_null,486,0,12,-6.7717412466,0.00114569797036,20,0,0.663317055874,0.027027027027,0.06,0.05,20261212,1000,simple_null_vs_simple_alternative
fair_null,487,0,12,-6.80621767613,0.00110687153914,20,0,0.666019676705,0.027027027027,0.06,0.05,20261212,1000,simple_null_vs_simple_alternative
fair_null,488,0,12,-6.84069410566,0.00106936089254,20,0,0.668710021266,0.027027027027,0.06,0.05,20261212,1000,simple_null_vs_simple_alternative
fair_null,489,0,12,-6.87517053519,0.00103312144007,20,0,0.671388018504,0.027027027027,0.06,0.05,20261212,1000,simple_null_vs_simple_alternative
fair_null,490,0,12,-6.90964696472,0.000998110102375,20,0,0.67405359938,0.027027027027,0.06,0.05,20261212,1000,simple_null_vs_simple_alternative
fair_null,491,0,12,-6.94412339425,0.000964285260017,20,0,0.67670669686,0.027027027027,0.06,0.05,20261212,1000,simple_null_vs_simple_alternative
fair_null,492,0,12,-6.97859982378,0.000931606703983,20,0,0.679347245907,0.027027027027,0.06,0.05,20261212,1000,simple_null_vs_simple_alternative
fair_null,493,0,12,-7.01307625331,0.000900035587903,20,0,0.681975183465,0.027027027027,0.06,0.05,20261212,1000,simple_null_vs_simple_alternative
fair_null,494,0,12,-7.04755268284,0.000869534381869,20,0,0.684590448452,0.027027027027,0.06,0.05,20261212,1000,simple_null_vs_simple_alternative
fair_null,495,0,12,-7.08202911237,0.000840066827817,20,0,0.687192981747,0.027027027027,0.06,0.05,20261212,1000,simple_null_vs_simple_alternative
fair_null,496,0,12,-7.1165055419,0.00081159789643,20,0,0.689782726181,0.027027027027,0.06,0.05,20261212,1000,simple_null_vs_simple_alternative
fair_null,497,0,12,-7.15098197143,0.000784093745495,20,0,0.692359626522,0.027027027027,0.06,0.05,20261212,1000,simple_null_vs_simple_alternative
fair_null,498,0,12,-7.18545840096,0.000757521679675,20,0,0.694923629464,0.027027027027,0.06,0.05,20261212,1000,simple_null_vs_simple_alternative
fair_null,499,0,12,-7.21993483049,0.000731850111642,20,0,0.697474683614,0.027027027027,0.06,0.05,20261212,1000,simple_null_vs_simple_alternative
fair_null,500,0,12,-7.25441126002,0.000707048524525,20,0,0.700012739483,0.027027027027,0.06,0.05,20261212,1000,simple_null_vs_simple_alternative
fair_null,501,0,12,-7.28888768955,0.000683087435639,20,0,0.702537749466,0.027027027027,0.06,0.05,20261212,1000,simple_null_vs_simple_alternative
fair_null,502,0,12,-7.32336411908,0.000659938361431,20,0,0.705049667837,0.027027027027,0.06,0.05,20261212,1000,simple_null_vs_simple_alternative
fair_null,503,0,12,-7.35784054861,0.000637573783627,20,0,0.707548450729,0.027027027027,0.06,0.05,20261212,1000,simple_null_vs_simple_alternative
fair_null,504,0,12,-7.39231697814,0.000615967116515,20,0,0.710034056124,0.027027027027,0.06,0.05,20261212,1000,simple_null_vs_simple_alternative
fair_null,505,0,12,-7.42679340767,0.000595092675344,20,0,0.712506443838,0.027027027027,0.06,0.05,20261212,1000,simple_null_vs_simple_alternative
fair_null,506,0,12,-7.4612698372,0.000574925645791,20,0,0.714965575506,0.027027027027,0.06,0.05,20261212,1000,simple_null_vs_simple_alternative
fair_null,507,0,12,-7.49574626673,0.000555442054461,20,0,0.717411414571,0.027027027027,0.06,0.05,20261212,1000,simple_null_vs_simple_alternative
fair_null,508,0,12,-7.53022269626,0.000536618740393,20,0,0.719843926265,0.027027027027,0.06,0.05,20261212,1000,simple_null_vs_simple_alternative
fair_null,509,0,12,-7.56469912579,0.000518433327525,20,0,0.722263077597,0.027027027027,0.06,0.05,20261212,1000,simple_null_vs_simple_alternative
fair_null,510,0,12,-7.59917555532,0.000500864198092,20,0,0.72466883734,0.027027027027,0.06,0.05,20261212,1000,simple_null_vs_simple_alternative
fair_null,511,0,12,-7.63365198485,0.000483890466934,20,0,0.727061176011,0.027027027027,0.06,0.05,20261212,1000,simple_null_vs_simple_alternative
fair_null,512,0,12,-7.66812841438,0.000467491956666,20,0,0.729440065859,0.027027027027,0.06,0.05,20261212,1000,simple_null_vs_simple_alternative
fair_null,513,0,12,-7.70260484391,0.00045164917369,20,0,0.73180548085,0.027027027027,0.06,0.05,20261212,1000,simple_null_vs_simple_alternative
fair_null,514,0,12,-7.73708127344,0.000436343285026,20,0,0.734157396649,0.027027027027,0.06,0.05,20261212,1000,simple_null_vs_simple_alternative
fair_null,515,0,12,-7.77155770297,0.000421556095922,20,0,0.736495790606,0.027027027027,0.06,0.05,20261212,1000,simple_null_vs_simple_alternative
fair_null,516,0,12,-7.8060341325,0.000407270028227,20,0,0.738820641741,0.027027027027,0.06,0.05,20261212,1000,simple_null_vs_simple_alternative
fair_null,517,0,12,-7.84051056203,0.000393468099493,20,0,0.741131930726,0.027027027027,0.06,0.05,20261212,1000,simple_null_vs_simple_alternative
fair_null,518,0,12,-7.87498699156,0.000380133902788,20,0,0.74342963987,0.027027027027,0.06,0.05,20261212,1000,simple_null_vs_simple_alternative
fair_null,519,0,12,-7.90946342109,0.000367251587193,20,0,0.745713753102,0.027027027027,0.06,0.05,20261212,1000,simple_null_vs_simple_alternative
fair_null,520,0,12,-7.94393985062,0.000354805838961,20,0,0.747984255955,0.027027027027,0.06,0.05,20261212,1000,simple_null_vs_simple_alternative
fair_null,521,1,13,-7.14643265473,0.000787668962493,20,0,0.652254946484,0.027027027027,0.06,0.05,20261212,1000,simple_null_vs_simple_alternative
fair_null,522,0,13,-7.18090908426,0.000760975736542,20,0,0.654903221864,0.027027027027,0.06,0.05,20261212,1000,simple_null_vs_simple_alternative
fair_null,523,0,13,-7.21538551379,0.000735187114359,20,0,0.657540550478,0.027027027027,0.06,0.05,20261212,1000,simple_null_vs_simple_alternative
fair_null,524,0,13,-7.24986194332,0.000710272439928,20,0,0.660166859419,0.027027027027,0.06,0.05,20261212,1000,simple_null_vs_simple_alternative
fair_null,525,0,13,-7.28433837285,0.00068620209613,20,0,0.662782077528,0.027027027027,0.06,0.05,20261212,1000,simple_null_vs_simple_alternative
fair_null,526,0,13,-7.31881480238,0.000662947469539,20,0,0.665386135389,0.027027027027,0.06,0.05,20261212,1000,simple_null_vs_simple_alternative
fair_null,527,0,13,-7.35329123191,0.000640480916405,20,0,0.667978965321,0.027027027027,0.06,0.05,20261212,1000,simple_null_vs_simple_alternative
fair_null,528,0,13,-7.38776766144,0.000618775729793,20,0,0.670560501374,0.027027027027,0.06,0.05,20261212,1000,simple_null_vs_simple_alternative
fair_null,529,0,13,-7.42224409097,0.000597806107839,20,0,0.673130679317,0.027027027027,0.06,0.05,20261212,1000,simple_null_vs_simple_alternative
fair_null,530,0,13,-7.4567205205,0.000577547123073,20,0,0.675689436635,0.027027027027,0.06,0.05,20261212,1000,simple_null_vs_simple_alternative
fair_null,531,0,13,-7.49119695003,0.000557974692792,20,0,0.678236712521,0.027027027027,0.06,0.05,20261212,1000,simple_null_vs_simple_alternative
fair_null,532,1,14,-6.69368975415,0.001238703818,20,0,0.577002355263,0.027027027027,0.06,0.05,20261212,1000,simple_null_vs_simple_alternative
fair_null,533,0,14,-6.72816618368,0.00119672552194,20,0,0.57980695236,0.027027027027,0.06,0.05,20261212,1000,simple_null_vs_simple_alternative
fair_null,534,0,14,-6.76264261321,0.0011561698237,20,0,0.582603969465,0.027027027027,0.06,0.05,20261212,1000,simple_null_vs_simple_alternative
fair_null,535,0,14,-6.79711904274,0.00111698851301,20,0,0.585393296478,0.027027027027,0.06,0.05,20261212,1000,simple_null_vs_simple_alternative
fair_null,536,0,14,-6.83159547227,0.0010791350134,20,0,0.588174824814,0.027027027027,0.06,0.05,20261212,1000,simple_null_vs_simple_alternative
fair_null,537,0,14,-6.8660719018,0.00104256432683,20,0,0.590948447405,0.027027027027,0.06,0.05,20261212,1000,simple_null_vs_simple_alternative
fair_null,538,0,14,-6.90054833133,0.0010072329802,20,0,0.593714058708,0.027027027027,0.06,0.05,20261212,1000,simple_null_vs_simple_alternative
fair_null,539,0,14,-6.93502476086,0.000973098973652,20,0,0.596471554703,0.027027027027,0.06,0.05,20261212,1000,simple_null_vs_simple_alternative
fair_null,540,0,14,-6.96950119039,0.000940121730656,20,0,0.599220832901,0.027027027027,0.06,0.05,20261212,1000,simple_null_vs_simple_alternative
fair_null,541,0,14,-7.00397761992,0.000908262049783,20,0,0.601961792343,0.027027027027,0.06,0.05,20261212,1000,simple_null_vs_simple_alternative
fair_null,542,0,14,-7.03845404945,0.000877482058096,20,0,0.604694333606,0.027027027027,0.06,0.05,20261212,1000,simple_null_vs_simple_alternative
fair_null,543,0,14,-7.07293047898,0.000847745166128,20,0,0.607418358799,0.027027027027,0.06,0.05,20261212,1000,simple_null_vs_simple_alternative
fair_null,544,0,14,-7.10740690851,0.000819016024387,20,0,0.610133771573,0.027027027027,0.06,0.05,20261212,1000,simple_null_vs_simple_alternative
fair_null,545,0,14,-7.14188333804,0.000791260481338,20,0,0.612840477113,0.027027027027,0.06,0.05,20261212,1000,simple_null_vs_simple_alternative
fair_null,546,0,14,-7.17635976757,0.000764445542804,20,0,0.615538382148,0.027027027027,0.06,0.05,20261212,1000,simple_null_vs_simple_alternative
fair_null,547,0,14,-7.2108361971,0.000738539332742,20,0,0.618227394944,0.027027027027,0.06,0.05,20261212,1000,simple_null_vs_simple_alternative
fair_null,548,0,14,-7.24531262663,0.000713511055355,20,0,0.620907425311,0.027027027027,0.06,0.05,20261212,1000,simple_null_vs_simple_alternative
fair_null,549,0,14,-7.27978905616,0.000689330958479,20,0,0.623578384598,0.027027027027,0.06,0.05,20261212,1000,simple_null_vs_simple_alternative
fair_null,550,0,14,-7.31426548569,0.000665970298219,20,0,0.626240185694,0.027027027027,0.06,0.05,20261212,1000,simple_null_vs_simple_alternative
fair_null,551,0,14,-7.34874191522,0.000643401304779,20,0,0.62889274303,0.027027027027,0.06,0.05,20261212,1000,simple_null_vs_simple_alternative
fair_null,552,0,14,-7.38321834475,0.000621597149451,20,0,0.631535972574,0.027027027027,0.06,0.05,20261212,1000,simple_null_vs_simple_alternative
fair_null,553,0,14,-7.41769477428,0.000600531912719,20,0,0.634169791835,0.027027027027,0.06,0.05,20261212,1000,simple_null_vs_simple_alternative
fair_null,554,0,14,-7.45217120381,0.000580180553455,20,0,0.636794119854,0.027027027027,0.06,0.05,20261212,1000,simple_null_vs_simple_alternative
fair_null,555,0,14,-7.48664763334,0.000560518879144,20,0,0.639408877212,0.027027027027,0.06,0.05,20261212,1000,simple_null_vs_simple_alternative
fair_null,556,0,14,-7.52112406287,0.000541523517128,20,0,0.642013986018,0.027027027027,0.06,0.05,20261212,1000,simple_null_vs_simple_alternative
fair_null,557,0,14,-7.5556004924,0.000523171886825,20,0,0.644609369915,0.027027027027,0.06,0.05,20261212,1000,simple_null_vs_simple_alternative
fair_null,558,0,14,-7.59007692193,0.000505442172883,20,0,0.647194954071,0.027027027027,0.06,0.05,20261212,1000,simple_null_vs_simple_alternative
fair_null,559,1,15,-6.79256972604,0.0011220816238,20,0,0.54692620015,0.027027027027,0.06,0.05,20261212,1000,simple_null_vs_simple_alternative
fair_null,560,0,15,-6.82704615557,0.00108405552433,20,0,0.549705780286,0.027027027027,0.06,0.05,20261212,1000,simple_null_vs_simple_alternative
fair_null,561,0,15,-6.8615225851,0.00104731808711,20,0,0.55247958167,0.027027027027,0.06,0.05,20261212,1000,simple_null_vs_simple_alternative
fair_null,562,0,15,-6.89599901463,0.00101182564083,20,0,0.555247489804,0.027027027027,0.06,0.05,20261212,1000,simple_null_vs_simple_alternative
fair_null,563,0,15,-6.93047544416,0.000977535994111,20,0,0.55800939143,0.027027027027,0.06,0.05,20261212,1000,simple_null_vs_simple_alternative
fair_null,564,0,15,-6.96495187369,0.000944408385422,20,0,0.560765174533,0.027027027027,0.06,0.05,20261212,1000,simple_null_vs_simple_alternative
fair_null,565,0,15,-6.99942830322,0.000912403434583,20,0,0.563514728347,0.027027027027,0.06,0.05,20261212,1000,simple_null_vs_simple_alternative
fair_null,566,0,15,-7.03390473275,0.000881483095966,20,0,0.566257943365,0.027027027027,0.06,0.05,20261212,1000,simple_null_vs_simple_alternative
fair_null,567,0,15,-7.06838116228,0.00085161061327,20,0,0.568994711345,0.027027027027,0.06,0.05,20261212,1000,simple_null_vs_simple_alternative
fair_null,568,0,15,-7.10285759181,0.00082275047582,20,0,0.571724925312,0.027027027027,0.06,0.05,20261212,1000,simple_null_vs_simple_alternative
fair_null,569,0,15,-7.13733402134,0.000794868376362,20,0,0.574448479572,0.027027027027,0.06,0.05,20261212,1000,simple_null_vs_simple_alternative
fair_null,570,0,15,-7.17181045087,0.000767931170274,20,0,0.577165269709,0.027027027027,0.06,0.05,20261212,1000,simple_null_vs_simple_alternative
fair_null,571,0,15,-7.2062868804,0.00074190683617,20,0,0.579875192594,0.027027027027,0.06,0.05,20261212,1000,simple_null_vs_simple_alternative
fair_null,572,0,15,-7.24076330993,0.000716764437833,20,0,0.582578146393,0.027027027027,0.06,0.05,20261212,1000,simple_null_vs_simple_alternative
fair_null,573,0,15,-7.27523973946,0.00069247408744,20,0,0.585274030565,0.027027027027,0.06,0.05,20261212,1000,simple_null_vs_simple_alternative
fair_null,574,0,15,-7.30971616899,0.000669006910032,20,0,0.587962745873,0.027027027027,0.06,0.05,20261212,1000,simple_null_vs_simple_alternative
fair_null,575,0,15,-7.34419259852,0.000646335009192,20,0,0.590644194382,0.027027027027,0.06,0.05,20261212,1000,simple_null_vs_simple_alternative
fair_null,576,0,15,-7.37866902805,0.000624431433881,20,0,0.593318279469,0.027027027027,0.06,0.05,20261212,1000,simple_null_vs_simple_alternative
fair_null,577,0,15,-7.41314545758,0.000603270146399,20,0,0.595984905821,0.027027027027,0.06,0.05,20261212,1000,simple_null_vs_simple_alternative
fair_null,578,0,15,-7.44762188711,0.000582825991438,20,0,0.598643979441,0.027027027027,0.06,0.05,20261212,1000,simple_null_vs_simple_alternative
fair_null,579,0,15,-7.48209831664,0.000563074666173,20,0,0.601295407651,0.027027027027,0.06,0.05,20261212,1000,simple_null_vs_simple_alternative
fair_null,580,0,15,-7.51657474617,0.000543992691374,20,0,0.603939099093,0.027027027027,0.06,0.05,20261212,1000,simple_null_vs_simple_alternative
fair_null,581,0,15,-7.5510511757,0.0005255573835,20,0,0.606574963735,0.027027027027,0.06,0.05,20261212,1000,simple_null_vs_simple_alternative
fair_null,582,0,15,-7.58552760523,0.000507746827726,20,0,0.609202912867,0.027027027027,0.06,0.05,20261212,1000,simple_null_vs_simple_alternative
fair_null,583,0,15,-7.62000403476,0.000490539851897,20,0,0.611822859109,0.027027027027,0.06,0.05,20261212,1000,simple_null_vs_simple_alternative
fair_null,584,0,15,-7.65448046429,0.000473916001361,20,0,0.614434716408,0.027027027027,0.06,0.05,20261212,1000,simple_null_vs_simple_alternative
fair_null,585,0,15,-7.68895689382,0.000457855514648,20,0,0.617038400043,0.027027027027,0.06,0.05,20261212,1000,simple_null_vs_simple_alternative
fair_null,586,0,15,-7.72343332335,0.000442339299985,20,0,0.619633826623,0.027027027027,0.06,0.05,20261212,1000,simple_null_vs_simple_alternative
fair_null,587,0,15,-7.75790975288,0.000427348912597,20,0,0.622220914088,0.027027027027,0.06,0.05,20261212,1000,simple_null_vs_simple_alternative
fair_null,588,0,15,-7.79238618241,0.000412866532781,20,0,0.624799581714,0.027027027027,0.06,0.05,20261212,1000,simple_null_vs_simple_alternative
fair_null,589,0,15,-7.82686261194,0.000398874944726,20,0,0.627369750105,0.027027027027,0.06,0.05,20261212,1000,simple_null_vs_simple_alternative
fair_null,590,0,15,-7.86133904147,0.000385357516043,20,0,0.629931341201,0.027027027027,0.06,0.05,20261212,1000,simple_null_vs_simple_alternative
fair_null,591,0,15,-7.895815471,0.000372298178,20,0,0.632484278273,0.027027027027,0.06,0.05,20261212,1000,simple_null_vs_simple_alternative
fair_null,592,0,15,-7.93029190053,0.000359681406412,20,0,0.635028485925,0.027027027027,0.06,0.05,20261212,1000,simple_null_vs_simple_alternative
fair_null,593,0,15,-7.96476833006,0.000347492203194,20,0,0.637563890089,0.027027027027,0.06,0.05,20261212,1000,simple_null_vs_simple_alternative
fair_null,594,0,15,-7.99924475959,0.000335716078531,20,0,0.640090418032,0.027027027027,0.06,0.05,20261212,1000,simple_null_vs_simple_alternative
fair_null,595,0,15,-8.03372118912,0.000324339033647,20,0,0.642607998345,0.027027027027,0.06,0.05,20261212,1000,simple_null_vs_simple_alternative
fair_null,596,0,15,-8.06819761865,0.000313347544174,20,0,0.645116560949,0.027027027027,0.06,0.05,20261212,1000,simple_null_vs_simple_alternative
fair_null,597,0,15,-8.10267404818,0.000302728544065,20,0,0.647616037091,0.027027027027,0.06,0.05,20261212,1000,simple_null_vs_simple_alternative
fair_null,598,0,15,-8.13715047771,0.000292469410072,20,0,0.65010635934,0.027027027027,0.06,0.05,20261212,1000,simple_null_vs_simple_alternative
fair_null,599,0,15,-8.17162690724,0.000282557946731,20,0,0.652587461588,0.027027027027,0.06,0.05,20261212,1000,simple_null_vs_simple_alternative
fair_null,600,0,15,-8.20610333677,0.000272982371869,20,0,0.655059279046,0.027027027027,0.06,0.05,20261212,1000,simple_null_vs_simple_alternative
fair_null,601,0,15,-8.2405797663,0.0002637313026,20,0,0.657521748242,0.027027027027,0.06,0.05,20261212,1000,simple_null_vs_simple_alternative
fair_null,602,0,15,-8.27505619583,0.00025479374179,20,0,0.659974807016,0.027027027027,0.06,0.05,20261212,1000,simple_null_vs_simple_alternative
fair_null,603,0,15,-8.30953262536,0.000246159064985,20,0,0.662418394521,0.027027027027,0.06,0.05,20261212,1000,simple_null_vs_simple_alternative
fair_null,604,1,16,-7.51202542948,0.000546473124267,20,0,0.566841101634,0.027027027027,0.06,0.05,20261212,1000,simple_null_vs_simple_alternative
fair_null,605,0,16,-7.54650185901,0.000527953757278,20,0,0.569490057028,0.027027027027,0.06,0.05,20261212,1000,simple_null_vs_simple_alternative
fair_null,606,0,16,-7.58097828854,0.000510061991059,20,0,0.572132945186,0.027027027027,0.06,0.05,20261212,1000,simple_null_vs_simple_alternative
fair_null,607,1,17,-6.78347109265,0.00113233762015,20,0,0.474738945103,0.027027027027,0.06,0.05,20261212,1000,simple_null_vs_simple_alternative
fair_null,608,0,17,-6.81794752218,0.00109396395636,20,0,0.477442478192,0.027027027027,0.06,0.05,20261212,1000,simple_null_vs_simple_alternative
fair_null,609,0,17,-6.85242395171,0.00105689073339,20,0,0.480144036457,0.027027027027,0.06,0.05,20261212,1000,simple_null_vs_simple_alternative
fair_null,610,0,17,-6.88690038124,0.00102107388076,20,0,0.482843501541,0.027027027027,0.06,0.05,20261212,1000,simple_null_vs_simple_alternative
fair_null,611,0,17,-6.92137681077,0.000986470821467,20,0,0.485540755761,0.027027027027,0.06,0.05,20261212,1000,simple_null_vs_simple_alternative
fair_null,612,0,17,-6.9558532403,0.000953040421406,20,0,0.488235682122,0.027027027027,0.06,0.05,20261212,1000,simple_null_vs_simple_alternative
fair_null,613,0,17,-6.99032966983,0.000920742940459,20,0,0.490928164326,0.027027027027,0.06,0.05,20261212,1000,simple_null_vs_simple_alternative
fair_null,614,0,17,-7.02480609936,0.000889539985254,20,0,0.493618086789,0.027027027027,0.06,0.05,20261212,1000,simple_null_vs_simple_alternative
fair_null,615,0,17,-7.05928252889,0.000859394463532,20,0,0.496305334648,0.027027027027,0.06,0.05,20261212,1000,simple_null_vs_simple_alternative
fair_null,616,0,17,-7.09375895842,0.000830270540045,20,0,0.498989793773,0.027027027027,0.06,0.05,20261212,1000,simple_null_vs_simple_alternative
fair_null,617,0,17,-7.12823538795,0.000802133593966,20,0,0.50167135078,0.027027027027,0.06,0.05,20261212,1000,simple_null_vs_simple_alternative
fair_null,618,0,17,-7.16271181748,0.000774950177726,20,0,0.504349893041,0.027027027027,0.06,0.05,20261212,1000,simple_null_vs_simple_alternative
fair_null,619,1,18,-6.3652046216,0.00172038939455,20,0,0.409608703516,0.027027027027,0.06,0.05,20261212,1000,simple_null_vs_simple_alternative
fair_null,620,0,18,-6.39968105113,0.00166208730951,20,0,0.412241584737,0.027027027027,0.06,0.05,20261212,1000,simple_null_vs_simple_alternative
fair_null,621,0,18,-6.43415748066,0.00160576101736,20,0,0.414875528032,0.027027027027,0.06,0.05,20261212,1000,simple_null_vs_simple_alternative
fair_null,622,0,18,-6.46863391019,0.00155134356066,20,0,0.41751041421,0.027027027027,0.06,0.05,20261212,1000,simple_null_vs_simple_alternative
fair_null,623,0,18,-6.50311033972,0.0014987702511,20,0,0.420146124341,0.027027027027,0.06,0.05,20261212,1000,simple_null_vs_simple_alternative
fair_null,624,0,18,-6.53758676925,0.00144797859259,20,0,0.422782539774,0.027027027027,0.06,0.05,20261212,1000,simple_null_vs_simple_alternative
fair_null,625,0,18,-6.57206319878,0.00139890820696,20,0,0.425419542146,0.027027027027,0.06,0.05,20261212,1000,simple_null_vs_simple_alternative
fair_null,626,0,18,-6.60653962831,0.00135150076216,20,0,0.428057013402,0.027027027027,0.06,0.05,20261212,1000,simple_null_vs_simple_alternative
fair_null,627,0,18,-6.64101605784,0.001305699903,20,0,0.430694835805,0.027027027027,0.06,0.05,20261212,1000,simple_null_vs_simple_alternative
fair_null,628,0,18,-6.67549248737,0.00126145118407,20,0,0.433332891955,0.027027027027,0.06,0.05,20261212,1000,simple_null_vs_simple_alternative
fair_null,629,0,18,-6.7099689169,0.00121870200505,20,0,0.435971064797,0.027027027027,0.06,0.05,20261212,1000,simple_null_vs_simple_alternative
fair_null,630,0,18,-6.74444534643,0.00117740154821,20,0,0.438609237638,0.027027027027,0.06,0.05,20261212,1000,simple_null_vs_simple_alternative
fair_null,631,0,18,-6.77892177596,0.00113750071797,20,0,0.441247294164,0.027027027027,0.06,0.05,20261212,1000,simple_null_vs_simple_alternative
fair_null,632,0,18,-6.81339820549,0.00109895208253,20,0,0.443885118445,0.027027027027,0.06,0.05,20261212,1000,simple_null_vs_simple_alternative
fair_null,633,1,19,-6.0158910096,0.00243967362321,20,0,0.353771337586,0.027027027027,0.06,0.05,20261212,1000,simple_null_vs_simple_alternative
fair_null,634,0,19,-6.05036743913,0.00235699579487,20,0,0.356278128326,0.027027027027,0.06,0.05,20261212,1000,simple_null_vs_simple_alternative
fair_null,635,0,19,-6.08484386866,0.00227711982626,20,0,0.358788438603,0.027027027027,0.06,0.05,20261212,1000,simple_null_vs_simple_alternative
fair_null,636,0,19,-6.11932029819,0.00219995076548,20,0,0.361302157686,0.027027027027,0.06,0.05,20261212,1000,simple_null_vs_simple_alternative
fair_null,637,0,19,-6.15379672772,0.00212539687843,20,0,0.363819174747,0.027027027027,0.06,0.05,20261212,1000,simple_null_vs_simple_alternative
fair_null,638,0,19,-6.18827315725,0.00205336953977,20,0,0.36633937888,0.027027027027,0.06,0.05,20261212,1000,simple_null_vs_simple_alternative
fair_null,639,0,19,-6.22274958678,0.00198378312759,20,0,0.368862659112,0.027027027027,0.06,0.05,20261212,1000,simple_null_vs_simple_alternative
fair_null,640,0,19,-6.25722601631,0.0019165549216,20,0,0.37138890442,0.027027027027,0.06,0.05,20261212,1000,simple_null_vs_simple_alternative
fair_null,641,0,19,-6.29170244584,0.00185160500481,20,0,0.373918003747,0.027027027027,0.06,0.05,20261212,1000,simple_null_vs_simple_alternative
fair_null,642,0,19,-6.32617887537,0.00178885616854,20,0,0.376449846012,0.027027027027,0.06,0.05,20261212,1000,simple_null_vs_simple_alternative
fair_null,643,0,19,-6.3606553049,0.00172823382061,20,0,0.378984320131,0.027027027027,0.06,0.05,20261212,1000,simple_null_vs_simple_alternative
fair_null,644,0,19,-6.39513173443,0.00166966589669,20,0,0.381521315023,0.027027027027,0.06,0.05,20261212,1000,simple_null_vs_simple_alternative
fair_null,645,0,19,-6.42960816396,0.00161308277463,20,0,0.384060719634,0.027027027027,0.06,0.05,20261212,1000,simple_null_vs_simple_alternative
fair_null,646,0,19,-6.46408459349,0.00155841719171,20,0,0.386602422942,0.027027027027,0.06,0.05,20261212,1000,simple_null_vs_simple_alternative
fair_null,647,0,19,-6.49856102302,0.00150560416466,20,0,0.38914631398,0.027027027027,0.06,0.05,20261212,1000,simple_null_vs_simple_alternative
fair_null,648,0,19,-6.53303745255,0.00145458091241,20,0,0.391692281841,0.027027027027,0.06,0.05,20261212,1000,simple_null_vs_simple_alternative
fair_null,649,0,19,-6.56751388208,0.00140528678149,20,0,0.394240215701,0.027027027027,0.06,0.05,20261212,1000,simple_null_vs_simple_alternative
fair_null,650,0,19,-6.60199031161,0.0013576631739,20,0,0.396790004826,0.027027027027,0.06,0.05,20261212,1000,simple_null_vs_simple_alternative
fair_null,651,1,20,-5.80448311573,0.00301401224605,20,0,0.311917934375,0.027027027027,0.06,0.05,20261212,1000,simple_null_vs_simple_alternative
fair_null,652,0,20,-5.83895954526,0.00291187071994,20,0,0.314280734489,0.027027027027,0.06,0.05,20261212,1000,simple_null_vs_simple_alternative
fair_null,653,0,20,-5.87343597479,0.00281319065665,20,0,0.316648679678,0.027027027027,0.06,0.05,20261212,1000,simple_null_vs_simple_alternative
fair_null,654,0,20,-5.90791240432,0.00271785475106,20,0,0.319021672069,0.027027027027,0.06,0.05,20261212,1000,simple_null_vs_simple_alternative
fair_null,655,0,20,-5.94238883385,0.00262574967339,20,0,0.321399613455,0.027027027027,0.06,0.05,20261212,1000,simple_null_vs_simple_alternative
fair_null,656,0,20,-5.97686526338,0.00253676593446,20,0,0.323782405307,0.027027027027,0.06,0.05,20261212,1000,simple_null_vs_simple_alternative
fair_null,657,0,20,-6.01134169291,0.00245079775557,20,0,0.326169948791,0.027027027027,0.06,0.05,20261212,1000,simple_null_vs_simple_alternative
fair_null,658,0,20,-6.04581812244,0.00236774294274,20,0,0.328562144779,0.027027027027,0.06,0.05,20261212,1000,simple_null_vs_simple_alternative
fair_null,659,0,20,-6.08029455197,0.00228750276524,20,0,0.330958893862,0.027027027027,0.06,0.05,20261212,1000,simple_null_vs_simple_alternative
fair_null,660,0,20,-6.1147709815,0.00220998183819,20,0,0.333360096364,0.027027027027,0.06,0.05,20261212,1000,simple_null_vs_simple_alternative
fair_null,661,0,20,-6.14924741103,0.00213508800923,20,0,0.335765652355,0.027027027027,0.06,0.05,20261212,1000,simple_null_vs_simple_alternative
fair_null,662,0,20,-6.18372384056,0.00206273224892,20,0,0.338175461665,0.027027027027,0.06,0.05,20261212,1000,simple_null_vs_simple_alternative
fair_null,663,0,20,-6.21820027009,0.00199282854493,20,0,0.340589423899,0.027027027027,0.06,0.05,20261212,1000,simple_null_vs_simple_alternative
fair_null,664,0,20,-6.25267669962,0.00192529379979,20,0,0.343007438444,0.027027027027,0.06,0.05,20261212,1000,simple_null_vs_simple_alternative
fair_null,665,0,20,-6.28715312915,0.00186004773213,20,0,0.34542940449,0.027027027027,0.06,0.05,20261212,1000,simple_null_vs_simple_alternative
fair_null,666,0,20,-6.32162955868,0.00179701278121,20,0,0.347855221038,0.027027027027,0.06,0.05,20261212,1000,simple_null_vs_simple_alternative
fair_null,667,0,20,-6.35610598821,0.00173611401474,20,0,0.350284786917,0.027027027027,0.06,0.05,20261212,1000,simple_null_vs_simple_alternative
fair_null,668,0,20,-6.39058241774,0.00167727903979,20,0,0.352718000792,0.027027027027,0.06,0.05,20261212,1000,simple_null_vs_simple_alternative
fair_null,669,0,20,-6.42505884727,0.00162043791678,20,0,0.355154761183,0.027027027027,0.06,0.05,20261212,1000,simple_null_vs_simple_alternative
fair_null,670,0,20,-6.4595352768,0.00156552307626,20,0,0.357594966475,0.027027027027,0.06,0.05,20261212,1000,simple_null_vs_simple_alternative
fair_null,671,0,20,-6.49401170633,0.00151246923868,20,0,0.360038514929,0.027027027027,0.06,0.05,20261212,1000,simple_null_vs_simple_alternative
fair_null,672,0,20,-6.52848813586,0.0014612133367,20,0,0.362485304702,0.027027027027,0.06,0.05,20261212,1000,simple_null_vs_simple_alternative
fair_null,673,0,20,-6.56296456539,0.00141169444029,20,0,0.364935233852,0.027027027027,0.06,0.05,20261212,1000,simple_null_vs_simple_alternative
fair_null,674,0,20,-6.59744099492,0.00136385368426,20,0,0.367388200354,0.027027027027,0.06,0.05,20261212,1000,simple_null_vs_simple_alternative
fair_null,675,0,20,-6.63191742445,0.00131763419829,20,0,0.369844102117,0.027027027027,0.06,0.05,20261212,1000,simple_null_vs_simple_alternative
fair_null,676,0,20,-6.66639385398,0.00127298103935,20,0,0.37230283699,0.027027027027,0.06,0.05,20261212,1000,simple_null_vs_simple_alternative
fair_null,677,0,20,-6.70087028351,0.00122984112635,20,0,0.374764302779,0.027027027027,0.06,0.05,20261212,1000,simple_null_vs_simple_alternative
fair_null,678,0,20,-6.73534671304,0.00118816317707,20,0,0.377228397259,0.027027027027,0.06,0.05,20261212,1000,simple_null_vs_simple_alternative
fair_null,679,0,20,-6.76982314257,0.00114789764718,20,0,0.379695018186,0.027027027027,0.06,0.05,20261212,1000,simple_null_vs_simple_alternative
fair_null,680,0,20,-6.8042995721,0.00110899667136,20,0,0.382164063311,0.027027027027,0.06,0.05,20261212,1000,simple_null_vs_simple_alternative
fair_null,681,0,20,-6.83877600163,0.00107141400638,20,0,0.38463543039,0.027027027027,0.06,0.05,20261212,1000,simple_null_vs_simple_alternative
fair_null,682,0,20,-6.87325243116,0.00103510497617,20,0,0.3871090172,0.027027027027,0.06,0.05,20261212,1000,simple_null_vs_simple_alternative
fair_null,683,0,20,-6.90772886069,0.00100002641864,20,0,0.389584721547,0.027027027027,0.06,0.05,20261212,1000,simple_null_vs_simple_alternative
fair_null,684,0,20,-6.94220529022,0.000966136634455,20,0,0.392062441284,0.027027027027,0.06,0.05,20261212,1000,simple_null_vs_simple_alternative
fair_null,685,0,20,-6.97668171975,0.000933395337399,20,0,0.394542074318,0.027027027027,0.06,0.05,20261212,1000,simple_null_vs_simple_alternative
fair_null,686,0,20,-7.01115814928,0.00090176360652,20,0,0.397023518625,0.027027027027,0.06,0.05,20261212,1000,simple_null_vs_simple_alternative
fair_null,687,0,20,-7.04563457881,0.000871203839855,20,0,0.399506672262,0.027027027027,0.06,0.05,20261212,1000,simple_null_vs_simple_alternative
fair_null,688,0,20,-7.08011100834,0.000841679709726,20,0,0.401991433379,0.027027027027,0.06,0.05,20261212,1000,simple_null_vs_simple_alternative
fair_null,689,0,20,-7.11458743787,0.000813156119564,20,0,0.404477700228,0.027027027027,0.06,0.05,20261212,1000,simple_null_vs_simple_alternative
fair_null,690,0,20,-7.1490638674,0.000785599162178,20,0,0.406965371182,0.027027027027,0.06,0.05,20261212,1000,simple_null_vs_simple_alternative
fair_null,691,0,20,-7.18354029693,0.00075897607946,20,0,0.409454344739,0.027027027027,0.06,0.05,20261212,1000,simple_null_vs_simple_alternative
fair_null,692,0,20,-7.21801672646,0.000733255223434,20,0,0.411944519537,0.027027027027,0.06,0.05,20261212,1000,simple_null_vs_simple_alternative
fair_null,693,0,20,-7.25249315599,0.00070840601864,20,0,0.414435794369,0.027027027027,0.06,0.05,20261212,1000,simple_null_vs_simple_alternative
fair_null,694,0,20,-7.28696958552,0.000684398925786,20,0,0.416928068188,0.027027027027,0.06,0.05,20261212,1000,simple_null_vs_simple_alternative
fair_null,695,0,20,-7.32144601505,0.000661205406634,20,0,0.419421240123,0.027027027027,0.06,0.05,20261212,1000,simple_null_vs_simple_alternative
fair_null,696,0,20,-7.35592244458,0.000638797890076,20,0,0.421915209491,0.027027027027,0.06,0.05,20261212,1000,simple_null_vs_simple_alternative
fair_null,697,0,20,-7.39039887411,0.000617149739357,20,0,0.424409875805,0.027027027027,0.06,0.05,20261212,1000,simple_null_vs_simple_alternative
fair_null,698,0,20,-7.42487530364,0.000596235220412,20,0,0.426905138786,0.027027027027,0.06,0.05,20261212,1000,simple_null_vs_simple_alternative
fair_null,699,0,20,-7.45935173317,0.000576029471276,20,0,0.429400898376,0.027027027027,0.06,0.05,20261212,1000,simple_null_vs_simple_alternative
fair_null,700,0,20,-7.4938281627,0.000556508472527,20,0,0.431897054748,0.027027027027,0.06,0.05,20261212,1000,simple_null_vs_simple_alternative
fair_null,701,0,20,-7.52830459223,0.000537649018736,20,0,0.434393508317,0.027027027027,0.06,0.05,20261212,1000,simple_null_vs_simple_alternative
fair_null,702,0,20,-7.56278102176,0.000519428690879,20,0,0.43689015975,0.027027027027,0.06,0.05,20261212,1000,simple_null_vs_simple_alternative
fair_null,703,0,20,-7.59725745129,0.000501825829688,20,0,0.439386909979,0.027027027027,0.06,0.05,20261212,1000,simple_null_vs_simple_alternative
fair_null,704,0,20,-7.63173388082,0.000484819509904,20,0,0.441883660207,0.027027027027,0.06,0.05,20261212,1000,simple_null_vs_simple_alternative
fair_null,705,0,20,-7.66621031035,0.000468389515402,20,0,0.444380311925,0.027027027027,0.06,0.05,20261212,1000,simple_null_vs_simple_alternative
fair_null,706,0,20,-7.70068673988,0.000452516315157,20,0,0.446876766917,0.027027027027,0.06,0.05,20261212,1000,simple_null_vs_simple_alternative
fair_null,707,0,20,-7.73516316941,0.000437181040033,20,0,0.449372927272,0.027027027027,0.06,0.05,20261212,1000,simple_null_vs_simple_alternative
fair_null,708,0,20,-7.76963959894,0.000422365460343,20,0,0.451868695396,0.027027027027,0.06,0.05,20261212,1000,simple_null_vs_simple_alternative
fair_null,709,0,20,-7.80411602847,0.000408051964187,20,0,0.454363974019,0.027027027027,0.06,0.05,20261212,1000,simple_null_vs_simple_alternative
fair_null,710,0,20,-7.838592458,0.000394223536511,20,0,0.456858666208,0.027027027027,0.06,0.05,20261212,1000,simple_null_vs_simple_alternative
fair_null,711,0,20,-7.87306888753,0.000380863738885,20,0,0.459352675373,0.027027027027,0.06,0.05,20261212,1000,simple_null_vs_simple_alternative
fair_null,712,0,20,-7.90754531706,0.000367956689956,20,0,0.461845905283,0.027027027027,0.06,0.05,20261212,1000,simple_null_vs_simple_alternative
fair_null,713,0,20,-7.94202174659,0.000355487046574,20,0,0.464338260068,0.027027027027,0.06,0.05,20261212,1000,simple_null_vs_simple_alternative
fair_null,714,0,20,-7.97649817612,0.000343439985552,20,0,0.466829644235,0.027027027027,0.06,0.05,20261212,1000,simple_null_vs_simple_alternative
fair_null,715,0,20,-8.01097460565,0.000331801186041,20,0,0.469319962672,0.027027027027,0.06,0.05,20261212,1000,simple_null_vs_simple_alternative
fair_null,716,0,20,-8.04545103518,0.000320556812514,20,0,0.471809120663,0.027027027027,0.06,0.05,20261212,1000,simple_null_vs_simple_alternative
fair_null,717,0,20,-8.07992746471,0.000309693498312,20,0,0.474297023892,0.027027027027,0.06,0.05,20261212,1000,simple_null_vs_simple_alternative
fair_null,718,0,20,-8.11440389424,0.000299198329759,20,0,0.476783578454,0.027027027027,0.06,0.05,20261212,1000,simple_null_vs_simple_alternative
fair_null,719,0,20,-8.14888032377,0.000289058830806,20,0,0.479268690868,0.027027027027,0.06,0.05,20261212,1000,simple_null_vs_simple_alternative
fair_null,720,0,20,-8.1833567533,0.000279262948206,20,0,0.481752268076,0.027027027027,0.06,0.05,20261212,1000,simple_null_vs_simple_alternative
fair_null,721,0,20,-8.21783318283,0.000269799037184,20,0,0.484234217463,0.027027027027,0.06,0.05,20261212,1000,simple_null_vs_simple_alternative
fair_null,722,0,20,-8.25230961236,0.00026065584759,20,0,0.486714446857,0.027027027027,0.06,0.05,20261212,1000,simple_null_vs_simple_alternative
fair_null,723,0,20,-8.28678604189,0.000251822510533,20,0,0.489192864543,0.027027027027,0.06,0.05,20261212,1000,simple_null_vs_simple_alternative
fair_null,724,0,20,-8.32126247142,0.000243288525454,20,0,0.491669379266,0.027027027027,0.06,0.05,20261212,1000,simple_null_vs_simple_alternative
fair_null,725,0,20,-8.35573890095,0.000235043747647,20,0,0.494143900245,0.027027027027,0.06,0.05,20261212,1000,simple_null_vs_simple_alternative
fair_null,726,0,20,-8.39021533048,0.000227078376199,20,0,0.496616337179,0.027027027027,0.06,0.05,20261212,1000,simple_null_vs_simple_alternative
fair_null,727,0,20,-8.42469176001,0.000219382942339,20,0,0.49908660025,0.027027027027,0.06,0.05,20261212,1000,simple_null_vs_simple_alternative
fair_null,728,0,20,-8.45916818954,0.000211948298182,20,0,0.501554600139,0.027027027027,0.06,0.05,20261212,1000,simple_null_vs_simple_alternative
fair_null,729,0,20,-8.49364461907,0.000204765605854,20,0,0.504020248029,0.027027027027,0.06,0.05,20261212,1000,simple_null_vs_simple_alternative
fair_null,730,0,20,-8.5281210486,0.000197826326989,20,0,0.506483455613,0.027027027027,0.06,0.05,20261212,1000,simple_null_vs_simple_alternative
fair_null,731,0,20,-8.56259747813,0.000191122212575,20,0,0.508944135102,0.027027027027,0.06,0.05,20261212,1000,simple_null_vs_simple_alternative
fair_null,732,0,20,-8.59707390766,0.000184645293148,20,0,0.511402199231,0.027027027027,0.06,0.05,20261212,1000,simple_null_vs_simple_alternative
fair_null,733,0,20,-8.63155033719,0.000178387869325,20,0,0.513857561269,0.027027027027,0.06,0.05,20261212,1000,simple_null_vs_simple_alternative
fair_null,734,0,20,-8.66602676672,0.000172342502642,20,0,0.516310135024,0.027027027027,0.06,0.05,20261212,1000,simple_null_vs_simple_alternative
fair_null,735,0,20,-8.70050319625,0.00016650200672,20,0,0.518759834851,0.027027027027,0.06,0.05,20261212,1000,simple_null_vs_simple_alternative
fair_null,736,0,20,-8.73497962578,0.000160859438714,20,0,0.521206575656,0.027027027027,0.06,0.05,20261212,1000,simple_null_vs_simple_alternative
fair_null,737,0,20,-8.76945605531,0.000155408091069,20,0,0.523650272907,0.027027027027,0.06,0.05,20261212,1000,simple_null_vs_simple_alternative
fair_null,738,0,20,-8.80393248484,0.000150141483538,20,0,0.526090842637,0.027027027027,0.06,0.05,20261212,1000,simple_null_vs_simple_alternative
fair_null,739,0,20,-8.83840891437,0.000145053355485,20,0,0.528528201454,0.027027027027,0.06,0.05,20261212,1000,simple_null_vs_simple_alternative
fair_null,740,0,20,-8.8728853439,0.000140137658438,20,0,0.530962266543,0.027027027027,0.06,0.05,20261212,1000,simple_null_vs_simple_alternative
fair_null,741,0,20,-8.90736177343,0.000135388548902,20,0,0.533392955674,0.027027027027,0.06,0.05,20261212,1000,simple_null_vs_simple_alternative
fair_null,742,0,20,-8.94183820296,0.000130800381411,20,0,0.535820187211,0.027027027027,0.06,0.05,20261212,1000,simple_null_vs_simple_alternative
fair_null,743,0,20,-8.97631463249,0.000126367701819,20,0,0.538243880112,0.027027027027,0.06,0.05,20261212,1000,simple_null_vs_simple_alternative
fair_null,744,0,20,-9.01079106202,0.000122085240813,20,0,0.540663953941,0.027027027027,0.06,0.05,20261212,1000,simple_null_vs_simple_alternative
fair_null,745,0,20,-9.04526749155,0.000117947907652,20,0,0.543080328869,0.027027027027,0.06,0.05,20261212,1000,simple_null_vs_simple_alternative
fair_null,746,0,20,-9.07974392108,0.000113950784115,20,0,0.545492925681,0.027027027027,0.06,0.05,20261212,1000,simple_null_vs_simple_alternative
fair_null,747,0,20,-9.11422035061,0.000110089118653,20,0,0.547901665782,0.027027027027,0.06,0.05,20261212,1000,simple_null_vs_simple_alternative
fair_null,748,0,20,-9.14869678014,0.000106358320743,20,0,0.550306471202,0.027027027027,0.06,0.05,20261212,1000,simple_null_vs_simple_alternative
fair_null,749,0,20,-9.18317320967,0.000102753955429,20,0,0.552707264601,0.027027027027,0.06,0.05,20261212,1000,simple_null_vs_simple_alternative
fair_null,750,0,20,-9.2176496392,9.92717380509e-05,20,0,0.555103969274,0.027027027027,0.06,0.05,20261212,1000,simple_null_vs_simple_alternative
fair_null,751,0,20,-9.25212606873,9.59075291502e-05,20,0,0.557496509155,0.027027027027,0.06,0.05,20261212,1000,simple_null_vs_simple_alternative
fair_null,752,0,20,-9.28660249826,9.26573295513e-05,20,0,0.559884808824,0.027027027027,0.06,0.05,20261212,1000,simple_null_vs_simple_alternative
fair_null,753,0,20,-9.32107892779,8.95172756054e-05,20,0,0.562268793509,0.027027027027,0.06,0.05,20261212,1000,simple_null_vs_simple_alternative
fair_null,754,0,20,-9.35555535732,8.64836345987e-05,20,0,0.564648389092,0.027027027027,0.06,0.05,20261212,1000,simple_null_vs_simple_alternative
fair_null,755,0,20,-9.39003178685,8.35528003151e-05,20,0,0.567023522112,0.027027027027,0.06,0.05,20261212,1000,simple_null_vs_simple_alternative
fair_null,756,1,21,-8.59252459096,0.0001854872167,20,0,0.479785528195,0.027027027027,0.06,0.05,20261212,1000,simple_null_vs_simple_alternative
fair_null,757,0,21,-8.62700102049,0.000179201261023,20,0,0.482207382021,0.027027027027,0.06,0.05,20261212,1000,simple_null_vs_simple_alternative
fair_null,758,0,21,-8.66147745002,0.000173128329399,20,0,0.484627726019,0.027027027027,0.06,0.05,20261212,1000,simple_null_vs_simple_alternative
fair_null,759,0,21,-8.69595387955,0.00016726120268,20,0,0.487046474537,0.027027027027,0.06,0.05,20261212,1000,simple_null_vs_simple_alternative
fair_null,760,0,21,-8.73043030908,0.000161592906367,20,0,0.489463542323,0.027027027027,0.06,0.05,20261212,1000,simple_null_vs_simple_alternative
fair_null,761,0,21,-8.76490673861,0.000156116702318,20,0,0.491878844538,0.027027027027,0.06,0.05,20261212,1000,simple_null_vs_simple_alternative
fair_null,762,0,21,-8.79938316814,0.00015082608074,20,0,0.494292296756,0.027027027027,0.06,0.05,20261212,1000,simple_null_vs_simple_alternative
fair_null,763,0,21,-8.83385959767,0.000145714752448,20,0,0.496703814978,0.027027027027,0.06,0.05,20261212,1000,simple_null_vs_simple_alternative
fair_null,764,0,21,-8.8683360272,0.000140776641393,20,0,0.499113315633,0.027027027027,0.06,0.05,20261212,1000,simple_null_vs_simple_alternative
fair_null,765,0,21,-8.90281245673,0.000136005877434,20,0,0.50152071559,0.027027027027,0.06,0.05,20261212,1000,simple_null_vs_simple_alternative
fair_null,766,0,21,-8.93728888626,0.000131396789366,20,0,0.503925932163,0.027027027027,0.06,0.05,20261212,1000,simple_null_vs_simple_alternative
fair_null,767,0,21,-8.97176531579,0.000126943898171,20,0,0.506328883116,0.027027027027,0.06,0.05,20261212,1000,simple_null_vs_simple_alternative
fair_null,768,0,21,-9.00624174532,0.00012264191051,20,0,0.508729486673,0.027027027027,0.06,0.05,20261212,1000,simple_null_vs_simple_alternative
fair_null,769,0,21,-9.04071817485,0.000118485712432,20,0,0.511127661523,0.027027027027,0.06,0.05,20261212,1000,simple_null_vs_simple_alternative
fair_null,770,0,21,-9.07519460438,0.000114470363289,20,0,0.513523326826,0.027027027027,0.06,0.05,20261212,1000,simple_null_vs_simple_alternative
fair_null,771,0,21,-9.10967103391,0.000110591089866,20,0,0.515916402221,0.027027027027,0.06,0.05,20261212,1000,simple_null_vs_simple_alternative
fair_null,772,0,21,-9.14414746344,0.000106843280709,20,0,0.518306807829,0.027027027027,0.06,0.05,20261212,1000,simple_null_vs_simple_alternative
fair_null,773,0,21,-9.17862389297,0.000103222480641,20,0,0.520694464266,0.027027027027,0.06,0.05,20261212,1000,simple_null_vs_simple_alternative
fair_null,774,0,21,-9.2131003225,9.97243854636e-05,20,0,0.523079292639,0.027027027027,0.06,0.05,20261212,1000,simple_null_vs_simple_alternative
fair_null,775,0,21,-9.24757675203,9.63448368452e-05,20,0,0.525461214561,0.027027027027,0.06,0.05,20261212,1000,simple_null_vs_simple_alternative
fair_null,776,0,21,-9.28205318156,9.30798173743e-05,20,0,0.527840152153,0.027027027027,0.06,0.05,20261212,1000,simple_null_vs_simple_alternative
fair_null,777,0,21,-9.31652961109,8.99254457855e-05,20,0,0.53021602805,0.027027027027,0.06,0.05,20261212,1000,simple_null_vs_simple_alternative
fair_null,778,0,21,-9.35100604062,8.6877972345e-05,20,0,0.532588765405,0.027027027027,0.06,0.05,20261212,1000,simple_null_vs_simple_alternative
fair_null,779,0,21,-9.38548247015,8.39337743933e-05,20,0,0.534958287898,0.027027027027,0.06,0.05,20261212,1000,simple_null_vs_simple_alternative
fair_null,780,0,21,-9.41995889968,8.10893520389e-05,20,0,0.537324519739,0.027027027027,0.06,0.05,20261212,1000,simple_null_vs_simple_alternative
fair_null,781,0,21,-9.45443532921,7.83413239975e-05,20,0,0.539687385674,0.027027027027,0.06,0.05,20261212,1000,simple_null_vs_simple_alternative
fair_null,782,0,21,-9.48891175874,7.56864235732e-05,20,0,0.54204681099,0.027027027027,0.06,0.05,20261212,1000,simple_null_vs_simple_alternative
fair_null,783,0,21,-9.52338818827,7.31214947743e-05,20,0,0.544402721521,0.027027027027,0.06,0.05,20261212,1000,simple_null_vs_simple_alternative
fair_null,784,0,21,-9.5578646178,7.06434885625e-05,20,0,0.546755043651,0.027027027027,0.06,0.05,20261212,1000,simple_null_vs_simple_alternative
fair_null,785,0,21,-9.59234104733,6.82494592279e-05,20,0,0.54910370432,0.027027027027,0.06,0.05,20261212,1000,simple_null_vs_simple_alternative
fair_null,786,0,21,-9.62681747686,6.59365608874e-05,20,0,0.551448631029,0.027027027027,0.06,0.05,20261212,1000,simple_null_vs_simple_alternative
fair_null,787,0,21,-9.66129390639,6.37020441018e-05,20,0,0.553789751844,0.027027027027,0.06,0.05,20261212,1000,simple_null_vs_simple_alternative
fair_null,788,0,21,-9.69577033592,6.15432526072e-05,20,0,0.556126995403,0.027027027027,0.06,0.05,20261212,1000,simple_null_vs_simple_alternative
fair_null,789,0,21,-9.73024676545,5.94576201577e-05,20,0,0.558460290915,0.027027027027,0.06,0.05,20261212,1000,simple_null_vs_simple_alternative
fair_null,790,0,21,-9.76472319498,5.74426674746e-05,20,0,0.56078956817,0.027027027027,0.06,0.05,20261212,1000,simple_null_vs_simple_alternative
fair_null,791,0,21,-9.79919962451,5.54959992991e-05,20,0,0.563114757539,0.027027027027,0.06,0.05,20261212,1000,simple_null_vs_simple_alternative
fair_null,792,0,21,-9.83367605404,5.36153015451e-05,20,0,0.565435789981,0.027027027027,0.06,0.05,20261212,1000,simple_null_vs_simple_alternative
fair_null,793,0,21,-9.86815248357,5.17983385483e-05,20,0,0.567752597046,0.027027027027,0.06,0.05,20261212,1000,simple_null_vs_simple_alternative
fair_null,794,0,21,-9.9026289131,5.00429504086e-05,20,0,0.570065110876,0.027027027027,0.06,0.05,20261212,1000,simple_null_vs_simple_alternative
fair_null,795,0,21,-9.93710534263,4.83470504225e-05,20,0,0.572373264216,0.027027027027,0.06,0.05,20261212,1000,simple_null_vs_simple_alternative
fair_null,796,0,21,-9.97158177216,4.67086226026e-05,20,0,0.574676990409,0.027027027027,0.06,0.05,20261212,1000,simple_null_vs_simple_alternative
fair_null,797,0,21,-10.0060582017,4.51257192811e-05,20,0,0.576976223405,0.027027027027,0.06,0.05,20261212,1000,simple_null_vs_simple_alternative
fair_null,798,0,21,-10.0405346312,4.35964587943e-05,20,0,0.579270897763,0.027027027027,0.06,0.05,20261212,1000,simple_null_vs_simple_alternative
fair_null,799,0,21,-10.0750110608,4.21190232463e-05,20,0,0.581560948654,0.027027027027,0.06,0.05,20261212,1000,simple_null_vs_simple_alternative
fair_null,800,0,21,-10.1094874903,4.06916563474e-05,20,0,0.583846311865,0.027027027027,0.06,0.05,20261212,1000,simple_null_vs_simple_alternative
fair_null,801,0,21,-10.1439639198,3.93126613267e-05,20,0,0.586126923802,0.027027027027,0.06,0.05,20261212,1000,simple_null_vs_simple_alternative
fair_null,802,0,21,-10.1784403493,3.79803989151e-05,20,0,0.58840272149,0.027027027027,0.06,0.05,20261212,1000,simple_null_vs_simple_alternative
fair_null,803,0,21,-10.2129167789,3.66932853963e-05,20,0,0.590673642581,0.027027027027,0.06,0.05,20261212,1000,simple_null_vs_simple_alternative
fair_null,804,0,21,-10.2473932084,3.54497907246e-05,20,0,0.592939625354,0.027027027027,0.06,0.05,20261212,1000,simple_null_vs_simple_alternative
fair_null,805,0,21,-10.2818696379,3.42484367056e-05,20,0,0.595200608716,0.027027027027,0.06,0.05,20261212,1000,simple_null_vs_simple_alternative
fair_null,806,0,21,-10.3163460675,3.30877952394e-05,20,0,0.597456532209,0.027027027027,0.06,0.05,20261212,1000,simple_null_vs_simple_alternative
fair_null,807,1,22,-9.51883887158,7.34549054315e-05,20,0,0.513212161478,0.027027027027,0.06,0.05,20261212,1000,simple_null_vs_simple_alternative
fair_null,808,0,22,-9.55331530111,7.0965600303e-05,20,0,0.515549868898,0.027027027027,0.06,0.05,20261212,1000,simple_null_vs_simple_alternative
fair_null,809,0,22,-9.58779173064,6.85606549594e-05,20,0,0.517885087601,0.027027027027,0.06,0.05,20261212,1000,simple_null_vs_simple_alternative
fair_null,810,0,22,-9.62226816017,6.62372105414e-05,20,0,0.520217743298,0.027027027027,0.06,0.05,20261212,1000,simple_null_vs_simple_alternative
fair_null,811,0,22,-9.6567445897,6.3992505073e-05,20,0,0.522547762143,0.027027027027,0.06,0.05,20261212,1000,simple_null_vs_simple_alternative
fair_null,812,0,22,-9.69122101923,6.18238701789e-05,20,0,0.524875070737,0.027027027027,0.06,0.05,20261212,1000,simple_null_vs_simple_alternative
fair_null,813,0,22,-9.72569744876,5.97287279117e-05,20,0,0.527199596135,0.027027027027,0.06,0.05,20261212,1000,simple_null_vs_simple_alternative
fair_null,814,0,22,-9.76017387829,5.7704587688e-05,20,0,0.52952126585,0.027027027027,0.06,0.05,20261212,1000,simple_null_vs_simple_alternative
fair_null,815,0,22,-9.79465030782,5.57490433275e-05,20,0,0.531840007861,0.027027027027,0.06,0.05,20261212,1000,simple_null_vs_simple_alternative
fair_null,816,0,22,-9.82912673735,5.38597701925e-05,20,0,0.534155750614,0.027027027027,0.06,0.05,20261212,1000,simple_null_vs_simple_alternative
fair_null,817,0,22,-9.86360316688,5.20345224249e-05,20,0,0.53646842303,0.027027027027,0.06,0.05,20261212,1000,simple_null_vs_simple_alternative
fair_null,818,0,22,-9.89807959641,5.0271130276e-05,20,0,0.538777954508,0.027027027027,0.06,0.05,20261212,1000,simple_null_vs_simple_alternative
fair_null,819,0,22,-9.93255602594,4.85674975278e-05,20,0,0.541084274932,0.027027027027,0.06,0.05,20261212,1000,simple_null_vs_simple_alternative
fair_null,820,0,22,-9.96703245547,4.69215990004e-05,20,0,0.543387314672,0.027027027027,0.06,0.05,20261212,1000,simple_null_vs_simple_alternative
fair_null,821,0,22,-10.001508885,4.53314781454e-05,20,0,0.545687004593,0.027027027027,0.06,0.05,20261212,1000,simple_null_vs_simple_alternative
fair_null,822,0,22,-10.0359853145,4.37952447194e-05,20,0,0.547983276056,0.027027027027,0.06,0.05,20261212,1000,simple_null_vs_simple_alternative
fair_null,823,0,22,-10.0704617441,4.23110725372e-05,20,0,0.550276060923,0.027027027027,0.06,0.05,20261212,1000,simple_null_vs_simple_alternative
fair_null,824,0,22,-10.1049381736,4.08771973013e-05,20,0,0.552565291565,0.027027027027,0.06,0.05,20261212,1000,simple_null_vs_simple_alternative
fair_null,825,0,22,-10.1394146031,3.94919145038e-05,20,0,0.55485090086,0.027027027027,0.06,0.05,20261212,1000,simple_null_vs_simple_alternative
fair_null,826,0,22,-10.1738910326,3.81535774012e-05,20,0,0.557132822201,0.027027027027,0.06,0.05,20261212,1000,simple_null_vs_simple_alternative
fair_null,827,0,22,-10.2083674622,3.68605950559e-05,20,0,0.5594109895,0.027027027027,0.06,0.05,20261212,1000,simple_null_vs_simple_alternative
fair_null,828,0,22,-10.2428438917,3.56114304457e-05,20,0,0.56168533719,0.027027027027,0.06,0.05,20261212,1000,simple_null_vs_simple_alternative
fair_null,829,1,23,-9.44533669582,7.90573755895e-05,20,0,0.478400624713,0.027027027027,0.06,0.05,20261212,1000,simple_null_vs_simple_alternative
fair_null,830,0,23,-9.47981312535,7.63782089723e-05,20,0,0.480712926754,0.027027027027,0.06,0.05,20261212,1000,simple_null_vs_simple_alternative
fair_null,831,0,23,-9.51428955488,7.37898363349e-05,20,0,0.483023991277,0.027027027027,0.06,0.05,20261212,1000,simple_null_vs_simple_alternative
fair_null,832,0,23,-9.54876598441,7.12891807702e-05,20,0,0.485333743266,0.027027027027,0.06,0.05,20261212,1000,simple_null_vs_simple_alternative
fair_null,833,0,23,-9.58324241394,6.88732696441e-05,20,0,0.487642108016,0.027027027027,0.06,0.05,20261212,1000,simple_null_vs_simple_alternative
fair_null,834,0,23,-9.61771884347,6.65392310617e-05,20,0,0.489949011143,0.027027027027,0.06,0.05,20261212,1000,simple_null_vs_simple_alternative
fair_null,835,0,23,-9.652195273,6.42842904535e-05,20,0,0.492254378587,0.027027027027,0.06,0.05,20261212,1000,simple_null_vs_simple_alternative
fair_null,836,0,23,-9.68667170253,6.2105767277e-05,20,0,0.494558136619,0.027027027027,0.06,0.05,20261212,1000,simple_null_vs_simple_alternative
fair_null,837,0,23,-9.72114813206,6.00010718304e-05,20,0,0.496860211848,0.027027027027,0.06,0.05,20261212,1000,simple_null_vs_simple_alternative
fair_null,838,0,23,-9.75562456159,5.79677021739e-05,20,0,0.499160531224,0.027027027027,0.06,0.05,20261212,1000,simple_null_vs_simple_alternative
fair_null,839,0,23,-9.79010099112,5.60032411558e-05,20,0,0.501459022047,0.027027027027,0.06,0.05,20261212,1000,simple_null_vs_simple_alternative
fair_null,840,0,23,-9.82457742065,5.41053535389e-05,20,0,0.503755611972,0.027027027027,0.06,0.05,20261212,1000,simple_null_vs_simple_alternative
fair_null,841,0,23,-9.85905385018,5.22717832245e-05,20,0,0.506050229011,0.027027027027,0.06,0.05,20261212,1000,simple_null_vs_simple_alternative
fair_null,842,0,23,-9.89353027971,5.05003505708e-05,20,0,0.508342801545,0.027027027027,0.06,0.05,20261212,1000,simple_null_vs_simple_alternative
fair_null,843,0,23,-9.92800670924,4.87889498014e-05,20,0,0.510633258323,0.027027027027,0.06,0.05,20261212,1000,simple_null_vs_simple_alternative
fair_null,844,0,23,-9.96248313877,4.71355465026e-05,20,0,0.512921528471,0.027027027027,0.06,0.05,20261212,1000,simple_null_vs_simple_alternative
fair_null,845,0,23,-9.9969595683,4.55381752045e-05,20,0,0.515207541497,0.027027027027,0.06,0.05,20261212,1000,simple_null_vs_simple_alternative
fair_null,846,0,23,-10.0314359978,4.39949370448e-05,20,0,0.517491227296,0.027027027027,0.06,0.05,20261212,1000,simple_null_vs_simple_alternative
fair_null,847,0,23,-10.0659124274,4.25039975116e-05,20,0,0.519772516154,0.027027027027,0.06,0.05,20261212,1000,simple_null_vs_simple_alternative
fair_null,848,0,23,-10.1003888569,4.10635842626e-05,20,0,0.522051338753,0.027027027027,0.06,0.05,20261212,1000,simple_null_vs_simple_alternative
fair_null,849,0,23,-10.1348652864,3.96719850181e-05,20,0,0.52432762618,0.027027027027,0.06,0.05,20261212,1000,simple_null_vs_simple_alternative
fair_null,850,0,23,-10.169341716,3.83275455258e-05,20,0,0.526601309924,0.027027027027,0.06,0.05,20261212,1000,simple_null_vs_simple_alternative
fair_null,851,0,23,-10.2038181455,3.70286675941e-05,20,0,0.528872321889,0.027027027027,0.06,0.05,20261212,1000,simple_null_vs_simple_alternative
fair_null,852,0,23,-10.238294575,3.57738071923e-05,20,0,0.531140594395,0.027027027027,0.06,0.05,20261212,1000,simple_null_vs_simple_alternative
fair_null,853,0,23,-10.2727710045,3.45614726153e-05,20,0,0.533406060182,0.027027027027,0.06,0.05,20261212,1000,simple_null_vs_simple_alternative
fair_null,854,0,23,-10.3072474341,3.339022271e-05,20,0,0.535668652414,0.027027027027,0.06,0.05,20261212,1000,simple_null_vs_simple_alternative
fair_null,855,0,23,-10.3417238636,3.22586651626e-05,20,0,0.537928304688,0.027027027027,0.06,0.05,20261212,1000,simple_null_vs_simple_alternative
fair_null,856,0,23,-10.3762002931,3.11654548432e-05,20,0,0.540184951032,0.027027027027,0.06,0.05,20261212,1000,simple_null_vs_simple_alternative
fair_null,857,0,23,-10.4106767227,3.01092922068e-05,20,0,0.542438525916,0.027027027027,0.06,0.05,20261212,1000,simple_null_vs_simple_alternative
fair_null,858,0,23,-10.4451531522,2.90889217487e-05,20,0,0.544688964249,0.027027027027,0.06,0.05,20261212,1000,simple_null_vs_simple_alternative
fair_null,859,0,23,-10.4796295817,2.81031305117e-05,20,0,0.54693620139,0.027027027027,0.06,0.05,20261212,1000,simple_null_vs_simple_alternative
fair_null,860,0,23,-10.5141060113,2.71507466443e-05,20,0,0.549180173146,0.027027027027,0.06,0.05,20261212,1000,simple_null_vs_simple_alternative
fair_null,861,0,23,-10.5485824408,2.6230638008e-05,20,0,0.551420815783,0.027027027027,0.06,0.05,20261212,1000,simple_null_vs_simple_alternative
fair_null,862,0,23,-10.5830588703,2.53417108311e-05,20,0,0.553658066022,0.027027027027,0.06,0.05,20261212,1000,simple_null_vs_simple_alternative
fair_null,863,0,23,-10.6175352998,2.44829084085e-05,20,0,0.555891861048,0.027027027027,0.06,0.05,20261212,1000,simple_null_vs_simple_alternative
fair_null,864,0,23,-10.6520117294,2.36532098458e-05,20,0,0.558122138513,0.027027027027,0.06,0.05,20261212,1000,simple_null_vs_simple_alternative
fair_null,865,0,23,-10.6864881589,2.28516288454e-05,20,0,0.560348836538,0.027027027027,0.06,0.05,20261212,1000,simple_null_vs_simple_alternative
fair_null,866,0,23,-10.7209645884,2.20772125346e-05,20,0,0.562571893718,0.027027027027,0.06,0.05,20261212,1000,simple_null_vs_simple_alternative
fair_null,867,0,23,-10.755441018,2.1329040332e-05,20,0,0.564791249124,0.027027027027,0.06,0.05,20261212,1000,simple_null_vs_simple_alternative
fair_null,868,0,23,-10.7899174475,2.06062228541e-05,20,0,0.56700684231,0.027027027027,0.06,0.05,20261212,1000,simple_null_vs_simple_alternative
fair_null,869,0,23,-10.824393877,1.99079008574e-05,20,0,0.569218613311,0.027027027027,0.06,0.05,20261212,1000,simple_null_vs_simple_alternative
fair_null,870,0,23,-10.8588703066,1.92332442172e-05,20,0,0.571426502649,0.027027027027,0.06,0.05,20261212,1000,simple_null_vs_simple_alternative
fair_null,871,0,23,-10.8933467361,1.85814509409e-05,20,0,0.573630451339,0.027027027027,0.06,0.05,20261212,1000,simple_null_vs_simple_alternative
fair_null,872,0,23,-10.9278231656,1.79517462146e-05,20,0,0.575830400886,0.027027027027,0.06,0.05,20261212,1000,simple_null_vs_simple_alternative
fair_null,873,0,23,-10.9622995951,1.73433814818e-05,20,0,0.578026293292,0.027027027027,0.06,0.05,20261212,1000,simple_null_vs_simple_alternative
fair_null,874,0,23,-10.9967760247,1.67556335538e-05,20,0,0.580218071059,0.027027027027,0.06,0.05,20261212,1000,simple_null_vs_simple_alternative
fair_null,875,0,23,-11.0312524542,1.618780375e-05,20,0,0.582405677189,0.027027027027,0.06,0.05,20261212,1000,simple_null_vs_simple_alternative
fair_null,876,0,23,-11.0657288837,1.56392170674e-05,20,0,0.584589055191,0.027027027027,0.06,0.05,20261212,1000,simple_null_vs_simple_alternative
fair_null,877,0,23,-11.1002053133,1.51092213779e-05,20,0,0.586768149078,0.027027027027,0.06,0.05,20261212,1000,simple_null_vs_simple_alternative
fair_null,878,0,23,-11.1346817428,1.45971866534e-05,20,0,0.588942903376,0.027027027027,0.06,0.05,20261212,1000,simple_null_vs_simple_alternative
fair_null,879,0,23,-11.1691581723,1.41025042168e-05,20,0,0.591113263122,0.027027027027,0.06,0.05,20261212,1000,simple_null_vs_simple_alternative
fair_null,880,0,23,-11.2036346019,1.36245860184e-05,20,0,0.593279173865,0.027027027027,0.06,0.05,20261212,1000,simple_null_vs_simple_alternative
fair_null,881,1,24,-10.406127406,3.02465809607e-05,20,0,0.512649265093,0.027027027027,0.06,0.05,20261212,1000,simple_null_vs_simple_alternative
fair_null,882,0,24,-10.4406038355,2.92215579393e-05,20,0,0.514886868244,0.027027027027,0.06,0.05,20261212,1000,simple_null_vs_simple_alternative
fair_null,883,0,24,-10.475080265,2.82312718091e-05,20,0,0.517122288917,0.027027027027,0.06,0.05,20261212,1000,simple_null_vs_simple_alternative
fair_null,884,0,24,-10.5095566946,2.72745453756e-05,20,0,0.519355461524,0.027027027027,0.06,0.05,20261212,1000,simple_null_vs_simple_alternative
fair_null,885,0,24,-10.5440331241,2.63502413379e-05,20,0,0.521586320834,0.027027027027,0.06,0.05,20261212,1000,simple_null_vs_simple_alternative
fair_null,886,0,24,-10.5785095536,2.5457260937e-05,20,0,0.523814801978,0.027027027027,0.06,0.05,20261212,1000,simple_null_vs_simple_alternative
fair_null,887,0,24,-10.6129859831,2.45945426497e-05,20,0,0.526040840454,0.027027027027,0.06,0.05,20261212,1000,simple_null_vs_simple_alternative
fair_null,888,1,25,-9.81547878726,5.45998846823e-05,20,0,0.445993700117,0.027027027027,0.06,0.05,20261212,1000,simple_null_vs_simple_alternative
fair_null,889,0,25,-9.84995521679,5.27495552569e-05,20,0,0.448217231793,0.027027027027,0.06,0.05,20261212,1000,simple_null_vs_simple_alternative
fair_null,890,1,26,-9.05244802091,0.00011710401267,20,0,0.371285439619,0.027027027027,0.06,0.05,20261212,1000,simple_null_vs_simple_alternative
fair_null,891,0,26,-9.08692445044,0.000113135487797,20,0,0.373424770819,0.027027027027,0.06,0.05,20261212,1000,simple_null_vs_simple_alternative
fair_null,892,0,26,-9.12140087997,0.000109301451821,20,0,0.375566372078,0.027027027027,0.06,0.05,20261212,1000,simple_null_vs_simple_alternative
fair_null,893,0,26,-9.1558773095,0.000105597347065,20,0,0.377710176425,0.027027027027,0.06,0.05,20261212,1000,simple_null_vs_simple_alternative
fair_null,894,0,26,-9.19035373903,0.000102018770303,20,0,0.379856116832,0.027027027027,0.06,0.05,20261212,1000,simple_null_vs_simple_alternative
fair_null,895,0,26,-9.22483016856,9.8561467532e-05,20,0,0.382004126228,0.027027027027,0.06,0.05,20261212,1000,simple_null_vs_simple_alternative
fair_null,896,0,26,-9.25930659809,9.52213289101e-05,20,0,0.384154137496,0.027027027027,0.06,0.05,20261212,1000,simple_null_vs_simple_alternative
fair_null,897,0,26,-9.29378302762,9.19943838748e-05,20,0,0.386306083487,0.027027027027,0.06,0.05,20261212,1000,simple_null_vs_simple_alternative
fair_null,898,0,26,-9.32825945715,8.88767964213e-05,20,0,0.388459897024,0.027027027027,0.06,0.05,20261212,1000,simple_null_vs_simple_alternative
fair_null,899,0,26,-9.36273588668,8.58648605426e-05,20,0,0.390615510906,0.027027027027,0.06,0.05,20261212,1000,simple_null_vs_simple_alternative
fair_null,900,0,26,-9.39721231621,8.29549958242e-05,20,0,0.392772857918,0.027027027027,0.06,0.05,20261212,1000,simple_null_vs_simple_alternative
fair_null,901,0,26,-9.43168874574,8.01437431879e-05,20,0,0.394931870836,0.027027027027,0.06,0.05,20261212,1000,simple_null_vs_simple_alternative
fair_null,902,0,26,-9.46616517527,7.74277607799e-05,20,0,0.39709248243,0.027027027027,0.06,0.05,20261212,1000,simple_null_vs_simple_alternative
fair_null,903,0,26,-9.5006416048,7.48038199979e-05,20,0,0.399254625476,0.027027027027,0.06,0.05,20261212,1000,simple_null_vs_simple_alternative
fair_null,904,0,26,-9.53511803433,7.22688016535e-05,20,0,0.401418232757,0.027027027027,0.06,0.05,20261212,1000,simple_null_vs_simple_alternative
fair_null,905,0,26,-9.56959446386,6.98196922641e-05,20,0,0.403583237072,0.027027027027,0.06,0.05,20261212,1000,simple_null_vs_simple_alternative
fair_null,906,0,26,-9.60407089339,6.74535804708e-05,20,0,0.405749571243,0.027027027027,0.06,0.05,20261212,1000,simple_null_vs_simple_alternative
fair_null,907,0,26,-9.63854732292,6.5167653577e-05,20,0,0.407917168117,0.027027027027,0.06,0.05,20261212,1000,simple_null_vs_simple_alternative
fair_null,908,0,26,-9.67302375245,6.29591942058e-05,20,0,0.410085960577,0.027027027027,0.06,0.05,20261212,1000,simple_null_vs_simple_alternative
fair_null,909,0,26,-9.70750018198,6.08255770688e-05,20,0,0.412255881544,0.027027027027,0.06,0.05,20261212,1000,simple_null_vs_simple_alternative
fair_null,910,0,26,-9.74197661151,5.87642658459e-05,20,0,0.414426863987,0.027027027027,0.06,0.05,20261212,1000,simple_null_vs_simple_alternative
fair_null,911,0,26,-9.77645304104,5.677281017e-05,20,0,0.416598840925,0.027027027027,0.06,0.05,20261212,1000,simple_null_vs_simple_alternative
fair_null,912,0,26,-9.81092947057,5.48488427143e-05,20,0,0.418771745435,0.027027027027,0.06,0.05,20261212,1000,simple_null_vs_simple_alternative
fair_null,913,0,26,-9.8454059001,5.29900763779e-05,20,0,0.420945510659,0.027027027027,0.06,0.05,20261212,1000,simple_null_vs_simple_alternative
fair_null,914,0,26,-9.87988232963,5.11943015673e-05,20,0,0.423120069807,0.027027027027,0.06,0.05,20261212,1000,simple_null_vs_simple_alternative
fair_null,915,0,26,-9.91435875916,4.94593835697e-05,20,0,0.425295356166,0.027027027027,0.06,0.05,20261212,1000,simple_null_vs_simple_alternative
fair_null,916,0,26,-9.94883518869,4.77832600154e-05,20,0,0.427471303104,0.027027027027,0.06,0.05,20261212,1000,simple_null_vs_simple_alternative
fair_null,917,0,26,-9.98331161822,4.6163938426e-05,20,0,0.429647844076,0.027027027027,0.06,0.05,20261212,1000,simple_null_vs_simple_alternative
fair_null,918,0,26,-10.0177880477,4.4599493846e-05,20,0,0.431824912631,0.027027027027,0.06,0.05,20261212,1000,simple_null_vs_simple_alternative
fair_null,919,0,26,-10.0522644773,4.30880665546e-05,20,0,0.434002442415,0.027027027027,0.06,0.05,20261212,1000,simple_null_vs_simple_alternative
fair_null,920,0,26,-10.0867409068,4.16278598547e-05,20,0,0.43618036718,0.027027027027,0.06,0.05,20261212,1000,simple_null_vs_simple_alternative
fair_null,921,0,26,-10.1212173363,4.02171379374e-05,20,0,0.438358620787,0.027027027027,0.06,0.05,20261212,1000,simple_null_vs_simple_alternative
fair_null,922,0,26,-10.1556937659,3.88542238184e-05,20,0,0.440537137215,0.027027027027,0.06,0.05,20261212,1000,simple_null_vs_simple_alternative
fair_null,923,0,26,-10.1901701954,3.75374973445e-05,20,0,0.442715850561,0.027027027027,0.06,0.05,20261212,1000,simple_null_vs_simple_alternative
fair_null,924,0,26,-10.2246466249,3.62653932678e-05,20,0,0.444894695053,0.027027027027,0.06,0.05,20261212,1000,simple_null_vs_simple_alternative
fair_null,925,0,26,-10.2591230545,3.50363993849e-05,20,0,0.447073605049,0.027027027027,0.06,0.05,20261212,1000,simple_null_vs_simple_alternative
fair_null,926,0,26,-10.293599484,3.38490547391e-05,20,0,0.449252515044,0.027027027027,0.06,0.05,20261212,1000,simple_null_vs_simple_alternative
fair_null,927,0,26,-10.3280759135,3.2701947884e-05,20,0,0.451431359679,0.027027027027,0.06,0.05,20261212,1000,simple_null_vs_simple_alternative
fair_null,928,0,26,-10.362552343,3.15937152057e-05,20,0,0.453610073743,0.027027027027,0.06,0.05,20261212,1000,simple_null_vs_simple_alternative
fair_null,929,0,26,-10.3970287726,3.05230393015e-05,20,0,0.455788592179,0.027027027027,0.06,0.05,20261212,1000,simple_null_vs_simple_alternative
fair_null,930,0,26,-10.4315052021,2.94886474141e-05,20,0,0.457966850088,0.027027027027,0.06,0.05,20261212,1000,simple_null_vs_simple_alternative
fair_null,931,0,26,-10.4659816316,2.84893099184e-05,20,0,0.460144782739,0.027027027027,0.06,0.05,20261212,1000,simple_null_vs_simple_alternative
fair_null,932,0,26,-10.5004580612,2.752383886e-05,20,0,0.462322325568,0.027027027027,0.06,0.05,20261212,1000,simple_null_vs_simple_alternative
fair_null,933,0,26,-10.5349344907,2.65910865431e-05,20,0,0.464499414188,0.027027027027,0.06,0.05,20261212,1000,simple_null_vs_simple_alternative
fair_null,934,0,26,-10.5694109202,2.56899441658e-05,20,0,0.466675984393,0.027027027027,0.06,0.05,20261212,1000,simple_null_vs_simple_alternative
fair_null,935,0,26,-10.6038873498,2.48193405024e-05,20,0,0.468851972159,0.027027027027,0.06,0.05,20261212,1000,simple_null_vs_simple_alternative
fair_null,936,0,26,-10.6383637793,2.39782406298e-05,20,0,0.471027313656,0.027027027027,0.06,0.05,20261212,1000,simple_null_vs_simple_alternative
fair_null,937,0,26,-10.6728402088,2.31656446974e-05,20,0,0.473201945249,0.027027027027,0.06,0.05,20261212,1000,simple_null_vs_simple_alternative
fair_null,938,0,26,-10.7073166383,2.23805867382e-05,20,0,0.475375803501,0.027027027027,0.06,0.05,20261212,1000,simple_null_vs_simple_alternative
fair_null,939,0,26,-10.7417930679,2.1622133521e-05,20,0,0.477548825184,0.027027027027,0.06,0.05,20261212,1000,simple_null_vs_simple_alternative
fair_null,940,0,26,-10.7762694974,2.08893834405e-05,20,0,0.479720947278,0.027027027027,0.06,0.05,20261212,1000,simple_null_vs_simple_alternative
fair_null,941,0,26,-10.8107459269,2.01814654462e-05,20,0,0.481892106979,0.027027027027,0.06,0.05,20261212,1000,simple_null_vs_simple_alternative
fair_null,942,0,26,-10.8452223565,1.9497538006e-05,20,0,0.484062241702,0.027027027027,0.06,0.05,20261212,1000,simple_null_vs_simple_alternative
fair_null,943,0,26,-10.879698786,1.88367881069e-05,20,0,0.486231289086,0.027027027027,0.06,0.05,20261212,1000,simple_null_vs_simple_alternative
fair_null,944,0,26,-10.9141752155,1.81984302878e-05,20,0,0.488399187002,0.027027027027,0.06,0.05,20261212,1000,simple_null_vs_simple_alternative
fair_null,945,0,26,-10.9486516451,1.75817057058e-05,20,0,0.490565873553,0.027027027027,0.06,0.05,20261212,1000,simple_null_vs_simple_alternative
fair_null,946,0,26,-10.9831280746,1.69858812346e-05,20,0,0.492731287079,0.027027027027,0.06,0.05,20261212,1000,simple_null_vs_simple_alternative
fair_null,947,0,26,-11.0176045041,1.64102485928e-05,20,0,0.494895366167,0.027027027027,0.06,0.05,20261212,1000,simple_null_vs_simple_alternative
fair_null,948,0,26,-11.0520809336,1.58541235016e-05,20,0,0.497058049647,0.027027027027,0.06,0.05,20261212,1000,simple_null_vs_simple_alternative
fair_null,949,0,26,-11.0865573632,1.53168448718e-05,20,0,0.499219276604,0.027027027027,0.06,0.05,20261212,1000,simple_null_vs_simple_alternative
fair_null,950,0,26,-11.1210337927,1.47977740178e-05,20,0,0.501378986378,0.027027027027,0.06,0.05,20261212,1000,simple_null_vs_simple_alternative
fair_null,951,0,26,-11.1555102222,1.42962938983e-05,20,0,0.503537118571,0.027027027027,0.06,0.05,20261212,1000,simple_null_vs_simple_alternative
fair_null,952,0,26,-11.1899866518,1.38118083829e-05,20,0,0.505693613047,0.027027027027,0.06,0.05,20261212,1000,simple_null_vs_simple_alternative
fair_null,953,0,26,-11.2244630813,1.33437415433e-05,20,0,0.507848409941,0.027027027027,0.06,0.05,20261212,1000,simple_null_vs_simple_alternative
fair_null,954,0,26,-11.2589395108,1.28915369687e-05,20,0,0.510001449662,0.027027027027,0.06,0.05,20261212,1000,simple_null_vs_simple_alternative
fair_null,955,0,26,-11.2934159404,1.24546571048e-05,20,0,0.512152672895,0.027027027027,0.06,0.05,20261212,1000,simple_null_vs_simple_alternative
fair_null,956,0,26,-11.3278923699,1.2032582614e-05,20,0,0.514302020606,0.027027027027,0.06,0.05,20261212,1000,simple_null_vs_simple_alternative
fair_null,957,0,26,-11.3623687994,1.16248117588e-05,20,0,0.516449434047,0.027027027027,0.06,0.05,20261212,1000,simple_null_vs_simple_alternative
fair_null,958,0,26,-11.3968452289,1.12308598047e-05,20,0,0.518594854761,0.027027027027,0.06,0.05,20261212,1000,simple_null_vs_simple_alternative
fair_null,959,0,26,-11.4313216585,1.08502584447e-05,20,0,0.520738224582,0.027027027027,0.06,0.05,20261212,1000,simple_null_vs_simple_alternative
fair_null,960,0,26,-11.465798088,1.04825552418e-05,20,0,0.522879485641,0.027027027027,0.06,0.05,20261212,1000,simple_null_vs_simple_alternative
fair_null,961,0,26,-11.5002745175,1.0127313092e-05,20,0,0.525018580371,0.027027027027,0.06,0.05,20261212,1000,simple_null_vs_simple_alternative
fair_null,962,0,26,-11.5347509471,9.78410970385e-06,20,0,0.527155451511,0.027027027027,0.06,0.05,20261212,1000,simple_null_vs_simple_alternative
fair_null,963,0,26,-11.5692273766,9.45253709722e-06,20,0,0.529290042104,0.027027027027,0.06,0.05,20261212,1000,simple_null_vs_simple_alternative
fair_null,964,0,26,-11.6037038061,9.13220111781e-06,20,0,0.53142229551,0.027027027027,0.06,0.05,20261212,1000,simple_null_vs_simple_alternative
fair_null,965,0,26,-11.6381802357,8.82272096882e-06,20,0,0.533552155402,0.027027027027,0.06,0.05,20261212,1000,simple_null_vs_simple_alternative
fair_null,966,0,26,-11.6726566652,8.52372875821e-06,20,0,0.53567956577,0.027027027027,0.06,0.05,20261212,1000,simple_null_vs_simple_alternative
fair_null,967,0,26,-11.7071330947,8.2348690614e-06,20,0,0.537804470931,0.027027027027,0.06,0.05,20261212,1000,simple_null_vs_simple_alternative
fair_null,968,0,26,-11.7416095242,7.95579849877e-06,20,0,0.539926815524,0.027027027027,0.06,0.05,20261212,1000,simple_null_vs_simple_alternative
fair_null,969,0,26,-11.7760859538,7.68618532742e-06,20,0,0.54204654452,0.027027027027,0.06,0.05,20261212,1000,simple_null_vs_simple_alternative
fair_null,970,0,26,-11.8105623833,7.42570904688e-06,20,0,0.54416360322,0.027027027027,0.06,0.05,20261212,1000,simple_null_vs_simple_alternative
fair_null,971,0,26,-11.8450388128,7.17406001807e-06,20,0,0.546277937263,0.027027027027,0.06,0.05,20261212,1000,simple_null_vs_simple_alternative
fair_null,972,0,26,-11.8795152424,6.93093909523e-06,20,0,0.548389492626,0.027027027027,0.06,0.05,20261212,1000,simple_null_vs_simple_alternative
fair_null,973,0,26,-11.9139916719,6.69605727034e-06,20,0,0.550498215628,0.027027027027,0.06,0.05,20261212,1000,simple_null_vs_simple_alternative
fair_null,974,0,26,-11.9484681014,6.46913532951e-06,20,0,0.552604052932,0.027027027027,0.06,0.05,20261212,1000,simple_null_vs_simple_alternative
fair_null,975,0,26,-11.982944531,6.24990352112e-06,20,0,0.554706951553,0.027027027027,0.06,0.05,20261212,1000,simple_null_vs_simple_alternative
fair_null,976,0,26,-12.0174209605,6.03810123513e-06,20,0,0.556806858852,0.027027027027,0.06,0.05,20261212,1000,simple_null_vs_simple_alternative
fair_null,977,0,26,-12.05189739,5.83347669327e-06,20,0,0.558903722548,0.027027027027,0.06,0.05,20261212,1000,simple_null_vs_simple_alternative
fair_null,978,0,26,-12.0863738195,5.63578664978e-06,20,0,0.560997490715,0.027027027027,0.06,0.05,20261212,1000,simple_null_vs_simple_alternative
fair_null,979,0,26,-12.1208502491,5.4447961022e-06,20,0,0.563088111787,0.027027027027,0.06,0.05,20261212,1000,simple_null_vs_simple_alternative
fair_null,980,0,26,-12.1553266786,5.26027801207e-06,20,0,0.565175534561,0.027027027027,0.06,0.05,20261212,1000,simple_null_vs_simple_alternative
fair_null,981,0,26,-12.1898031081,5.082013035e-06,20,0,0.567259708197,0.027027027027,0.06,0.05,20261212,1000,simple_null_vs_simple_alternative
fair_null,982,0,26,-12.2242795377,4.90978925992e-06,20,0,0.569340582226,0.027027027027,0.06,0.05,20261212,1000,simple_null_vs_simple_alternative
fair_null,983,0,26,-12.2587559672,4.74340195722e-06,20,0,0.571418106547,0.027027027027,0.06,0.05,20261212,1000,simple_null_vs_simple_alternative
fair_null,984,0,26,-12.2932323967,4.58265333534e-06,20,0,0.573492231432,0.027027027027,0.06,0.05,20261212,1000,simple_null_vs_simple_alternative
fair_null,985,0,26,-12.3277088263,4.42735230564e-06,20,0,0.575562907528,0.027027027027,0.06,0.05,20261212,1000,simple_null_vs_simple_alternative
fair_null,986,0,26,-12.3621852558,4.27731425529e-06,20,0,0.57763008586,0.027027027027,0.06,0.05,20261212,1000,simple_null_vs_simple_alternative
fair_null,987,0,26,-12.3966616853,4.13236082774e-06,20,0,0.579693717834,0.027027027027,0.06,0.05,20261212,1000,simple_null_vs_simple_alternative
fair_null,988,0,26,-12.4311381148,3.9923197108e-06,20,0,0.581753755236,0.027027027027,0.06,0.05,20261212,1000,simple_null_vs_simple_alternative
fair_null,989,0,26,-12.4656145444,3.85702443172e-06,20,0,0.583810150238,0.027027027027,0.06,0.05,20261212,1000,simple_null_vs_simple_alternative
fair_null,990,0,26,-12.5000909739,3.72631415931e-06,20,0,0.585862855398,0.027027027027,0.06,0.05,20261212,1000,simple_null_vs_simple_alternative
fair_null,991,0,26,-12.5345674034,3.6000335128e-06,20,0,0.587911823663,0.027027027027,0.06,0.05,20261212,1000,simple_null_vs_simple_alternative
fair_null,992,0,26,-12.569043833,3.47803237709e-06,20,0,0.589957008371,0.027027027027,0.06,0.05,20261212,1000,simple_null_vs_simple_alternative
fair_null,993,0,26,-12.6035202625,3.36016572431e-06,20,0,0.591998363252,0.027027027027,0.06,0.05,20261212,1000,simple_null_vs_simple_alternative
fair_null,994,0,26,-12.637996692,3.24629344143e-06,20,0,0.594035842431,0.027027027027,0.06,0.05,20261212,1000,simple_null_vs_simple_alternative
fair_null,995,0,26,-12.6724731216,3.13628016369e-06,20,0,0.59606940043,0.027027027027,0.06,0.05,20261212,1000,simple_null_vs_simple_alternative
fair_null,996,0,26,-12.7069495511,3.0299951137e-06,20,0,0.59809899217,0.027027027027,0.06,0.05,20261212,1000,simple_null_vs_simple_alternative
fair_null,997,0,26,-12.7414259806,2.92731194596e-06,20,0,0.60012457297,0.027027027027,0.06,0.05,20261212,1000,simple_null_vs_simple_alternative
fair_null,998,0,26,-12.7759024101,2.82810859668e-06,20,0,0.602146098554,0.027027027027,0.06,0.05,20261212,1000,simple_null_vs_simple_alternative
fair_null,999,0,26,-12.8103788397,2.73226713868e-06,20,0,0.604163525047,0.027027027027,0.06,0.05,20261212,1000,simple_null_vs_simple_alternative
fair_null,1000,0,26,-12.8448552692,2.6396736412e-06,20,0,0.60617680898,0.027027027027,0.06,0.05,20261212,1000,simple_null_vs_simple_alternative
